"Txn Hash","Blockno","UnixTimestamp","DateTime (UTC)","Action","Buyer","NFT","Token ID","Type","Quantity","Price","Market"
"0x26f63f65996b768dde65122b2dd63c3c19502a342d779d7815e24a17d06da1d2","17595738","1688172371","2023-07-01 00:46:11","Bought","0x93246fda583471bce8b3d5a7d5d34feaebb4a399","BoredApeYachtClub","4654","721","1","35.03 Blur Pool ($67,408.23)","Blur"
"0x20284e3abc02585c078dfdc08d35b251812ac648b75704f748b2344090062320","17595911","1688174447","2023-07-01 01:20:47","Bought","0x4341f1bdd076760013ffc1aeff9fcf1c2c815fab","BoredApeYachtClub","955","721","1","34.8 ETH ($66,965.64)","X2Y2"
"0x817a2cc632c1e9eed3d82a8f3818decd612fd3e8d817d81bd61fec39317bc51b","17596506","1688181659","2023-07-01 03:20:59","Bought","0x242559cceece552cc790bd3f2f9d890921ed6125","BoredApeYachtClub","9118","721","1","41.75 ETH ($80,339.53)","X2Y2"
"0xef7fe505559a10c450aa3480581135acdb8bbef156a977958446f997bf4daf7c","17596519","1688181815","2023-07-01 03:23:35","Bought","0x7a349a913243c84b428ccae73f1a6636235b151a","BoredApeYachtClub","3230","721","1","34.86 Blur Pool ($67,081.10)","Blur"
"0x9c5bfce5d1f02a210b75f03b9007dfa88df25932642bad5161ba5b721b6c0516","17596774","1688184923","2023-07-01 04:15:23","Bought","0xe9c7cb70edbe9a907c5242234f65dbb418f3c827","BoredApeYachtClub","9229","721","1","35.25 Blur Pool ($67,831.58)","Blur"
"0xdca9c6434677861a825d5279725947e349bf95756cefddcb594627c39f077ad0","17596956","1688187119","2023-07-01 04:51:59","Bought","0xa8189c566c8b602e23b016da819c11dae50160d6","BoredApeYachtClub","9281","721","1","35.07 Blur Pool ($67,485.20)","Blur"
"0x33d9696c396605fdc608a8004f7691ec7dcd173cb0f7774dea1456cc7fd3d3e2","17596977","1688187383","2023-07-01 04:56:23","Bought","0xa8a384fcda7b5ea26bc51e9c33ae77cdbc89ca14","BoredApeYachtClub","955","721","1","36 ETH ($69,274.80)","OpenSea"
"0x2256916c8eb00685e7545b341d9cff211c9514862e383b542d8f92ba63199389","17597776","1688197103","2023-07-01 07:38:23","Bought","0x3dd355a3f38118dfb842029ef27bacba40d3c126","BoredApeYachtClub","2330","721","1","35.22 Blur Pool ($67,773.85)","Blur"
"0x2256916c8eb00685e7545b341d9cff211c9514862e383b542d8f92ba63199389","17597776","1688197103","2023-07-01 07:38:23","Bought","0x3dd355a3f38118dfb842029ef27bacba40d3c126","BoredApeYachtClub","8177","721","1","35.22 Blur Pool ($67,773.85)","Blur"
"0x437b4426e140a313328df36f39270d1fa2e31812c7dbed3cfede7b22cb035989","17599771","1688221391","2023-07-01 14:23:11","Bought","0x50d089792b78d86f20f58fc3b70afc3f5839b778","BoredApeYachtClub","6204","721","1","34.99 Blur Pool ($67,331.26)","Blur"
"0xb07dc73435b9ff58362b75867112b08405ac7783c595782d89c403f2f7b0022a","17600119","1688225591","2023-07-01 15:33:11","Bought","0xf1281079c5d0f27aeca7aa4c12167437d571c2b7","BoredApeYachtClub","3997","721","1","39.95 ETH ($76,875.79)","OpenSea"
"0xe62141a3c59f79da75b7bd095985aa20e81befbde01e87e446d28981e3fea697","17600274","1688227487","2023-07-01 16:04:47","Bought","0xac3c837d67b4f638c0abbf711327cfd33149cf3d","BoredApeYachtClub","9520","721","1","34 Blur Pool ($65,426.20)","Blur"
"0x04b5ffba79bbed361602b1c0904ae85473a9628dab05d0698dc3286a6a4460f4","17600577","1688231195","2023-07-01 17:06:35","Bought","0xd4e26683635bf3dc9ead5f31b935c33cc1ce1838","BoredApeYachtClub","44","721","1","34.15 Blur Pool ($65,714.85)","Blur"
"0x0cc2aa3b534b2a4eb49fc06e7ab06dfc5e2b943ee98b16f5b3587c4a40131515","17601087","1688237399","2023-07-01 18:49:59","Bought","0x70935beb4d7ed227325d231b607a68cb62476be1","BoredApeYachtClub","1906","721","1","32.34 Blur Pool ($62,231.86)","Blur"
"0xb63f701e7d96746dc67e85798aeb341335e4f51049a74d7a6b305796a9169ef3","17601104","1688237603","2023-07-01 18:53:23","Bought","0x3f2af031ffcd01d2d4811dda6f96a41ab2b91eca","BoredApeYachtClub","2163","721","1","32 Blur Pool ($61,577.60)","Blur"
"0x9e3d91f5b430ef1f6824df005371c6387dd0334088e3970f845339fbd037ff68","17601146","1688238107","2023-07-01 19:01:47","Bought","0xbd3a60b704e16a11691de0936d3dfca2b2828809","BoredApeYachtClub","1479","721","1","31.92 Blur Pool ($61,423.66)","Blur"
"0x8eb4a7e059aab6630523231d00b5f01afc4f97596bbf72220e35e07946d37b4a","17601730","1688245211","2023-07-01 21:00:11","Bought","0x0097b9cfe64455eed479292671a1121f502bc954","BoredApeYachtClub","8584","721","1","30.5 WETH ($58,691.15)","OpenSea"
"0x933d88b5c84bf4e673a6e3cd972ed750855e7deb9032eea70de8b491130ba503","17602044","1688249003","2023-07-01 22:03:23","Bought","0x0097b9cfe64455eed479292671a1121f502bc954","BoredApeYachtClub","4943","721","1","30.51 WETH ($58,710.39)","OpenSea"
"0xf88e943e230d197997f0ed347ded21e6a9e4b5175745dd86a98696d3dac70388","17602153","1688250335","2023-07-01 22:25:35","Bought","0xe712993175126242282fce407c28ae10d9eb6658","BoredApeYachtClub","6572","721","1","35.5 ETH ($68,312.65)","Blur"
"0xeef19b8ab6b1f098aaef35b5a3f89589b7b430ed98390b94d8850799d773c84a","17602327","1688252447","2023-07-01 23:00:47","Bought","0x29ca0fccd978b6e6ab13552cb471aab99b7c1f6d","BoredApeYachtClub","5743","721","1","37.8 WETH ($72,738.54)","OpenSea"
"0xa84c2cee13576af63f6fad8cfa5490769083336f113045d81a5e2edaa9d4866c","17602362","1688252891","2023-07-01 23:08:11","Bought","0x0097b9cfe64455eed479292671a1121f502bc954","BoredApeYachtClub","1981","721","1","32.01 WETH ($61,596.84)","OpenSea"
"0x97ec7ea5ca3a3db21ebb89d6d4447a84268978e9a2ad016c2a03aeb03040f38f","17602403","1688253383","2023-07-01 23:16:23","Bought","0x6d8274742adb06d0ea6e693c71b0379e8c83b73c","BoredApeYachtClub","9301","721","1","32.51 Blur Pool ($62,558.99)","Blur"
"0x7f12419de3b53d57499e6789a0bedb22b102363809b0e7cb54a117fa8c28aeec","17602565","1688255351","2023-07-01 23:49:11","Bought","0x30a07c488ef0dfa5e9a035d2e05a3d1bdcf47b6a","BoredApeYachtClub","4186","721","1","32.52 Blur Pool ($62,578.24)","Blur"
"0xb22af6cc1a3803ec088a9d9cf3f92746e67afa1f4fd77a06c421a7eaf85f97c9","17602728","1688257307","2023-07-02 00:21:47","Bought","0xb37d3b247b871c52828153d90cb0a0694455474e","BoredApeYachtClub","1537","721","1","32.4 Blur Pool ($62,773.06)","Blur"
"0xa1bde163ee833edc6c1dc7cbcfe17b8b5b156653764cb9c6f07f0dda28dd81d4","17602921","1688259647","2023-07-02 01:00:47","Bought","0x96aba1e110b88aa12a4515083b1b4b03969ca23b","BoredApeYachtClub","1269","721","1","32.35 Blur Pool ($62,676.18)","Blur"
"0xf9415fd47dc1eda77b28983284fa97cf380967d986930fe2b3c0d9caa102e560","17603315","1688264399","2023-07-02 02:19:59","Bought","0x0097b9cfe64455eed479292671a1121f502bc954","BoredApeYachtClub","7491","721","1","31.5 WETH ($61,029.36)","OpenSea"
"0x5c47e8a18205d81e3c5cb14d8619941f94c56371c4d5509de4c15e85925c2578","17603497","1688266595","2023-07-02 02:56:35","Bought","0xb7ef760f30d139097ba547bd6f0dfaecbf148452","BoredApeYachtClub","9118","721","1","42.25 ETH ($81,856.84)","X2Y2"
"0x92b82073d982b5bdd3453b879f8702879eb0f8b6d90ad4478bb0955f8ccafd46","17603590","1688267735","2023-07-02 03:15:35","Bought","0x41af51792cdcfab9bdc0239f1d1c274e0b2682ae","BoredApeYachtClub","9964","721","1","31.9998 WETH ($61,997.69)","OpenSea"
"0x5e200f0a354fb7fe58c2fff3aa6257d3ac486d5bd2e224de343ca07eda0b79af","17603829","1688270627","2023-07-02 04:03:47","Bought","0x28a341684fda2f78e19beb0ef3732a5b6b41927a","BoredApeYachtClub","5200","721","1","32.36 Blur Pool ($62,695.56)","Blur"
"0x55f946998010a7c4cff33e61a263a8ac2ab9fad5ef72fc6c7383a89bcf4b8929","17603932","1688271887","2023-07-02 04:24:47","Bought","0x7a85b08c3db735daac873351acaeeabbb5551217","BoredApeYachtClub","1345","721","1","41 ETH ($79,435.04)","OpenSea"
"0x93deab2414b0db8b5149958003c83bf99036d6dbb5b1d1a8019e6261f2e561e1","17604099","1688273915","2023-07-02 04:58:35","Bought","0x86c3628e508d19f96b95971a5dc627643961833c","BoredApeYachtClub","3594","721","1","32.99 ETH ($63,916.15)","Blur"
"0x5b3a9667ea65385561b38e2a68ceedbc2adfb2e18dc093a4f7f55bfae59b0933","17604340","1688276819","2023-07-02 05:46:59","Bought","0x07370f353fe1d14b8becefb6c49b32a993d7d60f","BoredApeYachtClub","2687","721","1","31.92 Blur Pool ($61,843.08)","Blur"
"0xfbc62e081711cbe5c8681ee18cc9827b0e030bd2e1b9992b36b0000d9e596c10","17604367","1688277143","2023-07-02 05:52:23","Bought","0x40779524337ab9d42a58c04999e284b685c5b78d","BoredApeYachtClub","9416","721","1","31.92 Blur Pool ($61,843.08)","Blur"
"0x2a781447cfb74a10424115b247c6681569a44c2bf01eafdab1706955ae86679d","17604413","1688277695","2023-07-02 06:01:35","Bought","0x40779524337ab9d42a58c04999e284b685c5b78d","BoredApeYachtClub","9274","721","1","30 Blur Pool ($58,123.20)","Blur"
"0x6db54e8c78e5beff1df8c99689459c9d687ff031d0afe5836b103c459b4fc34a","17604466","1688278331","2023-07-02 06:12:11","Bought","0x168504e8b2cd7f094e8944ab8d373812ad7cc071","BoredApeYachtClub","9017","721","1","30.19 ETH ($58,491.31)","Blur"
"0x25c1b97f6485dcef593ff58b7c8e077aab39c4ffc7ffeeda60777b0f994b1d9d","17604546","1688279291","2023-07-02 06:28:11","Bought","0x294125ebe0a93815a68e0165935c521275e2dc1e","BoredApeYachtClub","8216","721","1","29.44 Blur Pool ($57,038.23)","Blur"
"0x1fd3bf43ded206c61730668d1c1fc1cadb7f49ef159f932a378aafdf1e899134","17604745","1688281691","2023-07-02 07:08:11","Bought","0x1fef500586a301d843a8049b6fefb920b4888513","BoredApeYachtClub","6661","721","1","30.21 Blur Pool ($58,530.06)","Blur"
"0x1fd3bf43ded206c61730668d1c1fc1cadb7f49ef159f932a378aafdf1e899134","17604745","1688281691","2023-07-02 07:08:11","Bought","0x1fef500586a301d843a8049b6fefb920b4888513","BoredApeYachtClub","7367","721","1","30.2 Blur Pool ($58,510.69)","Blur"
"0x60324f8cbcbe33412ce5f518aee9a971dec27b0811092e2b53f9a256d03f46ff","17604923","1688283863","2023-07-02 07:44:23","Bought","0xa74a457dfd49763a05708f28d46672f19d0b16e1","BoredApeYachtClub","8216","721","1","33.8 ETH ($65,485.47)","Blur"
"0xd83d95b540e6cd8aba770dba66c7fe70c4625522ab1949bb2d1ca45b120bf384","17604950","1688284187","2023-07-02 07:49:47","Bought","0xf65e7be8343965ca1088c5ee937da8dab527e3ad","BoredApeYachtClub","5328","721","1","30.5 ETH ($59,091.92)","Blur"
"0x3c09e22b5c648ac7e18b4233de32c445e757152fe18ab6195beb7022fbac56d6","17604978","1688284523","2023-07-02 07:55:23","Bought","0x814f39e3b0eafc841471bb97df6f0fec469f9ff3","BoredApeYachtClub","7174","721","1","34.2 WETH ($66,260.45)","OpenSea"
"0x793ec0eba1715fe55abaed8c6eae8b91042c7e170c08f7015d9f5b932a73758e","17605183","1688286983","2023-07-02 08:36:23","Bought","0x6d5596d228c44453b0e16d1e4abd3f14724773fb","BoredApeYachtClub","7273","721","1","35.169 ETH ($68,137.83)","OpenSea"
"0x3c190881678a9db874f81a2baef1b1b5ae900c99f48a588d034e14a3f41b75bd","17605362","1688289227","2023-07-02 09:13:47","Bought","0x020ca66c30bec2c4fe3861a94e4db4a498a35872","BoredApeYachtClub","2083","721","1","30.68 Blur Pool ($59,440.66)","Blur"
"0x69ef932b000f3d1cdd27401a4ff64268c1baf720dafd4e23fd3bf9b52da08e9d","17605737","1688293775","2023-07-02 10:29:35","Bought","0x96aba1e110b88aa12a4515083b1b4b03969ca23b","BoredApeYachtClub","3225","721","1","30.7 Blur Pool ($59,479.41)","Blur"
"0xfba9c56a9790899d9d976f6678d3fb4c97d1a7267cf9d25f236d275c669c3e05","17606566","1688303867","2023-07-02 13:17:47","Bought","0x17b70f6b0dd3bf1322f972e84531767b8574e47e","BoredApeYachtClub","2300","721","1","31.19 ETH ($60,428.75)","Blur"
"0x76607162a10dda7bcb05bc9fb721dae18bc2dcf975ca3c5ccc3ee8528f688f8c","17606566","1688303867","2023-07-02 13:17:47","Bought","0xd8b9c8951dd24019ee4e0d5902ac18530f3f7b21","BoredApeYachtClub","2300","721","1","33 WETH ($63,935.52)","OpenSea"
"0xf13ecdc4806a7a13c81ab925469639c68764d03b048c7673322c8e98cb9e22c3","17606624","1688304575","2023-07-02 13:29:35","Bought","0xec32658b2e38253dd7ada28e11fe3a513162ac12","BoredApeYachtClub","6921","721","1","30.7 Blur Pool ($59,479.41)","Blur"
"0xbe9b2d445baff5b9f5c2098005f708e55b86a7f274374973be05ff743ae747d1","17606655","1688304959","2023-07-02 13:35:59","Bought","0x929cb8838a7fcfda2fd77e5195f9bd06f8461fa4","BoredApeYachtClub","608","721","1","30.68 Blur Pool ($59,440.66)","Blur"
"0xb53b0ac57dcf2f10592bf9b1eb165e421351c62ed1749130c60cc6eb880f548c","17606725","1688305847","2023-07-02 13:50:47","Bought","0xd64e1f3a2df4c153f26e7cb79e42673df385d239","BoredApeYachtClub","4372","721","1","30.57 Blur Pool ($59,227.54)","Blur"
"0x1d6a3ecf8e568cb73f302f382f8c19d0585f22ea850b78d8ee9aa2d964cd19cc","17606967","1688308775","2023-07-02 14:39:35","Bought","0xee0ad479d7815003d6b389cd849027cfc2cb6c72","BoredApeYachtClub","3735","721","1","33.5432 ETH ($64,987.94)","OpenSea"
"0x07a11e967ef81a506202a38f7fa9acf436339d173578ada4bf05cdda7f4a1c8a","17606972","1688308835","2023-07-02 14:40:35","Bought","0xee0ad479d7815003d6b389cd849027cfc2cb6c72","BoredApeYachtClub","1981","721","1","33.55 ETH ($65,001.11)","OpenSea"
"0x31ec4b0da9646bba98cb89b3d4fdad1abd635f1dae028d27ed5cbc67c000468a","17607225","1688311895","2023-07-02 15:31:35","Bought","0xf15c93562bc3944a68e938ef75d2a3360d98ca57","BoredApeYachtClub","4072","721","1","30.3985 WETH ($58,895.27)","OpenSea"
"0x154ec0c6b6761eda42d5a85f03eadd750339f8a494ab6e27d2bba689f76ee166","17607784","1688318603","2023-07-02 17:23:23","Bought","0x28679a1a632125fbbf7a68d850e50623194a709e","BoredApeYachtClub","1490","721","1","30.7 Blur Pool ($59,479.41)","Blur"
"0x154ec0c6b6761eda42d5a85f03eadd750339f8a494ab6e27d2bba689f76ee166","17607784","1688318603","2023-07-02 17:23:23","Bought","0x28679a1a632125fbbf7a68d850e50623194a709e","BoredApeYachtClub","4308","721","1","30.7 Blur Pool ($59,479.41)","Blur"
"0x154ec0c6b6761eda42d5a85f03eadd750339f8a494ab6e27d2bba689f76ee166","17607784","1688318603","2023-07-02 17:23:23","Bought","0x28679a1a632125fbbf7a68d850e50623194a709e","BoredApeYachtClub","8264","721","1","30.7 Blur Pool ($59,479.41)","Blur"
"0x04c8b7cbc9dc20a4abc9899fea1b275e598801ea9a2b200086c78ee09059b88c","17607806","1688318867","2023-07-02 17:27:47","Bought","0xc8e0e13d7074a9a66854374a6ea98491cb739b28","BoredApeYachtClub","8372","721","1","30.57 Blur Pool ($59,227.54)","Blur"
"0x52059eb45468a980ab2be48985ce78f9d9fe3f28da8d08ebd5e645f25441e814","17607838","1688319275","2023-07-02 17:34:35","Bought","0x779f161df4576f9b2f53021a6517d37107abd1d8","BoredApeYachtClub","3815","721","1","30.56 Blur Pool ($59,208.17)","Blur"
"0x04eb4fe75bd63470b5c65ecf70b184fab4d8c805ad754daa17dd3317d8c9d669","17607947","1688320595","2023-07-02 17:56:35","Bought","0xf8d915d05e8f66f304875ce20b2524c20f6390e7","BoredApeYachtClub","9615","721","1","30.6 Blur Pool ($59,285.66)","Blur"
"0xd7826f6b7f36de11a0a12eefafaeb2b639a96a34b46a3a5afc40c6e0be5264aa","17607948","1688320607","2023-07-02 17:56:47","Bought","0x9437d2c3d0dd38d7dbff7b0541aaa5d002d3944c","BoredApeYachtClub","7947","721","1","31.8 ETH ($61,610.59)","OpenSea"
"0xff11684fdab02ad687b0e9c2b6b4fb3d6d58a1116177bc627baceef088d2f8b3","17608562","1688328023","2023-07-02 20:00:23","Bought","0xfbdefb587455dbc22a6dfae3fbe58146e2906c74","BoredApeYachtClub","593","721","1","30.35 Blur Pool ($58,801.30)","Blur"
"0xf62328ecf9c8925f468ba5c71039e83a891f065594ae3ef26f665ce080272d88","17608590","1688328359","2023-07-02 20:05:59","Bought","0x8de2c63e173349fed5342fb7ae45dd2d108d869d","BoredApeYachtClub","4167","721","1","31.8 ETH ($61,610.59)","OpenSea"
"0xa0a88aea7d19689f09a498ff5a53c72d5537dbc9808cccec0884d1c0cf850763","17608615","1688328671","2023-07-02 20:11:11","Bought","0x020ca66c30bec2c4fe3861a94e4db4a498a35872","BoredApeYachtClub","2083","721","1","30.33 Blur Pool ($58,762.56)","Blur"
"0xa0a88aea7d19689f09a498ff5a53c72d5537dbc9808cccec0884d1c0cf850763","17608615","1688328671","2023-07-02 20:11:11","Bought","0x020ca66c30bec2c4fe3861a94e4db4a498a35872","BoredApeYachtClub","2163","721","1","30.33 Blur Pool ($58,762.56)","Blur"
"0xa0a88aea7d19689f09a498ff5a53c72d5537dbc9808cccec0884d1c0cf850763","17608615","1688328671","2023-07-02 20:11:11","Bought","0x020ca66c30bec2c4fe3861a94e4db4a498a35872","BoredApeYachtClub","4943","721","1","30.01 Blur Pool ($58,142.57)","Blur"
"0x3baf649f29a64f2cf70d4ed0fd5b691b1d7c04891f14cf0e20e4bb2a915232cf","17608719","1688329943","2023-07-02 20:32:23","Bought","0x0097b9cfe64455eed479292671a1121f502bc954","BoredApeYachtClub","2511","721","1","30.2 WETH ($58,510.69)","OpenSea"
"0x517776f800e4e5926157637acda8f967af95a9748d03c4f792882deadf6fdecf","17608774","1688330615","2023-07-02 20:43:35","Bought","0x020ca66c30bec2c4fe3861a94e4db4a498a35872","BoredApeYachtClub","3044","721","1","29.7 Blur Pool ($57,541.97)","Blur"
"0x91a99e80853e5dbe42e623a62a6562e37ec092f742718750c379ff4bd51f6359","17608777","1688330651","2023-07-02 20:44:11","Bought","0x020ca66c30bec2c4fe3861a94e4db4a498a35872","BoredApeYachtClub","2150","721","1","29.69 Blur Pool ($57,522.59)","Blur"
"0x91a99e80853e5dbe42e623a62a6562e37ec092f742718750c379ff4bd51f6359","17608777","1688330651","2023-07-02 20:44:11","Bought","0x020ca66c30bec2c4fe3861a94e4db4a498a35872","BoredApeYachtClub","2258","721","1","29.69 Blur Pool ($57,522.59)","Blur"
"0x8c83e0b624895de9009634d5883225db8098fbfe045e2eaa5df50ca8b8cfe5b0","17608817","1688331131","2023-07-02 20:52:11","Bought","0x02c465d39fa7e876d1cd74be886323c2a66ef9e6","BoredApeYachtClub","3665","721","1","39 ETH ($75,560.16)","X2Y2"
"0x726e0468eaa0a0e52703aa37164cb4d837b1728dc310dfaa0085aa9a8bfb2b53","17608854","1688331575","2023-07-02 20:59:35","Bought","0x1919db36ca2fa2e15f9000fd9cdc2edcf863e685","BoredApeYachtClub","2083","721","1","29.68 Blur Pool ($57,503.22)","Blur"
"0x96028165514504e61180970411952a2b0e3cbb27a98e3ff51569c7f00d4a4363","17609004","1688333375","2023-07-02 21:29:35","Bought","0x17b70f6b0dd3bf1322f972e84531767b8574e47e","BoredApeYachtClub","1479","721","1","32.329 ETH ($62,635.50)","Blur"
"0x07f22765c06a7c1103a263e641f64ca7e5d57c33b606be1da82003661b8f2895","17609017","1688333531","2023-07-02 21:32:11","Bought","0x2244deba8c0e788a60b30b805ff970e082bdbc5a","BoredApeYachtClub","284","721","1","29.589 ETH ($57,326.91)","Blur"
"0xdaaa2ccd66a21613dca5e440fad7e49fc8fc0ca8284c6926089396b8e2e56ca6","17609076","1688334263","2023-07-02 21:44:23","Bought","0x7db2088dc0e22c8f64846969e2b35965fed3e04b","BoredApeYachtClub","3752","721","1","29.45 Blur Pool ($57,057.61)","Blur"
"0xf7d497dee072a295f2f43a46eeb5e9aa2c9c8648ca763de6e34f19c92276fdf8","17609080","1688334311","2023-07-02 21:45:11","Bought","0x242559cceece552cc790bd3f2f9d890921ed6125","BoredApeYachtClub","437","721","1","29.25 Blur Pool ($56,670.12)","Blur"
"0xa285ca8f900e58a2846424b16c7ecf3ecff8b4610afd42e226fbd176488d876f","17609089","1688334419","2023-07-02 21:46:59","Bought","0x7eac8f5d958e0e6f188b1f9512a17e70dfe5fa11","BoredApeYachtClub","1479","721","1","29.58 ETH ($57,309.48)","OpenSea"
"0xf5b50da42bbd333fe534d7c3a3bed36d14fffa01933f85732c45916d60a117e9","17609117","1688334755","2023-07-02 21:52:35","Bought","0x002b05d19cb34a3336e9095c1de60248a12970dd","BoredApeYachtClub","9466","721","1","29.25 Blur Pool ($56,670.12)","Blur"
"0x8521e91cfe8a5899ea97e1ed350155f9f8b71fc42a0a4a50a48a8ef5218b11ce","17609121","1688334803","2023-07-02 21:53:23","Bought","0x020ca66c30bec2c4fe3861a94e4db4a498a35872","BoredApeYachtClub","3815","721","1","29.12 Blur Pool ($56,418.25)","Blur"
"0x8521e91cfe8a5899ea97e1ed350155f9f8b71fc42a0a4a50a48a8ef5218b11ce","17609121","1688334803","2023-07-02 21:53:23","Bought","0x020ca66c30bec2c4fe3861a94e4db4a498a35872","BoredApeYachtClub","4943","721","1","29.12 Blur Pool ($56,418.25)","Blur"
"0x0950fc50f226c2150218e1360ff3d86fba07faba1355f0e5a4e4aac52fd5529a","17609133","1688334947","2023-07-02 21:55:47","Bought","0x69986d5af481c14ca1351c8f330a34a0afcd90bd","BoredApeYachtClub","1707","721","1","28.8 Blur Pool ($55,798.27)","Blur"
"0xb07910d488dd236bda15a55c859893c7640a2c7b0d0ecdbb4adfb30064326e3e","17609310","1688337083","2023-07-02 22:31:23","Bought","0x0f24f33406d3fc672fa7ec505fa15dbad0688c47","BoredApeYachtClub","6579","721","1","28.57 Blur Pool ($55,352.66)","Blur"
"0x826ea2d1db2271635bbf7aad410944f14d12e81532c6a47b7b0ad68943a0d569","17609317","1688337167","2023-07-02 22:32:47","Bought","0x168504e8b2cd7f094e8944ab8d373812ad7cc071","BoredApeYachtClub","5313","721","1","28.57 Blur Pool ($55,352.66)","Blur"
"0x826ea2d1db2271635bbf7aad410944f14d12e81532c6a47b7b0ad68943a0d569","17609317","1688337167","2023-07-02 22:32:47","Bought","0x168504e8b2cd7f094e8944ab8d373812ad7cc071","BoredApeYachtClub","1738","721","1","28.57 Blur Pool ($55,352.66)","Blur"
"0x225d746b9ff6ed9928536c671d803f09e912b8124c1ed96973abbbebafb8f3d0","17609321","1688337215","2023-07-02 22:33:35","Bought","0x168504e8b2cd7f094e8944ab8d373812ad7cc071","BoredApeYachtClub","2876","721","1","28.55 Blur Pool ($55,313.91)","Blur"
"0x8aad9dd1b0790602f0e39e255439b634e8e99628037043ec675743b449380a56","17609324","1688337251","2023-07-02 22:34:11","Bought","0x168504e8b2cd7f094e8944ab8d373812ad7cc071","BoredApeYachtClub","9017","721","1","28.51 Blur Pool ($55,236.41)","Blur"
"0xd7e834ffe3a3ede6f454c64cf57eb200228e8500ef19d323b19b731f1099591a","17609433","1688338559","2023-07-02 22:55:59","Bought","0x020ca66c30bec2c4fe3861a94e4db4a498a35872","BoredApeYachtClub","9548","721","1","28.36 Blur Pool ($54,945.80)","Blur"
"0xd7e834ffe3a3ede6f454c64cf57eb200228e8500ef19d323b19b731f1099591a","17609433","1688338559","2023-07-02 22:55:59","Bought","0x020ca66c30bec2c4fe3861a94e4db4a498a35872","BoredApeYachtClub","8961","721","1","28.35 Blur Pool ($54,926.42)","Blur"
"0xb0c48251ae4ca2352337a647b60c7438f24be1c388deb51a8e439731aa7a0f4a","17609531","1688339759","2023-07-02 23:15:59","Bought","0x800b0f324e4a7fbbdf99d1a793e2582bf3844976","BoredApeYachtClub","7391","721","1","27.01 Blur Pool ($52,330.25)","Blur"
"0xd05f4dbe5a6696e7eff81b874b18060c9ebac4213107095ceb7aae0aa40c6bd7","17609597","1688340563","2023-07-02 23:29:23","Bought","0x800b0f324e4a7fbbdf99d1a793e2582bf3844976","BoredApeYachtClub","4693","721","1","32.2 ETH ($62,385.57)","Blur"
"0x3c2b539fa9cf3abc751527b210caa97de287328cc30eb058a2f087722ac09bbb","17609617","1688340803","2023-07-02 23:33:23","Bought","0x8a5205c036b657cbc92caa448deb9e4aa95a260c","BoredApeYachtClub","9583","721","1","27.52 Blur Pool ($53,318.35)","Blur"
"0x5e59a38c53fd75000a5e5ecd02c18427b89cbd93ac92a37771a93720b7cdc2f0","17609645","1688341139","2023-07-02 23:38:59","Bought","0xb91b2db31610e1815b85d970dba7e42b1c864074","BoredApeYachtClub","4122","721","1","27.55 Blur Pool ($53,376.47)","Blur"
"0x5d37a2a3d5a7b9d2d8561a967c7514e89ef77326e307f57a69dce063f11d44d9","17609651","1688341211","2023-07-02 23:40:11","Bought","0x7105ba303ce8642986df5abd3889634a735ac316","BoredApeYachtClub","56","721","1","28.99 ETH ($56,166.39)","OpenSea"
"0xcd2edfff75ecfddf2acb18df30370d694380b09e3dd1ee159e0a4f27bc699925","17609802","1688343035","2023-07-03 00:10:35","Bought","0x4b7a38091d3c9aaad00ddb9134ad17d88cd96e49","BoredApeYachtClub","9240","721","1","27.55 Blur Pool ($53,883.12)","Blur"
"0xb4b383344e57e4a223dd8b1270d1cbeae86e749d3fc7e85a634b4a656f4fd240","17609819","1688343239","2023-07-03 00:13:59","Bought","0xe251cfa60491eede6eec2905af0c2b5d1f9492ce","BoredApeYachtClub","2541","721","1","27.55 Blur Pool ($53,883.12)","Blur"
"0x731955f7b7f051869d722407c99ff541589a9769c226ec270cdb3620a47e2ccc","17610008","1688345555","2023-07-03 00:52:35","Bought","0x1919db36ca2fa2e15f9000fd9cdc2edcf863e685","BoredApeYachtClub","1540","721","1","27.3 ETH ($53,394.16)","Blur"
"0xe69554192490a065140214c758dce25470aa54f4e186e639e17915fdda055e99","17610023","1688345735","2023-07-03 00:55:35","Bought","0x04b98dc3b9fe0c5bb6c47df76a73f7558933e0d8","BoredApeYachtClub","7239","721","1","27.28 Blur Pool ($53,355.04)","Blur"
"0xd58315d67099ec8e61f2a2a2cd3f77770dc8ee954b9fa408c52f3fd737addc43","17610179","1688347619","2023-07-03 01:26:59","Bought","0x49df36a77f819190a41368bc8aca8a54fb6d760d","BoredApeYachtClub","5749","721","1","27.12 Blur Pool ($53,042.11)","Blur"
"0x60f42caaa6380f0b9a64523ba5401571786aafa142c0e8ab844faa781c3fb872","17610230","1688348231","2023-07-03 01:37:11","Bought","0x0a371369398d8047a2f7e3a0af1a7c1eefa3eb7e","BoredApeYachtClub","5691","721","1","27.05 Blur Pool ($52,905.20)","Blur"
"0x18d5c2ca9d2251f9b50d67cb16ece69086bda8cf6e178c410d29086627d3ffb5","17610270","1688348723","2023-07-03 01:45:23","Bought","0x020ca66c30bec2c4fe3861a94e4db4a498a35872","BoredApeYachtClub","2083","721","1","27.05 Blur Pool ($52,905.20)","Blur"
"0x6a915cfba880d50a50830ad52c829ef2917fdc2172e99993adb39024d180a39a","17610277","1688348807","2023-07-03 01:46:47","Bought","0x020ca66c30bec2c4fe3861a94e4db4a498a35872","BoredApeYachtClub","8255","721","1","27.03 Blur Pool ($52,866.08)","Blur"
"0x6a915cfba880d50a50830ad52c829ef2917fdc2172e99993adb39024d180a39a","17610277","1688348807","2023-07-03 01:46:47","Bought","0x020ca66c30bec2c4fe3861a94e4db4a498a35872","BoredApeYachtClub","9119","721","1","27.03 Blur Pool ($52,866.08)","Blur"
"0xcd950a9c8893b8b6c4bdf49f4a6a234697142a96fdffdb017da8f514ebe71438","17610438","1688350763","2023-07-03 02:19:23","Bought","0x9ed3e2e1d4cabc13ba97740fe181b7b414acc5d3","BoredApeYachtClub","5389","721","1","28 ETH ($54,763.24)","Blur"
"0x7e6aab4af8a66cde3e0a79726f8fb6c8cb81f9b3f4f34ca4af688bca0c59bbc7","17610516","1688351699","2023-07-03 02:34:59","Bought","0xd3cbb22ed35409b1bee574d9bc254eab3802c64e","BoredApeYachtClub","7705","721","1","27 WETH ($52,807.41)","OpenSea"
"0x3cd65f63b93bea498aa29e4e30fbc0e212486e43a73f878f033918224dc20b08","17610579","1688352455","2023-07-03 02:47:35","Bought","0x011c23b3aadaf3d4991f3abee262a34d18e9fdb5","BoredApeYachtClub","2477","721","1","31.8 ETH ($62,195.39)","Blur"
"0x3bbb86c5c02697c513b113909d4ce99c61180238b6ae0bbfedd6c0d3c580f317","17610607","1688352791","2023-07-03 02:53:11","Bought","0xaae62238c1582b625abd30717ec5408b436803d5","BoredApeYachtClub","4878","721","1","29.4 ETH ($57,501.40)","OpenSea"
"0xb7726519a44fcd7f216d329138055af28169bc24105436e42620114e08e6ab45","17610840","1688355647","2023-07-03 03:40:47","Bought","0x6a0d224a6975519c4498fd1f499386e695501815","BoredApeYachtClub","9931","721","1","30.5 ETH ($59,652.82)","Blur"
"0xb7726519a44fcd7f216d329138055af28169bc24105436e42620114e08e6ab45","17610840","1688355647","2023-07-03 03:40:47","Bought","0x6a0d224a6975519c4498fd1f499386e695501815","BoredApeYachtClub","44","721","1","29.589 ETH ($57,871.05)","Blur"
"0xb7726519a44fcd7f216d329138055af28169bc24105436e42620114e08e6ab45","17610840","1688355647","2023-07-03 03:40:47","Bought","0x6a0d224a6975519c4498fd1f499386e695501815","BoredApeYachtClub","7853","721","1","29.49 ETH ($57,677.43)","Blur"
"0xbab4fcfb7cff6d5a149f737cd93b5e093d550b44d22c638ae722c1c8ba1fc359","17610845","1688355707","2023-07-03 03:41:47","Bought","0x756dcf63d25ba456c492a892db61719e5861a872","BoredApeYachtClub","3607","721","1","29.1457 ETH ($57,004.03)","Blur"
"0x3759b8e763a3fa39e1c72611e19445a3f436ef3c0d26c9a5bbb455e004e32f89","17610910","1688356535","2023-07-03 03:55:35","Bought","0x020ca66c30bec2c4fe3861a94e4db4a498a35872","BoredApeYachtClub","2518","721","1","27.92 Blur Pool ($54,606.77)","Blur"
"0x3759b8e763a3fa39e1c72611e19445a3f436ef3c0d26c9a5bbb455e004e32f89","17610910","1688356535","2023-07-03 03:55:35","Bought","0x020ca66c30bec2c4fe3861a94e4db4a498a35872","BoredApeYachtClub","6380","721","1","27.92 Blur Pool ($54,606.77)","Blur"
"0x3759b8e763a3fa39e1c72611e19445a3f436ef3c0d26c9a5bbb455e004e32f89","17610910","1688356535","2023-07-03 03:55:35","Bought","0x020ca66c30bec2c4fe3861a94e4db4a498a35872","BoredApeYachtClub","6221","721","1","27.92 Blur Pool ($54,606.77)","Blur"
"0x503e461bbf801ac16f2a043ddec4f7e281670d8a6927ac3bb2ac93410744a5d7","17610998","1688357615","2023-07-03 04:13:35","Bought","0xf9e2f060a91a86c22c315ba3f0aa9382ddb8627f","BoredApeYachtClub","5439","721","1","27.57 Blur Pool ($53,922.23)","Blur"
"0x503e461bbf801ac16f2a043ddec4f7e281670d8a6927ac3bb2ac93410744a5d7","17610998","1688357615","2023-07-03 04:13:35","Bought","0xf9e2f060a91a86c22c315ba3f0aa9382ddb8627f","BoredApeYachtClub","5623","721","1","27.57 Blur Pool ($53,922.23)","Blur"
"0x503e461bbf801ac16f2a043ddec4f7e281670d8a6927ac3bb2ac93410744a5d7","17610998","1688357615","2023-07-03 04:13:35","Bought","0xf9e2f060a91a86c22c315ba3f0aa9382ddb8627f","BoredApeYachtClub","6674","721","1","27.57 Blur Pool ($53,922.23)","Blur"
"0x10ca2562bb02ef7cfef9179fc1fe602397fd74b769df47925ba43175508721e7","17611074","1688358527","2023-07-03 04:28:47","Bought","0x423d64ed72ef12e1893e105e5555bb96dcd1df61","BoredApeYachtClub","6380","721","1","31.8 ETH ($62,195.39)","OpenSea"
"0x6cb9a85058464b5f13b5286b3ddc593e93a21e4937892e50dc6986168eca654a","17611092","1688358743","2023-07-03 04:32:23","Bought","0x9f0716bf7e4a4e19867599a54f1108e0c11fec98","BoredApeYachtClub","2141","721","1","34.2 ETH ($66,889.39)","Blur"
"0xe8e4a54cf4d501a8902a2fe4c2916d7ff5929d69e447fdb5f3e3724d74eae606","17611161","1688359571","2023-07-03 04:46:11","Bought","0x53b2c2a1f666a46b3f5c34eb3995d77639baf831","BoredApeYachtClub","5550","721","1","27.99 WETH ($54,743.68)","OpenSea"
"0xc3f5de16ee77a6ea56a86cf61bec474b441c10b3f8f7a91a60aad5c4464f1296","17611185","1688359871","2023-07-03 04:51:11","Bought","0x020ca66c30bec2c4fe3861a94e4db4a498a35872","BoredApeYachtClub","8372","721","1","28.28 Blur Pool ($55,310.87)","Blur"
"0x4a130f37e6334b7e6f2be8827a21815d8782def28e7db0d5d0eed1b9ac29b7e3","17611251","1688360663","2023-07-03 05:04:23","Bought","0x0353da8b9b67cfa5b41dd29e6da4fa171da02a99","BoredApeYachtClub","6872","721","1","31 ETH ($60,630.73)","Blur"
"0xc6b3a21463d581e15ba8bcd689e9ee1131a2c0e38d32ce4c2465683afb37da99","17611399","1688362463","2023-07-03 05:34:23","Bought","0x800b0f324e4a7fbbdf99d1a793e2582bf3844976","BoredApeYachtClub","2788","721","1","36 WETH ($70,409.88)","OpenSea"
"0x30951f1ffc28849d48dca3b4b5b1bc3dcfdc4dedd6c0cd55216aa97a64a0ee18","17611513","1688363879","2023-07-03 05:57:59","Bought","0x432b46453cf700ffd708cf4824cd5735f685a1f0","BoredApeYachtClub","1488","721","1","29.0452 ETH ($56,807.47)","Blur"
"0xca1bf50f8a36ac276cb5ba31b5b14dcd54cd9503a07a4799c5802f4c31f19aa7","17611561","1688364455","2023-07-03 06:07:35","Bought","0x1908a3232eed9186b4a5b666075711d2db0200e5","BoredApeYachtClub","883","721","1","29.4472 ETH ($57,593.72)","Blur"
"0xbc9ba71b071863b06bd6b18a9cb5a1fa9e96a93a647c8578bfd4c2c2b094de34","17611575","1688364635","2023-07-03 06:10:35","Bought","0xf15c93562bc3944a68e938ef75d2a3360d98ca57","BoredApeYachtClub","2863","721","1","28.0025 WETH ($54,768.13)","OpenSea"
"0xe7a73b0f237e233db35b6a6e7277f4418c791775a0fffbce418ccbb4e116a0f0","17611598","1688364911","2023-07-03 06:15:11","Bought","0x6829baaac06dd249fce5b1f18b846d704df302a5","BoredApeYachtClub","5443","721","1","29.8492 ETH ($58,379.96)","Blur"
"0xacd15fb8a710f2074cc3f35898832d3f71f1e3badd861eabf68760a27def7c7b","17612070","1688370647","2023-07-03 07:50:47","Bought","0x8a90ee42b28756e8beaad5618130515ae449a62f","BoredApeYachtClub","2863","721","1","33.5 ETH ($65,520.31)","OpenSea"
"0x7c97a9404b5520716555980a49997b1d1da91f47222099995aba3e8cac142d2c","17612088","1688370875","2023-07-03 07:54:35","Bought","0x48c75703c9d1094fda0b05228ed8de222470accd","BoredApeYachtClub","6374","721","1","29.589 ETH ($57,871.05)","Blur"
"0xb27a1c0e6b06824bf37c5b2c2aee9bf1a0f000051d8352004e5a4f323905b046","17612484","1688375723","2023-07-03 09:15:23","Bought","0x7b3afc18936f9d0410002cdc9c4f28d772ca41af","BoredApeYachtClub","5470","721","1","29.6 ETH ($57,892.57)","Blur"
"0x763518f5c3cbe2ba35a6386745e5749e2ee32d9fe29e4014549a6b7bf5bdaa8e","17612536","1688376347","2023-07-03 09:25:47","Bought","0xe969492dad509fbf160c30c12c744179fb26e79c","BoredApeYachtClub","8032","721","1","28.56 Blur Pool ($55,858.50)","Blur"
"0x7ac6b94f038d1a7a46f1d55376ea0ed57583568981a915630b23774a8cb61682","17612553","1688376551","2023-07-03 09:29:11","Bought","0xe969492dad509fbf160c30c12c744179fb26e79c","BoredApeYachtClub","317","721","1","29.98 ETH ($58,635.78)","Blur"
"0xfbf4a042c7733f82ebde9d8ff7ad27e79e6363889826226503b08c8746658499","17613247","1688384927","2023-07-03 11:48:47","Bought","0x2cae0ac9a7a7048516868aad672c49ab632b38c8","BoredApeYachtClub","7705","721","1","29 ETH ($56,719.07)","Blur"
"0x06745ff65f55c3957bc91a899bb6d07651e26f4b1bcb24cafcab8596dfc3f1e1","17613612","1688389439","2023-07-03 13:03:59","Bought","0xbc87925d4d8cb528eabe237938308750f23b6911","BoredApeYachtClub","9462","721","1","28.5 Blur Pool ($55,741.16)","Blur"
"0x852cec058b8d46416ac276c46e40ef8b743aae56147ac37385669635357eb0f2","17613991","1688394035","2023-07-03 14:20:35","Bought","0x8a57f0484a3bf270d6e5da5a0e7bee012170324c","BoredApeYachtClub","2823","721","1","28.5 WETH ($55,741.16)","OpenSea"
"0xd0432f89e2c096069e7a9065668168e325b79d29ea23569055a60639f90617a3","17614047","1688394719","2023-07-03 14:31:59","Bought","0x6351a222b024165abe0ab3008fbb2aa18c986878","BoredApeYachtClub","4491","721","1","30 ETH ($58,674.90)","OpenSea"
"0x2663810f75158708c5b7acb3f2b627bfb40c5177110e09ad490b798a540bbd23","17614116","1688395547","2023-07-03 14:45:47","Bought","0xc761959f50953c654ddf7583d2acad8f38dc97ed","BoredApeYachtClub","8806","721","1","28.5 Blur Pool ($55,741.16)","Blur"
"0xdf133a901345452ed0376830e47e3a7d8506c47758b48a7a829dea558138f93e","17614374","1688398691","2023-07-03 15:38:11","Bought","0x6829baaac06dd249fce5b1f18b846d704df302a5","BoredApeYachtClub","7852","721","1","31.2 ETH ($61,021.90)","Blur"
"0x21136be3f5a022568c903ed721a1e7fe5b39c14483d8576a192701e1e038be4f","17614420","1688399255","2023-07-03 15:47:35","Bought","0xe43055889720c6af44128b9579127b1179a3c3fa","BoredApeYachtClub","3336","721","1","28.18 Blur Pool ($55,115.29)","Blur"
"0x481136390609814c4d6e6ded492f31e589e9d4318525da89a33ea8f0db4c19f8","17614526","1688400551","2023-07-03 16:09:11","Bought","0xdbeb4574b68c9992207cc86d39f94a783afe78ab","BoredApeYachtClub","4888","721","1","27.56 Blur Pool ($53,902.67)","Blur"
"0x00af98b38fa7d1bf3cfc423fbb645b677028c8f08ec48c8e75d1069db7a848ec","17615651","1688414171","2023-07-03 19:56:11","Bought","0x083fc10ce7e97cafbae0fe332a9c4384c5f54e45","BoredApeYachtClub","986","721","1","29.8492 ETH ($58,379.96)","Blur"
"0x6c529c6c196abc5e85d88ef7257a73ce2cafa6a0aeb0b967acad158be3a20c04","17615651","1688414171","2023-07-03 19:56:11","Bought","0xaf0f4479af9df756b9b2c69b463214b9a3346443","BoredApeYachtClub","3322","721","1","29.025 WETH ($56,767.97)","OpenSea"
"0x3d9dafcca264f3137958aa637e2f60051c58f4e035f64e77e5d3d9f600d9b572","17615657","1688414243","2023-07-03 19:57:23","Bought","0x083fc10ce7e97cafbae0fe332a9c4384c5f54e45","BoredApeYachtClub","7570","721","1","29.6985 ETH ($58,085.22)","Blur"
"0x69c844889d916b2e199135a87291167702b24e0ada4c72ab8e43a8b2a1ad3cf0","17616125","1688419895","2023-07-03 21:31:35","Bought","0xaf0f4479af9df756b9b2c69b463214b9a3346443","BoredApeYachtClub","4933","721","1","27.925 WETH ($54,616.55)","OpenSea"
"0x2cee734d6ced700a05e11102a14b08ad6fd4d6beb06ab90460a06ad9b263c005","17616195","1688420747","2023-07-03 21:45:47","Bought","0x72fae93d08a060a7f0a8919708c0db74ca46cbb6","BoredApeYachtClub","4933","721","1","29 ETH ($56,719.07)","X2Y2"
"0x3e778fcead1a971d02187bc333558cb5aff4ddee028211281c626c343d3252e5","17616497","1688424395","2023-07-03 22:46:35","Bought","0xee0ad479d7815003d6b389cd849027cfc2cb6c72","BoredApeYachtClub","3428","721","1","28.5 ETH ($55,741.16)","Blur"
"0x2246c96b4631d08d27ca7c3da042fec83a747fdf73559658609295ea19294a19","17616770","1688427707","2023-07-03 23:41:47","Bought","0x91fa6bc826091ab70b75670537c9931635dd66f8","BoredApeYachtClub","2202","721","1","30 ETH ($58,674.90)","Blur"
"0x1ab249d52ad0dc55cbf517a6b75a098eb540361ed87dd88df2c5b4d1401e6695","17616771","1688427719","2023-07-03 23:41:59","Bought","0x2e7573445b46a305f6b80f86ba56e788b2db7e68","BoredApeYachtClub","7961","721","1","30 ETH ($58,674.90)","Blur"
"0x67f64b210fa1d15b618cce1f2ac30b38524fc93e2ad9f06448407d052d13af8d","17616794","1688427995","2023-07-03 23:46:35","Bought","0x72fae93d08a060a7f0a8919708c0db74ca46cbb6","BoredApeYachtClub","5421","721","1","30 ETH ($58,674.90)","Blur"
"0x0b03388babd93ff3956c1b08e11895e60d56d538847ea9ad443ee9672627af08","17616857","1688428751","2023-07-03 23:59:11","Bought","0xe4866cd654c39e90c17e278bb0612bce34bf889d","BoredApeYachtClub","8872","721","1","29.4 Blur Pool ($57,501.40)","Blur"
"0xb131a634b7cc861ba687a35daf32ddb13709e1acf2e8fe25590a5b049c876c44","17616905","1688429327","2023-07-04 00:08:47","Bought","0x53c218ee4b05f817fab41afd2c66fd92550a8888","BoredApeYachtClub","6080","721","1","31.99 ETH ($61,943.52)","OpenSea"
"0xf6ca7e26631a093c0c0153b44b20e07387903a16878ee3578028e4b6d337a783","17617057","1688431175","2023-07-04 00:39:35","Bought","0x32b7b1153e2ee7316b4fe165fc15ab0a5d839fb9","BoredApeYachtClub","8897","721","1","30 ETH ($58,090.20)","OpenSea"
"0x0ed00e3ddb8d82da3c35a653c48ba61f617fe45a3d67e43b2b013c95e9114b59","17617251","1688433515","2023-07-04 01:18:35","Bought","0xcb415344cd0fc552ce7b48ee9375991ff5865895","BoredApeYachtClub","1357","721","1","33 ETH ($63,899.22)","X2Y2"
"0x36ed79e0ca3b836b4815f7b35babb9418a980aab8b78c495999d8417c122f8c8","17617307","1688434199","2023-07-04 01:29:59","Bought","0x8c9e45583f685e1b2bfef9920406ab8c37e3668f","BoredApeYachtClub","1239","721","1","31.88 ETH ($61,730.52)","Blur"
"0x4efcf3daa17c8fe145a454e9b4b46c17bdaef013dd98b9ac2263ccba295bed95","17617791","1688440079","2023-07-04 03:07:59","Bought","0x1dad1d2c851dc9a0622dbb0876f12dab68edc0c9","BoredApeYachtClub","3230","721","1","29.78 ETH ($57,664.21)","Blur"
"0x9dbee78ce80a22ffe967395826ac09c6bd65e5997a495ea80f1c25e474cf1e1d","17617846","1688440751","2023-07-04 03:19:11","Bought","0xc8bac6d30b73c89d969e791b268b23aa7370d6cd","BoredApeYachtClub","1524","721","1","29.784 ETH ($57,671.95)","Blur"
"0x22cb830b693b738f7d23a5971075b34116a120efdcdd48afd03c41a29b4b3418","17618277","1688446007","2023-07-04 04:46:47","Bought","0xd7b2879c8922cd704e41e8cc1f18f6994d6b7c36","BoredApeYachtClub","90","721","1","30.5 ETH ($59,058.37)","X2Y2"
"0x2cff5b57eae9e4d7bb9c56cd049c884a594f4e530e72816577e902ca3fdab36c","17618300","1688446283","2023-07-04 04:51:23","Bought","0x011c23b3aadaf3d4991f3abee262a34d18e9fdb5","BoredApeYachtClub","2590","721","1","29.745 ETH ($57,596.43)","Blur"
"0x98d420ad181f2eff8e9fd6e63b1fbb72d1bbc23fbd40e973bd738539d7844865","17618355","1688446943","2023-07-04 05:02:23","Bought","0x0a75a22673d0cb2f15d63147edb25da3c50fc846","BoredApeYachtClub","8117","721","1","30.5 ETH ($59,058.37)","OpenSea"
"0xa22dcce5097310e4ed7cc8f903ffe1247ea5474c6de68416eac582308838b9bf","17618363","1688447039","2023-07-04 05:03:59","Bought","0x519eeb92b827b1781753785d2dc890d16582aed2","BoredApeYachtClub","718","721","1","30.2 ETH ($58,477.47)","Blur"
"0x1f655d3f0097db383b8da8036323adeb2ca67ff46f12ab17c5eca71f381538ff","17618427","1688447807","2023-07-04 05:16:47","Bought","0x70580c270a51be2a6727277b75318e3c5c8328b4","BoredApeYachtClub","3322","721","1","32.95 ETH ($63,802.40)","Blur"
"0xe016baed4267d21b2748ae6ddaec05c51daef86b77a038f8d753ab19e1b68209","17618453","1688448143","2023-07-04 05:22:23","Bought","0xd9c65ff6482d150d9d3aed3476d2d5cec2c7859c","BoredApeYachtClub","3230","721","1","30.98 ETH ($59,987.81)","Blur"
"0x76c2d7705ce089e3217532dff373f9543fea6eba35a174f9fef8f11dbb573f27","17618506","1688448791","2023-07-04 05:33:11","Bought","0x16e351ac962df6eb3e2d234c60d9db7990fee7e2","BoredApeYachtClub","5345","721","1","31.1 ETH ($60,220.17)","OpenSea"
"0x957a35243212271b342366b3cc6b6a6a6dc02340f2c878672a3fd0998502dd21","17618585","1688449751","2023-07-04 05:49:11","Bought","0x2321c49eb27b8916e516c91b0a056239cb2fef3b","BoredApeYachtClub","9683","721","1","30.48 ETH ($59,019.64)","OpenSea"
"0x9985fd8fbde00ea1341ca8a937d3bd34468d7177649845d7ad763295762bdd73","17618589","1688449799","2023-07-04 05:49:59","Bought","0x1e04bfb945dfa23ed8bdea67947ca0d7b5fff75d","BoredApeYachtClub","7705","721","1","30.03 ETH ($58,148.29)","Blur"
"0x71ff3742332b5d8d5123dd21f4e3d13f8bf7c0de0b82dd0d0f5c24f4ddbd0f3c","17618591","1688449823","2023-07-04 05:50:23","Bought","0x8ed9a20098be9e7d637e3a7f6e7cc998049362a4","BoredApeYachtClub","7971","721","1","30 ETH ($58,090.20)","Blur"
"0xc9fb17da6495ce3f9bd0807343441ff7217fd3dd6cd236878d44f2b7a1f8122d","17618598","1688449907","2023-07-04 05:51:47","Bought","0xbc3ac1ec5f155ab95551780cd4575e48da26cc12","BoredApeYachtClub","5403","721","1","30.46 ETH ($58,980.92)","Blur"
"0x05de1e11e41abf52ec7131b26c917a1b672ea0d7a548bc0b0b5b99384ffb73fc","17618640","1688450411","2023-07-04 06:00:11","Bought","0xcdb36f44ab35f5849d9a7be39cdf5e14842f5cee","BoredApeYachtClub","284","721","1","31.3 ETH ($60,607.44)","Blur"
"0x379b814f1f06e2bd157c6c787ec5e845f16736bf841a098a3ec0fceeae8cc79f","17618702","1688451167","2023-07-04 06:12:47","Bought","0x17b70f6b0dd3bf1322f972e84531767b8574e47e","BoredApeYachtClub","1351","721","1","30.99 ETH ($60,007.18)","Blur"
"0x77a72834265bc888798a7fd54bd1b9cbaad151aeba7e0dcd013b0889ebb7cc5e","17618778","1688452091","2023-07-04 06:28:11","Bought","0x81974c1a09e53c5129c6e4f74e547fda0adf4d2d","BoredApeYachtClub","4690","721","1","31.88 ETH ($61,730.52)","OpenSea"
"0xa5158f33d42f9a6cfa7a34a76f2b709fe88cd714285431689734e990fb316e0f","17618882","1688453351","2023-07-04 06:49:11","Bought","0x4a77cba0b22646dd2f6f5a9998527d7d5f49703a","BoredApeYachtClub","1351","721","1","30.78 ETH ($59,600.55)","Blur"
"0xa5158f33d42f9a6cfa7a34a76f2b709fe88cd714285431689734e990fb316e0f","17618882","1688453351","2023-07-04 06:49:11","Bought","0x4a77cba0b22646dd2f6f5a9998527d7d5f49703a","BoredApeYachtClub","2356","721","1","30.8 ETH ($59,639.27)","Blur"
"0x0c669b9018d82de5d2912a44bfd1af393bfd36d3fbcdfd121fe7da7109d6177f","17618972","1688454455","2023-07-04 07:07:35","Bought","0xd7b2879c8922cd704e41e8cc1f18f6994d6b7c36","BoredApeYachtClub","7963","721","1","30.16 Blur Pool ($58,400.01)","Blur"
"0x789afe03dfb68796140a151fa5958634a8af17f67ed95d0ef620d2096583d91d","17619039","1688455259","2023-07-04 07:20:59","Bought","0x020ca66c30bec2c4fe3861a94e4db4a498a35872","BoredApeYachtClub","2150","721","1","30.25 Blur Pool ($58,574.29)","Blur"
"0x789afe03dfb68796140a151fa5958634a8af17f67ed95d0ef620d2096583d91d","17619039","1688455259","2023-07-04 07:20:59","Bought","0x020ca66c30bec2c4fe3861a94e4db4a498a35872","BoredApeYachtClub","2779","721","1","30.16 Blur Pool ($58,400.01)","Blur"
"0x789afe03dfb68796140a151fa5958634a8af17f67ed95d0ef620d2096583d91d","17619039","1688455259","2023-07-04 07:20:59","Bought","0x020ca66c30bec2c4fe3861a94e4db4a498a35872","BoredApeYachtClub","2541","721","1","30.16 Blur Pool ($58,400.01)","Blur"
"0x789afe03dfb68796140a151fa5958634a8af17f67ed95d0ef620d2096583d91d","17619039","1688455259","2023-07-04 07:20:59","Bought","0x020ca66c30bec2c4fe3861a94e4db4a498a35872","BoredApeYachtClub","2844","721","1","30.16 Blur Pool ($58,400.01)","Blur"
"0x789afe03dfb68796140a151fa5958634a8af17f67ed95d0ef620d2096583d91d","17619039","1688455259","2023-07-04 07:20:59","Bought","0x020ca66c30bec2c4fe3861a94e4db4a498a35872","BoredApeYachtClub","3040","721","1","30.15 Blur Pool ($58,380.65)","Blur"
"0x789afe03dfb68796140a151fa5958634a8af17f67ed95d0ef620d2096583d91d","17619039","1688455259","2023-07-04 07:20:59","Bought","0x020ca66c30bec2c4fe3861a94e4db4a498a35872","BoredApeYachtClub","3333","721","1","30.15 Blur Pool ($58,380.65)","Blur"
"0x789afe03dfb68796140a151fa5958634a8af17f67ed95d0ef620d2096583d91d","17619039","1688455259","2023-07-04 07:20:59","Bought","0x020ca66c30bec2c4fe3861a94e4db4a498a35872","BoredApeYachtClub","4122","721","1","30.15 Blur Pool ($58,380.65)","Blur"
"0x789afe03dfb68796140a151fa5958634a8af17f67ed95d0ef620d2096583d91d","17619039","1688455259","2023-07-04 07:20:59","Bought","0x020ca66c30bec2c4fe3861a94e4db4a498a35872","BoredApeYachtClub","4306","721","1","30.15 Blur Pool ($58,380.65)","Blur"
"0x789afe03dfb68796140a151fa5958634a8af17f67ed95d0ef620d2096583d91d","17619039","1688455259","2023-07-04 07:20:59","Bought","0x020ca66c30bec2c4fe3861a94e4db4a498a35872","BoredApeYachtClub","5691","721","1","30.13 Blur Pool ($58,341.92)","Blur"
"0x789afe03dfb68796140a151fa5958634a8af17f67ed95d0ef620d2096583d91d","17619039","1688455259","2023-07-04 07:20:59","Bought","0x020ca66c30bec2c4fe3861a94e4db4a498a35872","BoredApeYachtClub","645","721","1","30.13 Blur Pool ($58,341.92)","Blur"
"0x0b3f3a12cdc445cb9e0179d0dc3884cdebb1fe86cbe744ae763b5bcc99a92524","17619124","1688456291","2023-07-04 07:38:11","Bought","0xdfab977372a039e78839687b8c359465f0f17532","BoredApeYachtClub","4814","721","1","45 ETH ($87,135.30)","Blur"
"0xf1163941026d512894d10c3e65408f79e5e95dfe8cb3eea307224cda46bd0582","17619174","1688456903","2023-07-04 07:48:23","Bought","0x4c54d41126a56f45f181cc4abc3b5ed5452bc8e1","BoredApeYachtClub","6114","721","1","29.88 Blur Pool ($57,857.84)","Blur"
"0x7a41bb477ecd431468a00b6f387df34024fe94a1e3ff39cefb2fb5baffbadccd","17619204","1688457263","2023-07-04 07:54:23","Bought","0x65249532663d15a76007688a8bfa1b109973ad41","BoredApeYachtClub","3040","721","1","29.55 Blur Pool ($57,218.85)","Blur"
"0xa09b2d0553b1e8d866cf2fbb529340cd912d9ae03885db2c66fbe69c7163720a","17619951","1688466323","2023-07-04 10:25:23","Bought","0x3311cf26829b6b009488c067f5d56db2a2595c82","BoredApeYachtClub","8129","721","1","32.27 ETH ($62,485.69)","Blur"
"0x06b978a7812d789f1fa568f5ae78583baa4dae2230138a6272e785eb7681080f","17619989","1688466779","2023-07-04 10:32:59","Bought","0x038666d86f8c758842269915e2df6fa4ac39ec92","BoredApeYachtClub","2142","721","1","35.5 ETH ($68,740.07)","Blur"
"0xfa23c2b20da8613716e37d609feb0219de8c1594e7df4f0bd02871b513e1774f","17620026","1688467223","2023-07-04 10:40:23","Bought","0xcafba4ca4a4886ae0938cc8ef91b605db9e4bf08","BoredApeYachtClub","6346","721","1","30.29 ETH ($58,651.74)","Blur"
"0x819cebcf1302797265ebd0a28e981ab636f38833014e820c48ba6feee6d3e226","17620326","1688470859","2023-07-04 11:40:59","Bought","0x027750420d3f4dd56f558871792b1632a21c6205","BoredApeYachtClub","8394","721","1","39.9 ETH ($77,259.97)","OpenSea"
"0x8085e04f4cc09ca61bcdfeb3e245996cff3d8ed79015c4d5953eb1b762ccd9dd","17620494","1688472887","2023-07-04 12:14:47","Bought","0x2244deba8c0e788a60b30b805ff970e082bdbc5a","BoredApeYachtClub","6033","721","1","29.68 Blur Pool ($57,470.57)","Blur"
"0x04fc621179253a40d64076b6dfda425bd4d359de6c4b00db5b58318e3d2fe276","17620588","1688474027","2023-07-04 12:33:47","Bought","0x672e1260b4e10455fe7bf335ee4761c9ed2198be","BoredApeYachtClub","1874","721","1","34.99 ETH ($67,752.54)","OpenSea"
"0x89d1afa2d78ce94afe5b55d4b3095df2370b7185b26cadaf1cce869fc5b466da","17620667","1688474987","2023-07-04 12:49:47","Bought","0x7ca8e6b21de829c094f44ff9b410ca8e5524484f","BoredApeYachtClub","577","721","1","29.66 Blur Pool ($57,431.84)","Blur"
"0x624e2c5f87c3a2a7df20302947dfbcf8965c2b589177dd4ceae1aeb2407025fd","17620902","1688477819","2023-07-04 13:36:59","Bought","0xc4c4b5da2e9c7d872d3afe9a1e033d64584cf0f9","BoredApeYachtClub","4210","721","1","31.5 ETH ($60,994.71)","OpenSea"
"0xdc99027356dee4eaceda20cef237375e67e2c3a9cd508c0c0af95764b1a9fd4b","17620933","1688478203","2023-07-04 13:43:23","Bought","0x17b70f6b0dd3bf1322f972e84531767b8574e47e","BoredApeYachtClub","3767","721","1","32.5 ETH ($62,931.05)","OpenSea"
"0x1d4cc772e33cbe3e4814b9f7951ee961bf39fe16ece7ff91729455186a6566b6","17621045","1688479595","2023-07-04 14:06:35","Bought","0xbcd56706a88e87e12fa261d7474544efa9b911db","BoredApeYachtClub","9255","721","1","30.6 ETH ($59,252.00)","Blur"
"0xcea11c9e944a60f3b843096882289ef6fddebfa5e380f5664772dde7c7a4b799","17621280","1688482511","2023-07-04 14:55:11","Bought","0x65249532663d15a76007688a8bfa1b109973ad41","BoredApeYachtClub","2202","721","1","31 ETH ($60,026.54)","X2Y2"
"0xe10caae299051e6e0058b9a54f6e2eb71e44d7b83668db9eb98b5e7c7a13c9c4","17621624","1688486687","2023-07-04 16:04:47","Bought","0x82980c4e84da5656bb58b5a04aee4db6af123326","BoredApeYachtClub","3542","721","1","31.5 ETH ($60,994.71)","Blur"
"0x2605e073e2d35b903087ecba9e04e3f10685bf838668d495c3d92c330326ba5c","17621668","1688487227","2023-07-04 16:13:47","Bought","0x6bd7f5e17f280b65d6d27fa564d864ee10c1beb6","BoredApeYachtClub","9910","721","1","29.99 ETH ($58,070.84)","Blur"
"0xbc124bd100bb1be1da1957e6ea6d36988eac0f39ab996129b1ea89f2289ee0f9","17621723","1688487899","2023-07-04 16:24:59","Bought","0x7105ba303ce8642986df5abd3889634a735ac316","BoredApeYachtClub","56","721","1","29.81 Blur Pool ($57,722.30)","Blur"
"0x8aac2ec2cd3763a7ad9ef4cbac8a56b9ec1f161e63d3511f0450de587b521027","17622580","1688498231","2023-07-04 19:17:11","Bought","0x299035b094be9e3b700aa02f7265368ca757470e","BoredApeYachtClub","9910","721","1","30.55 ETH ($59,155.19)","OpenSea"
"0x5bec8aa9f256dd50ac30b25d91a997508185acb262a6b4ae89f6fdc59549d92a","17622691","1688499587","2023-07-04 19:39:47","Bought","0xbc3ac1ec5f155ab95551780cd4575e48da26cc12","BoredApeYachtClub","5403","721","1","29.92 Blur Pool ($57,935.29)","Blur"
"0x0b400a079071828fae0c0f5e20f3c46b6b80b2d1748a8b4de0b5ddbf967d218f","17623045","1688503835","2023-07-04 20:50:35","Bought","0x174ed45bdd356c55fcb5336e06f3df059873cb41","BoredApeYachtClub","8033","721","1","30.234 ETH ($58,543.30)","Blur"
"0x6dec6d868dd79a237db7e7bc8d779ea9017205920fcfe74f564cd0228c901165","17623345","1688507483","2023-07-04 21:51:23","Bought","0xc90eb40062a26fb4290b614ff7bd426490f077be","BoredApeYachtClub","1785","721","1","35 ETH ($67,771.90)","Blur"
"0x12c0732797a642a90a5cd9a2d640410294895629e5329a08e01d92c3b4c23554","17623398","1688508119","2023-07-04 22:01:59","Bought","0xe033080a0486898af493fd8430ef33aa64c417b5","BoredApeYachtClub","1707","721","1","30.5 ETH ($59,058.37)","Blur"
"0xa94a487b97e64e1944dc7f33346ad24c1cc8591ebfe912c95760ddcf94780c0c","17623413","1688508299","2023-07-04 22:04:59","Bought","0x41c028618afab5a9d572a335bc7acd8bde10fee3","BoredApeYachtClub","6510","721","1","30.33 WETH ($58,729.19)","OpenSea"
"0x3df09408844496f7c57921c26a6e8d204c77cbf8bc942fdf8436e3c1991e6bdc","17623572","1688510231","2023-07-04 22:37:11","Bought","0xbda35c85e2e732398f0b334d6570f6c7041566a7","BoredApeYachtClub","9218","721","1","35 ETH ($67,771.90)","OpenSea"
"0x43975c834b09884960e97d795cd26de9eb5d0d6e8c9469ada2783ce84d66425a","17623791","1688512967","2023-07-04 23:22:47","Bought","0xf011f97d87ba4ac949c940a84b12e276e13f0529","BoredApeYachtClub","3815","721","1","30.01 Blur Pool ($58,109.56)","Blur"
"0x97ac781271a3e5ee32221c659efb42a32cdf9c6b40788d7a050d5e3e8b1ed681","17624029","1688515871","2023-07-05 00:11:11","Bought","0x70219c18604debf89379d566a622bde2c5bc7621","BoredApeYachtClub","9770","721","1","36.69 ETH ($70,088.17)","X2Y2"
"0xe6993c0dce079c139f436be6984ff8a67222c1f3d6807f3943cf6a8688b86d07","17624584","1688522555","2023-07-05 02:02:35","Bought","0x371267a1863080c5f39229183350e0d87d39743e","BoredApeYachtClub","2202","721","1","31.69 ETH ($60,536.77)","Blur"
"0xa176342f746bef14f7761d987aaa4eed9e6cbcb788a99d681b8031c247c1e737","17624628","1688523107","2023-07-05 02:11:47","Bought","0x5d581bf25a4fc9a7f05a4531544d55d2107def75","BoredApeYachtClub","3607","721","1","31 ETH ($59,218.68)","Blur"
"0xfac5af731563a21aab3cf7314e239b0355f61b06761d4357f337b770053208d8","17624651","1688523383","2023-07-05 02:16:23","Bought","0x17b70f6b0dd3bf1322f972e84531767b8574e47e","BoredApeYachtClub","3607","721","1","31.95 ETH ($61,033.45)","Blur"
"0x8a56c08f03a041440279428b29bbf7bf0c89a423412e869d3b154678fd66bfa9","17624665","1688523563","2023-07-05 02:19:23","Bought","0x5d581bf25a4fc9a7f05a4531544d55d2107def75","BoredApeYachtClub","3607","721","1","30.5 ETH ($58,263.54)","Blur"
"0x08b5f93f0cc1b7ceeff1b946a53ff2e66f8b1857d955a97803d02c0e7cc0ce8a","17624739","1688524451","2023-07-05 02:34:11","Bought","0x8634dcd5f61eb2759f5b11bc5126bbd5327cfcd4","BoredApeYachtClub","1707","721","1","30.5 ETH ($58,263.54)","X2Y2"
"0xc4a33156c7a32d3df6f797abd249aa38079b16dca58aaaf3262468ff028e31cb","17624745","1688524523","2023-07-05 02:35:23","Bought","0x020ca66c30bec2c4fe3861a94e4db4a498a35872","BoredApeYachtClub","273","721","1","30.03 Blur Pool ($57,365.71)","Blur"
"0xc4a33156c7a32d3df6f797abd249aa38079b16dca58aaaf3262468ff028e31cb","17624745","1688524523","2023-07-05 02:35:23","Bought","0x020ca66c30bec2c4fe3861a94e4db4a498a35872","BoredApeYachtClub","2541","721","1","30.03 Blur Pool ($57,365.71)","Blur"
"0xc4a33156c7a32d3df6f797abd249aa38079b16dca58aaaf3262468ff028e31cb","17624745","1688524523","2023-07-05 02:35:23","Bought","0x020ca66c30bec2c4fe3861a94e4db4a498a35872","BoredApeYachtClub","3478","721","1","30.03 Blur Pool ($57,365.71)","Blur"
"0xc4a33156c7a32d3df6f797abd249aa38079b16dca58aaaf3262468ff028e31cb","17624745","1688524523","2023-07-05 02:35:23","Bought","0x020ca66c30bec2c4fe3861a94e4db4a498a35872","BoredApeYachtClub","4468","721","1","30.03 Blur Pool ($57,365.71)","Blur"
"0xc4a33156c7a32d3df6f797abd249aa38079b16dca58aaaf3262468ff028e31cb","17624745","1688524523","2023-07-05 02:35:23","Bought","0x020ca66c30bec2c4fe3861a94e4db4a498a35872","BoredApeYachtClub","5688","721","1","30.03 Blur Pool ($57,365.71)","Blur"
"0xc4a33156c7a32d3df6f797abd249aa38079b16dca58aaaf3262468ff028e31cb","17624745","1688524523","2023-07-05 02:35:23","Bought","0x020ca66c30bec2c4fe3861a94e4db4a498a35872","BoredApeYachtClub","6114","721","1","30.03 Blur Pool ($57,365.71)","Blur"
"0xc4a33156c7a32d3df6f797abd249aa38079b16dca58aaaf3262468ff028e31cb","17624745","1688524523","2023-07-05 02:35:23","Bought","0x020ca66c30bec2c4fe3861a94e4db4a498a35872","BoredApeYachtClub","7230","721","1","30.03 Blur Pool ($57,365.71)","Blur"
"0xc4a33156c7a32d3df6f797abd249aa38079b16dca58aaaf3262468ff028e31cb","17624745","1688524523","2023-07-05 02:35:23","Bought","0x020ca66c30bec2c4fe3861a94e4db4a498a35872","BoredApeYachtClub","847","721","1","30.03 Blur Pool ($57,365.71)","Blur"
"0xc4a33156c7a32d3df6f797abd249aa38079b16dca58aaaf3262468ff028e31cb","17624745","1688524523","2023-07-05 02:35:23","Bought","0x020ca66c30bec2c4fe3861a94e4db4a498a35872","BoredApeYachtClub","8831","721","1","30.02 Blur Pool ($57,346.61)","Blur"
"0xc4a33156c7a32d3df6f797abd249aa38079b16dca58aaaf3262468ff028e31cb","17624745","1688524523","2023-07-05 02:35:23","Bought","0x020ca66c30bec2c4fe3861a94e4db4a498a35872","BoredApeYachtClub","9274","721","1","30.02 Blur Pool ($57,346.61)","Blur"
"0xc4a33156c7a32d3df6f797abd249aa38079b16dca58aaaf3262468ff028e31cb","17624745","1688524523","2023-07-05 02:35:23","Bought","0x020ca66c30bec2c4fe3861a94e4db4a498a35872","BoredApeYachtClub","9466","721","1","30.02 Blur Pool ($57,346.61)","Blur"
"0xc4a33156c7a32d3df6f797abd249aa38079b16dca58aaaf3262468ff028e31cb","17624745","1688524523","2023-07-05 02:35:23","Bought","0x020ca66c30bec2c4fe3861a94e4db4a498a35872","BoredApeYachtClub","8872","721","1","30.02 Blur Pool ($57,346.61)","Blur"
"0xc4a33156c7a32d3df6f797abd249aa38079b16dca58aaaf3262468ff028e31cb","17624745","1688524523","2023-07-05 02:35:23","Bought","0x020ca66c30bec2c4fe3861a94e4db4a498a35872","BoredApeYachtClub","8926","721","1","30.02 Blur Pool ($57,346.61)","Blur"
"0xc4a33156c7a32d3df6f797abd249aa38079b16dca58aaaf3262468ff028e31cb","17624745","1688524523","2023-07-05 02:35:23","Bought","0x020ca66c30bec2c4fe3861a94e4db4a498a35872","BoredApeYachtClub","8807","721","1","30.02 Blur Pool ($57,346.61)","Blur"
"0xc4a33156c7a32d3df6f797abd249aa38079b16dca58aaaf3262468ff028e31cb","17624745","1688524523","2023-07-05 02:35:23","Bought","0x020ca66c30bec2c4fe3861a94e4db4a498a35872","BoredApeYachtClub","6086","721","1","30.02 Blur Pool ($57,346.61)","Blur"
"0xc6d39190a0b51725451bd974412619228737b7e64b7c14b93d65dafe16ce5455","17625587","1688534699","2023-07-05 05:24:59","Bought","0x48c75703c9d1094fda0b05228ed8de222470accd","BoredApeYachtClub","6374","721","1","29.98 Blur Pool ($57,270.19)","Blur"
"0xef50a1c7e6fda2d64fea449a50c37afbe752ef23ab7118d2d9b7b149e36c5d9b","17626408","1688544635","2023-07-05 08:10:35","Bought","0xd6eb9031fccc32067dc3a2f99d03e9ead5743dc5","BoredApeYachtClub","8255","721","1","30.03 Blur Pool ($57,365.71)","Blur"
"0x404cd775ac72e9a6985587aa44c238c1beff9b8acb653f92e002137245c60cd7","17626413","1688544695","2023-07-05 08:11:35","Bought","0x020ca66c30bec2c4fe3861a94e4db4a498a35872","BoredApeYachtClub","3590","721","1","30.03 Blur Pool ($57,365.71)","Blur"
"0x404cd775ac72e9a6985587aa44c238c1beff9b8acb653f92e002137245c60cd7","17626413","1688544695","2023-07-05 08:11:35","Bought","0x020ca66c30bec2c4fe3861a94e4db4a498a35872","BoredApeYachtClub","4888","721","1","30.03 Blur Pool ($57,365.71)","Blur"
"0x404cd775ac72e9a6985587aa44c238c1beff9b8acb653f92e002137245c60cd7","17626413","1688544695","2023-07-05 08:11:35","Bought","0x020ca66c30bec2c4fe3861a94e4db4a498a35872","BoredApeYachtClub","4906","721","1","30.02 Blur Pool ($57,346.61)","Blur"
"0x404cd775ac72e9a6985587aa44c238c1beff9b8acb653f92e002137245c60cd7","17626413","1688544695","2023-07-05 08:11:35","Bought","0x020ca66c30bec2c4fe3861a94e4db4a498a35872","BoredApeYachtClub","492","721","1","30.02 Blur Pool ($57,346.61)","Blur"
"0x404cd775ac72e9a6985587aa44c238c1beff9b8acb653f92e002137245c60cd7","17626413","1688544695","2023-07-05 08:11:35","Bought","0x020ca66c30bec2c4fe3861a94e4db4a498a35872","BoredApeYachtClub","526","721","1","30 Blur Pool ($57,308.40)","Blur"
"0x404cd775ac72e9a6985587aa44c238c1beff9b8acb653f92e002137245c60cd7","17626413","1688544695","2023-07-05 08:11:35","Bought","0x020ca66c30bec2c4fe3861a94e4db4a498a35872","BoredApeYachtClub","56","721","1","30 Blur Pool ($57,308.40)","Blur"
"0xf84796ff3c482583d3affeca33ceeb4b38b41e3006b753388a1b3a8bb996a033","17626431","1688544911","2023-07-05 08:15:11","Bought","0x020ca66c30bec2c4fe3861a94e4db4a498a35872","BoredApeYachtClub","8806","721","1","29.51 Blur Pool ($56,372.36)","Blur"
"0x16181da7011114f6cfb4bbc2b5b5a47c57e12762d2d7c6d194daab1ef36c4bba","17626450","1688545139","2023-07-05 08:18:59","Bought","0x020ca66c30bec2c4fe3861a94e4db4a498a35872","BoredApeYachtClub","593","721","1","29.26 Blur Pool ($55,894.79)","Blur"
"0x16181da7011114f6cfb4bbc2b5b5a47c57e12762d2d7c6d194daab1ef36c4bba","17626450","1688545139","2023-07-05 08:18:59","Bought","0x020ca66c30bec2c4fe3861a94e4db4a498a35872","BoredApeYachtClub","8610","721","1","29.24 Blur Pool ($55,856.59)","Blur"
"0x16181da7011114f6cfb4bbc2b5b5a47c57e12762d2d7c6d194daab1ef36c4bba","17626450","1688545139","2023-07-05 08:18:59","Bought","0x020ca66c30bec2c4fe3861a94e4db4a498a35872","BoredApeYachtClub","5749","721","1","29.24 Blur Pool ($55,856.59)","Blur"
"0x16181da7011114f6cfb4bbc2b5b5a47c57e12762d2d7c6d194daab1ef36c4bba","17626450","1688545139","2023-07-05 08:18:59","Bought","0x020ca66c30bec2c4fe3861a94e4db4a498a35872","BoredApeYachtClub","1738","721","1","29.24 Blur Pool ($55,856.59)","Blur"
"0x16181da7011114f6cfb4bbc2b5b5a47c57e12762d2d7c6d194daab1ef36c4bba","17626450","1688545139","2023-07-05 08:18:59","Bought","0x020ca66c30bec2c4fe3861a94e4db4a498a35872","BoredApeYachtClub","2511","721","1","29.24 Blur Pool ($55,856.59)","Blur"
"0x10bbd11259c323ffe30d01a92209d408fcffb2324d1e35da6cb9a0bac41bd4b3","17626461","1688545271","2023-07-05 08:21:11","Bought","0x020ca66c30bec2c4fe3861a94e4db4a498a35872","BoredApeYachtClub","1540","721","1","28.99 Blur Pool ($55,379.02)","Blur"
"0x79eeecbf9148a2d09317fffd865be200103999ea9e7a5bb7faf541914a00f024","17626478","1688545475","2023-07-05 08:24:35","Bought","0x1dad1d2c851dc9a0622dbb0876f12dab68edc0c9","BoredApeYachtClub","1041","721","1","28.99 ETH ($55,379.02)","Blur"
"0x70deee2a36efa0ead38e15f031c236e53d29348f1af400589109015be25c0164","17626479","1688545487","2023-07-05 08:24:47","Bought","0x2244deba8c0e788a60b30b805ff970e082bdbc5a","BoredApeYachtClub","884","721","1","28.99 ETH ($55,379.02)","Blur"
"0x4e02af0dd27bf19bde8413c3089baf7a489b2b0013509f415121300de918ba57","17626748","1688548811","2023-07-05 09:20:11","Bought","0x65249532663d15a76007688a8bfa1b109973ad41","BoredApeYachtClub","2417","721","1","29.74 ETH ($56,811.73)","X2Y2"
"0x9cc3f5cf7f434f3ee650c01b0fbb81a159dc24d99c6b3aee1163c9e29cb1b410","17627117","1688553299","2023-07-05 10:34:59","Bought","0x847b9de3d958a45fd290cae25a5a260e287e6f69","BoredApeYachtClub","2417","721","1","31 ETH ($59,218.68)","Blur"
"0x16989429598b1d5ab7f96b6a1479fda8cc532e0876c478a13dfc84826d985bf6","17627604","1688559179","2023-07-05 12:12:59","Bought","0x9f195fc8c58695ca1c34c9f29d52c950a6b2418f","BoredApeYachtClub","1868","721","1","32.2 ETH ($61,511.02)","X2Y2"
"0x72d3f664b3faf5543fd81f2c8b2c99f9e95756ee88ffd96b16ef4e0febc5147c","17627617","1688559335","2023-07-05 12:15:35","Bought","0x88ad97554fa5635cb40b7e0fa1f8434efc1da5f1","BoredApeYachtClub","9281","721","1","39.95 ETH ($76,315.69)","Blur"
"0xf74f29dc707dd719ebac7fd92d90e931c90f189b44c1f437e14a241d620e9428","17627624","1688559419","2023-07-05 12:16:59","Bought","0xce841f783dc6d9df256af36b1cf6b3a52aa57cdc","BoredApeYachtClub","5006","721","1","30 WETH ($57,308.40)","OpenSea"
"0xed5f91c2d3c6cdac5e490065a47eb0169f87132bfd7f06d149e06b717472f98f","17628540","1688570519","2023-07-05 15:21:59","Bought","0xbc3ac1ec5f155ab95551780cd4575e48da26cc12","BoredApeYachtClub","8806","721","1","30.2 Blur Pool ($57,690.46)","Blur"
"0xf4145998a12d630b1cf0a4f139a3b9ee1afe346874b5c06fc4b79b47ec1f1050","17628625","1688571539","2023-07-05 15:38:59","Bought","0xf15c93562bc3944a68e938ef75d2a3360d98ca57","BoredApeYachtClub","8561","721","1","29.7223 WETH ($56,777.92)","OpenSea"
"0x3ab8eeb53857acabb786d56682407734d617384391e36b4909e6a1b7da4db672","17628649","1688571827","2023-07-05 15:43:47","Bought","0x3e57efef507b4db7acfa2ee79ceca6b19e18d106","BoredApeYachtClub","1540","721","1","30.1 Blur Pool ($57,499.43)","Blur"
"0x6abb43242730f123e19d1917f964fc062c863b0bcbe2cd9f5e4011e3594abb27","17629438","1688581379","2023-07-05 18:22:59","Bought","0x89b92ceced47871d54fea345a274e28414b7086b","BoredApeYachtClub","9643","721","1","38 ETH ($72,590.64)","OpenSea"
"0x51c59c9c6922c08801c57238a87115ece85850a2b1213b38db9e3157a75f5237","17630068","1688589035","2023-07-05 20:30:35","Bought","0x47a9f89b1587db59a9aa53a93e9eae5915e8b36f","BoredApeYachtClub","9770","721","1","38.69 ETH ($73,908.73)","X2Y2"
"0x84bd23d69afdd0549510605251032b596c92951410faeaae8ef00d989cd9b310","17630429","1688593403","2023-07-05 21:43:23","Bought","0x424c57218884ef275ca22a157353b4a4bdac691e","BoredApeYachtClub","8879","721","1","34.75 ETH ($66,382.23)","OpenSea"
"0x4928b274fd23f8805e5ca6ca2c373b85cca737ceb15c5779068c8585a05c806f","17630589","1688595323","2023-07-05 22:15:23","Bought","0x4b252ab7fb2080850598db600c08a4f995250e12","BoredApeYachtClub","8230","721","1","33 ETH ($63,039.24)","X2Y2"
"0x285b980d3683e5857afc4ff0cb53897de62c74dbb0b68a2e0fcb2f495d3051a0","17630597","1688595419","2023-07-05 22:16:59","Bought","0x709dc5c73eb23e0a8ddeab35a0519ca1faca85a5","BoredApeYachtClub","1357","721","1","41.2 ETH ($78,703.54)","Blur"
"0x7406f58fe9abb4bb05fe77c57cb940a04222d5da4a1f8373d836e7ab83b54c6a","17631222","1688603015","2023-07-06 00:23:35","Bought","0x1fef500586a301d843a8049b6fefb920b4888513","BoredApeYachtClub","9457","721","1","36.49 ETH ($67,391.92)","OpenSea"
"0xc12a84c73181e005d932c16eacf56c1db7b6da8fe94f72fe7b43107555383e7a","17631380","1688604947","2023-07-06 00:55:47","Bought","0x9a54f65ed7c63dbe87a8652440c43f0149d870be","BoredApeYachtClub","7961","721","1","30 WETH ($55,405.80)","OpenSea"
"0xf529801a0aa939aba7bb26874c6a0bcaf33aa9f4cd9e5f1ad238e5620b83ec3a","17631417","1688605415","2023-07-06 01:03:35","Bought","0xba672f2e0dda1f6a6cb461790b2add23c8f946c8","BoredApeYachtClub","3542","721","1","35 ETH ($64,640.10)","X2Y2"
"0x13ef5beb3731a927e406a6f6679e97c8fb6e5f6485254f44379136fcbc8aeaf0","17631436","1688605643","2023-07-06 01:07:23","Bought","0xc26d462b93f82d8575b423c002dc30554f01cbef","BoredApeYachtClub","2436","721","1","29.99 ETH ($55,387.33)","OpenSea"
"0x8c40cb57f060ceaf1b4d3fe60c5149ac35cb92eb33817120c47356e4f978f436","17631601","1688607659","2023-07-06 01:40:59","Bought","0x020ca66c30bec2c4fe3861a94e4db4a498a35872","BoredApeYachtClub","7680","721","1","32 ETH ($59,099.52)","Blur"
"0xca0d9d3cb1e0923ca7469937026c5fb8625ca6c9711ff24eb61bed788aff67b3","17632335","1688616491","2023-07-06 04:08:11","Bought","0x29035f4d3e2a8a19a3b0371118eb05655d20232b","BoredApeYachtClub","9240","721","1","28.75 ETH ($53,097.23)","X2Y2"
"0xeb85dd4642f36fb1d2e7b9328fe376faf5dcaae05e7393363bf91322eb54dc72","17632591","1688619599","2023-07-06 04:59:59","Bought","0x1dec074b2f4281d9be5783a961d82f6ee67efab7","BoredApeYachtClub","5654","721","1","32 ETH ($59,099.52)","Blur"
"0x624ed48460fa28d1d09fb847d626c476bc6b2a2405b9a7e909fe42d692913abe","17632674","1688620607","2023-07-06 05:16:47","Bought","0xbaf7b33ec9af4fd874ad9052dad94cefb57a9c1d","BoredApeYachtClub","1540","721","1","30.09 ETH ($55,572.02)","OpenSea"
"0x599762fab81676dfb5f74471bd29ac705da9559bf3d35907248ffe4964de995f","17633377","1688629187","2023-07-06 07:39:47","Bought","0x38e07c9de383bc4ae1cb9444ceb292ad0e0494fe","BoredApeYachtClub","8646","721","1","47.69 ETH ($88,076.75)","X2Y2"
"0x529bf128b0b0bd4230472da5215a80373b1bd910ea415125b2a2bfd58a55eab6","17633636","1688632307","2023-07-06 08:31:47","Bought","0x1529d2e640f7febd3e9dc40728cac060a2739d70","BoredApeYachtClub","6346","721","1","30 ETH ($55,405.80)","X2Y2"
"0x0c24c21e6ab5844cba1e2c4edc4a47c4339ec7375f74e15ad36a3be86a2958be","17633870","1688635127","2023-07-06 09:18:47","Bought","0xc4ae17c82d6a7a4977916c7a27ab39f8529c613e","BoredApeYachtClub","7013","721","1","35.9021 ETH ($66,306.15)","OpenSea"
"0x92e8ce9201acc1e9e1d4ecd9b86d2248703acd90094f54129b73cee2ac836e82","17634530","1688643167","2023-07-06 11:32:47","Bought","0xaf4c0aa826ce249b990e3634cb0a2437ebd5ff5a","BoredApeYachtClub","4093","721","1","30.49 ETH ($56,310.76)","OpenSea"
"0x2e1f2437e43e95c2ccb57b90977d1e03514005b18eefe68cad220adecdec70ae","17634606","1688644079","2023-07-06 11:47:59","Bought","0x65e78473f91db2b19b8123d5914b002f57e4e283","BoredApeYachtClub","8394","721","1","39 ETH ($72,027.54)","Unknown"
"0xb9270011daa1cd80bad6b2c549b293eb61dcdda51489e49ecb9d585005880d9b","17635142","1688650607","2023-07-06 13:36:47","Bought","0x4d08a1ec94ca749be19a9209541ad4590375421d","BoredApeYachtClub","4093","721","1","30.65 ETH ($56,606.26)","Blur"
"0x18470be8f060e4f4d51c71c0e4101ca517ec72d8e0fd55e259832b95af81e6ec","17635890","1688659715","2023-07-06 16:08:35","Bought","0xcf5429ae5edd0fb1e4a8f164fc2b95c100f3591e","BoredApeYachtClub","9330","721","1","31.6 ETH ($58,360.78)","OpenSea"
"0xdf69e21453dcde582e8955d6d7f17c5bd3d5a355148134552b3c11e61cb13836","17635960","1688660555","2023-07-06 16:22:35","Bought","0x65249532663d15a76007688a8bfa1b109973ad41","BoredApeYachtClub","9885","721","1","30.6 ETH ($56,513.92)","X2Y2"
"0x28bc218380318de111bebaaa2191c9a4a95b5b252feaa38cc3e251b9a53acb0b","17636094","1688662175","2023-07-06 16:49:35","Bought","0x4c54d41126a56f45f181cc4abc3b5ed5452bc8e1","BoredApeYachtClub","9240","721","1","30.75 ETH ($56,790.95)","X2Y2"
"0x41761c8ffaae95c13689011586bc8fe15f3c67e2148d5a32616468f8b6079546","17636259","1688664167","2023-07-06 17:22:47","Bought","0x5e525f13ebec9a839e7a5d69a901c726110ef179","BoredApeYachtClub","8129","721","1","32.5 ETH ($60,022.95)","X2Y2"
"0xc4e7fbe731c87e0f8c84f333032d27b8ab2f57874e26c7812ca96df186fa5e51","17637014","1688673347","2023-07-06 19:55:47","Bought","0x6483a995f62d6318e537764f34e32faee9d7569a","BoredApeYachtClub","8831","721","1","30.45 ETH ($56,236.89)","OpenSea"
"0x654bbcc0bc3fe456ce2bbf3cedc63deecb75f1d1c23bf07ac6c84bc44e04efd1","17638174","1688687387","2023-07-06 23:49:47","Bought","0xb9e2d08994fcd30572fe9599f8b1dd4cf336617c","BoredApeYachtClub","2511","721","1","30.7 ETH ($56,698.60)","OpenSea"
"0x1a71fa8343218dbae145547c488d1f6354d7152f3146cbf88c153d538e2f214d","17639354","1688701679","2023-07-07 03:47:59","Bought","0x1908a3232eed9186b4a5b666075711d2db0200e5","BoredApeYachtClub","3953","721","1","200 ETH ($374,146.00)","OpenSea"
"0x69e7bd58521e9abba03047e32b63d9142b954871e93049485ab3f45d1f7e9fd8","17639572","1688704307","2023-07-07 04:31:47","Bought","0x5f8ebac10ccf4e1b72e144eabb752ad104a0edab","BoredApeYachtClub","2518","721","1","30.45 ETH ($56,963.73)","OpenSea"
"0x6b512086a3ba6780f704d19c4f75805909baf4a1068d4c3c90050907c3e37988","17639674","1688705531","2023-07-07 04:52:11","Bought","0x66e237350e9094971aa726320be670a931858530","BoredApeYachtClub","5214","721","1","31.01 ETH ($58,011.34)","OpenSea"
"0x0b68bc38c42f3a9eceb83fe35bc2a9aa285658613b0194a03d992d775584e46d","17640958","1688721155","2023-07-07 09:12:35","Bought","0xf9c461556f54be8da0855cb0a0373e9e80d5c0b7","BoredApeYachtClub","6449","721","1","33 ETH ($61,734.09)","OpenSea"
"0xe105399e8c697a27a819e3bad0657f43e24364f8ec60747f596334affbb35cd0","17641547","1688728307","2023-07-07 11:11:47","Bought","0x3ea899819660317a8724d5af4e0becf0cdb08ea4","BoredApeYachtClub","2719","721","1","34 ETH ($63,604.82)","OpenSea"
"0xd2876d1a7d5ec2b8d66fef713c5b95304d20c1279ec4bc3024719f72b03eb0c7","17641568","1688728559","2023-07-07 11:15:59","Bought","0x1dad1d2c851dc9a0622dbb0876f12dab68edc0c9","BoredApeYachtClub","6744","721","1","32.5 ETH ($60,798.73)","OpenSea"
"0x6dd01b6fd81a795fcc9c2e23bec370dc46e523c3862303ab3d9c7f99071415d6","17642171","1688735879","2023-07-07 13:17:59","Bought","0x031bdf5a02b1712e679581d60c9203ddb250daa5","BoredApeYachtClub","9369","721","1","34.69 ETH ($64,895.62)","Blur"
"0x6e18c65ebe29a1234f5c3399b7ec570abea487070a157c9f2c23efe3a36fd42e","17642686","1688742131","2023-07-07 15:02:11","Bought","0xc62d50fceb5275c4ca97ad807044ae12b4042402","BoredApeYachtClub","2925","721","1","32.5 ETH ($60,798.73)","OpenSea"
"0xe1f2309984b89eacce802bfaaf118c965942a1195648051e4b0b3a93a2347697","17642717","1688742503","2023-07-07 15:08:23","Bought","0xea92cfde706997af996e4003548aaf1053f836b4","BoredApeYachtClub","6616","721","1","39 ETH ($72,958.47)","OpenSea"
"0xeaad0ccf05be9ccf36af99534e674e245645363fc31ce64e7707ac3eebd43637","17642739","1688742767","2023-07-07 15:12:47","Bought","0x99922dc998372eb1064c2a25e72b695ac0c11c25","BoredApeYachtClub","7583","721","1","33 ETH ($61,734.09)","Blur"
"0xf16273a1bb6be07d778bb82a4ebd7b6a4fbf0bc728f9e273abea3e7cea3b2718","17642765","1688743079","2023-07-07 15:17:59","Bought","0xcefb3ff344a0680b59896d8f273c473184c69281","BoredApeYachtClub","6971","721","1","33.9 ETH ($63,417.75)","OpenSea"
"0x1baac8c875ed0006e4f938f6e1880a1d4d40117784678d4120d58a67239da2bd","17643165","1688747963","2023-07-07 16:39:23","Bought","0x5e525f13ebec9a839e7a5d69a901c726110ef179","BoredApeYachtClub","8129","721","1","36.8 ETH ($68,842.86)","X2Y2"
"0x59f54e8d5d46db3481b398a7bc9aa030d84f697f9d7b548bae814a6d88e9a513","17643256","1688749055","2023-07-07 16:57:35","Bought","0x805076bb8b11466ae76cfd2d4b67bcb69f449070","BoredApeYachtClub","8690","721","1","49 ETH ($91,665.77)","X2Y2"
"0x53ad93dfcc34771036631ee6cab9cc729697530a108730da7811b56a60f4c600","17643286","1688749415","2023-07-07 17:03:35","Bought","0xa8aad55c115a9213d790e11ad90a60f3540fee72","BoredApeYachtClub","2544","721","1","37 ETH ($69,217.01)","Blur"
"0x173f28b755ec9fa8c24e02c6b2cfba958daae4092093ab781870515955d4c0a1","17643416","1688751023","2023-07-07 17:30:23","Bought","0xdeb7a4a4505e91e810654fc8f0c7f03d3ad26907","BoredApeYachtClub","9466","721","1","34.2969 ETH ($64,160.24)","OpenSea"
"0xd4292421ee70e7a4a54cd3362b9c80ef8214dba2bf98cb9aeda78d81ddd1f8d2","17643495","1688751971","2023-07-07 17:46:11","Bought","0x47a9f89b1587db59a9aa53a93e9eae5915e8b36f","BoredApeYachtClub","8343","721","1","39.75 ETH ($74,361.52)","OpenSea"
"0xf2d2a49615274920454a7c0e1ab2ed19a47fa2a8e447999a6cc4ab9f458645af","17643598","1688753231","2023-07-07 18:07:11","Bought","0xce841f783dc6d9df256af36b1cf6b3a52aa57cdc","BoredApeYachtClub","9775","721","1","45 ETH ($84,182.85)","X2Y2"
"0x1fc3f9af51fcb90c40a9cbb5f55dc43b978b782bd9a9e21db3a51e4790595964","17643829","1688756039","2023-07-07 18:53:59","Bought","0x6ebf331b50381dfa87af6b451751351c91e0879a","BoredApeYachtClub","9907","721","1","34.5 ETH ($64,540.19)","Blur"
"0x2ebcb05cce23e0bfd8ec8bfee20823b5d234a7a23d8f92e69c77c3b1feb69360","17644057","1688758823","2023-07-07 19:40:23","Bought","0x73d855f11cbc037966439570cdf99fcb96057827","BoredApeYachtClub","9775","721","1","35 ETH ($65,475.55)","X2Y2"
"0xba18fb9ff8604996073c7a79b42ad3fb2a0b72ef822d2ce1296917fbe3a72fd1","17644079","1688759087","2023-07-07 19:44:47","Bought","0xcb415344cd0fc552ce7b48ee9375991ff5865895","BoredApeYachtClub","7961","721","1","35 ETH ($65,475.55)","Blur"
"0x8523bacb64c2a82db3b7e011cdf819daf8fe718644a966b74af9d4f5cead6f93","17644270","1688761403","2023-07-07 20:23:23","Bought","0x95c4a2e9f296e972dc04c04fc076bdab9089c961","BoredApeYachtClub","9264","721","1","35.5 ETH ($66,410.92)","X2Y2"
"0x2d20cb894a3d6c9b67d7cf87fbf5c8a35097f7c60818d0602d8a8729d06a9c59","17644767","1688767379","2023-07-07 22:02:59","Bought","0xe80e2f695b2c6df928d0e553df3d2cf874175947","BoredApeYachtClub","586","721","1","53 ETH ($99,148.69)","Blur"
"0x3816df04b56728010a4964c2925bedb1a7f177a27972f0dc80565ef971f5bdc9","17645094","1688771327","2023-07-07 23:08:47","Bought","0x754546a93304602561140fb112c896bc0345d5bd","BoredApeYachtClub","6756","721","1","13 ETH ($24,319.49)","Unknown"
"0x3816df04b56728010a4964c2925bedb1a7f177a27972f0dc80565ef971f5bdc9","17645094","1688771327","2023-07-07 23:08:47","Bought","0x2f9ecaa66e12b6168996a6b80cda9bb142f80dd0","BoredApeYachtClub","4180","721","1","13 ETH ($24,319.49)","Unknown"
"0xa7d72d5b44e7ec9dd269034df3958ae4a3b4737355e0350276705cca87e1434d","17645593","1688777387","2023-07-08 00:49:47","Bought","0x8b8c46c56b72cf5fee82647724c3ee0564c49dd7","BoredApeYachtClub","8259","721","1","41 ETH ($76,490.42)","OpenSea"
"0x74dc7273321f128142386ab879c3ceeb5d147946b4cdc1a119e9943214ab421c","17646475","1688788079","2023-07-08 03:47:59","Bought","0xcb415344cd0fc552ce7b48ee9375991ff5865895","BoredApeYachtClub","1312","721","1","36 ETH ($67,162.32)","X2Y2"
"0x2d50d31ab6aa3507aeb45df1ffe0d7be44eda5e1ca68ac70378fa5e505b19017","17646537","1688788823","2023-07-08 04:00:23","Bought","0x0e36596d12c77c4924e5f88285887eff39ef58c7","BoredApeYachtClub","1986","721","1","39.75 ETH ($74,158.40)","Blur"
"0x43900c81a3ee28bce9e7c1d52cffeb78a010df90330e816f0768f254a270bbaa","17646556","1688789051","2023-07-08 04:04:11","Bought","0xcb415344cd0fc552ce7b48ee9375991ff5865895","BoredApeYachtClub","9118","721","1","46 ETH ($85,818.52)","X2Y2"
"0xdc57e905da72137d4aac1f5e0dea716765d05eb554878599dbcd8fc33362ff8c","17647771","1688803823","2023-07-08 08:10:23","Bought","0x04c919552a7d7078efb8f5ed24b820229a07b7d4","BoredApeYachtClub","8506","721","1","36.55 ETH ($68,188.41)","OpenSea"
"0x5e6ab82ec4957f5de3e6949ec8062e8da85d4b4afb5ba3efe7438c7e0482ac09","17648242","1688809547","2023-07-08 09:45:47","Bought","0x21b97b91623b5b55fc01693450f2e1b517d730c5","BoredApeYachtClub","3040","721","1","35.69 ETH ($66,583.98)","OpenSea"
"0x6f299fad3f3441a8f61a6affe0a6468882580e27d40e7d9575f45acfdbe123ae","17648556","1688813399","2023-07-08 10:49:59","Bought","0x002b05d19cb34a3336e9095c1de60248a12970dd","BoredApeYachtClub","3015","721","1","34.5 ETH ($64,363.89)","X2Y2"
"0x429c462a2117c1538a903582da473339c6813824c6930f4785b897fa535ed569","17648792","1688816255","2023-07-08 11:37:35","Bought","0x2f9ecaa66e12b6168996a6b80cda9bb142f80dd0","BoredApeYachtClub","6380","721","1","36 WETH ($67,162.32)","Unknown"
"0xc7373658689a092d7e0b68fb43802ca0318b05a73f19844bf8b1f67c159f07ef","17650066","1688831687","2023-07-08 15:54:47","Bought","0x29629f8b5e8b95c13807f837196b82c38f417d47","BoredApeYachtClub","3225","721","1","34.748 ETH ($64,826.56)","OpenSea"
"0x6686046f0d3e0fc38ceab33d369e1a48603f523055d2a3584e197c5042be7108","17650985","1688842787","2023-07-08 18:59:47","Bought","0xbe4f977cd749e9b16e5ea0d4f8f5838da49846cf","BoredApeYachtClub","6535","721","1","49.62 ETH ($92,572.06)","OpenSea"
"0xa2b1b9972b280a585f433124448cb161e9a67d008d6f6b8efbb9391464ef5c23","17653280","1688870843","2023-07-09 02:47:23","Bought","0xcb415344cd0fc552ce7b48ee9375991ff5865895","BoredApeYachtClub","1481","721","1","33 WETH ($61,482.63)","OpenSea"
"0xcebb0db19a64dd016bb36ccfc219a485a8329b32049d979093a6bf2f63986b31","17654237","1688882447","2023-07-09 06:00:47","Bought","0x7a3010b00d9866c80cadafeca573490e432ba3ac","BoredApeYachtClub","9301","721","1","33.75 ETH ($62,879.96)","X2Y2"
"0x708b93a6898fc1ca52f3015ec65762147cfa44e127c92d8e73da2461a58f688b","17654615","1688887055","2023-07-09 07:17:35","Bought","0xf9c461556f54be8da0855cb0a0373e9e80d5c0b7","BoredApeYachtClub","1568","721","1","50 ETH ($93,155.50)","OpenSea"
"0xc05e587ced5d1cf9f802cab9c41fc01968e19c97270de6c17fd8df2ae8abef8a","17655204","1688894183","2023-07-09 09:16:23","Bought","0xe969492dad509fbf160c30c12c744179fb26e79c","BoredApeYachtClub","6380","721","1","37.44 ETH ($69,754.84)","OpenSea"
"0xfc141224b9d33da856f4509377a8711d4d23092b41ce558b1a40642df6047c25","17655605","1688899091","2023-07-09 10:38:11","Bought","0xca0b3f3a49fbc724f136ade1169e98c5f6d53b4c","BoredApeYachtClub","6759","721","1","39 ETH ($72,661.29)","Blur"
"0xfa7e16dc26f54b5bd29cefb9b586b5cf8741c9bdcfc8120935dd3149dd8b343d","17656349","1688908127","2023-07-09 13:08:47","Bought","0xacdaeeb57ff6886fc8e203b9dd4c2b241df89b7a","BoredApeYachtClub","2631","721","1","37.1859 ETH ($69,281.42)","X2Y2"
"0xd8748edb1b0ef869cd48abe78d697d8b643781922c5a3fdee00efadbb12d1417","17657804","1688925791","2023-07-09 18:03:11","Bought","0x3eac55cc5caeea531c8b6ba85959f1acfdd5e63d","BoredApeYachtClub","170","721","1","34.97 ETH ($65,152.96)","OpenSea"
"0xa75bacf5807031ed7eaaed541f51e957ceb1523f98447f398eada17f4f93f1b5","17661786","1688974091","2023-07-10 07:28:11","Bought","0x69ba7affa3d1d95f72bf1c5eeaccd6e92624ec48","BoredApeYachtClub","9564","721","1","50 ETH ($94,034.50)","OpenSea"
"0xad4b963c93273944197bbf01395b98f9aa61abab619d73079fabe2b59c247f86","17663897","1688999819","2023-07-10 14:36:59","Bought","0xf15c93562bc3944a68e938ef75d2a3360d98ca57","BoredApeYachtClub","1373","721","1","33.1914 WETH ($62,422.73)","OpenSea"
"0x3edc82776beb0f7ba53656696bbd27b02005f30b3a3d538136c6a9952d0c2e6c","17664102","1689002327","2023-07-10 15:18:47","Bought","0xa4fb0e1f6ad0a87a3ec2427ca3a944c42d19d1ca","BoredApeYachtClub","1373","721","1","35 ETH ($65,824.15)","X2Y2"
"0x281fd7704eb2bf5711bba4a1087c38332f9f7796050195a704eb01035a5b5df4","17665635","1689020915","2023-07-10 20:28:35","Bought","0xd3ac27178b6d87a3448fca7b15e254c4f8c571a5","BoredApeYachtClub","9671","721","1","30 ETH ($56,420.70)","X2Y2"
"0x8258e5915f2861f67e5e0d8dcb98e4ad8304dcad7b757a8bd54e31beedaee73c","17666605","1689032759","2023-07-10 23:45:59","Bought","0x0443e05dd3bcff32ad4e74d32a70aff2bbd730cc","BoredApeYachtClub","8512","721","1","40 ETH ($75,227.60)","X2Y2"
"0xd5bd7dc5e5c0dd3e3884469074706671d1fbaabecde03c3787ed56300a6ce7cf","17669250","1689064871","2023-07-11 08:41:11","Bought","0xfa0e027fcb7ce300879f3729432cd505826eaabc","BoredApeYachtClub","7239","721","1","34 ETH ($63,872.40)","OpenSea"
"0x08387227f1df7cc47026fc7827fd586ab338cd9a9c1c0dbf272deb615fad5e97","17669250","1689064871","2023-07-11 08:41:11","Bought","0x87bc2f2ba8c83f412fed5c3151de0ffbdc959984","BoredApeYachtClub","6636","721","1","34 ETH ($63,872.40)","Blur"
"0x54228972885948c02b6db27c8d2de8c1c1cdd6319fed277de178f0780ddacb51","17669700","1689070331","2023-07-11 10:12:11","Bought","0xcb415344cd0fc552ce7b48ee9375991ff5865895","BoredApeYachtClub","490","721","1","42 ETH ($78,901.20)","X2Y2"
"0xbe74fa64811e65a4761c49afdfe9ce1b01f78b65d4d3742d7972ab69f6bebe70","17670525","1689080363","2023-07-11 12:59:23","Bought","0x37b3a715a9507c85c1845168ff1801799dacf808","BoredApeYachtClub","9775","721","1","4 ETH ($7,514.40)","Unknown"
"0xbe74fa64811e65a4761c49afdfe9ce1b01f78b65d4d3742d7972ab69f6bebe70","17670525","1689080363","2023-07-11 12:59:23","Bought","0x73d855f11cbc037966439570cdf99fcb96057827","BoredApeYachtClub","6693","721","1","4 ETH ($7,514.40)","Unknown"
"0x1e393f8c8db46d2e943ce605f6ce3b449679f848348f12c29925052c26866013","17671008","1689086207","2023-07-11 14:36:47","Bought","0xbeb1c64db94310d8895cbb2de6b60128c5bc2829","BoredApeYachtClub","376","721","1","37.4 ETH ($70,259.64)","OpenSea"
"0x8b5ff738d812d6652bc1f9d5b72527fcf857c4ca7fde861b80b50a78f913bc00","17671879","1689096779","2023-07-11 17:32:59","Bought","0x65249532663d15a76007688a8bfa1b109973ad41","BoredApeYachtClub","6693","721","1","35 ETH ($65,751.00)","X2Y2"
"0x9db182ae38a2804fb4d28d7a69b23cc9dce780ee68eb9728515e9c771dbcd081","17672002","1689098267","2023-07-11 17:57:47","Bought","0xdba9b972fb93ec8ae4378f076f75b89329f2cbc2","BoredApeYachtClub","6109","721","1","34.5 WETH ($64,811.70)","OpenSea"
"0xa17f536110a80b4784f10baa85f1da0fb3e0b8753216290a3630f5b9abe7a68e","17672148","1689100031","2023-07-11 18:27:11","Bought","0x167635698b7d0d4814ffda7eb4bf218161704666","BoredApeYachtClub","8961","721","1","35 ETH ($65,751.00)","OpenSea"
"0xe79af67aac5bb4816ac9259db949bab730b027d20b2f0480efc5a86df0afd798","17675352","1689139031","2023-07-12 05:17:11","Bought","0xf15c93562bc3944a68e938ef75d2a3360d98ca57","BoredApeYachtClub","644","721","1","33.8801 WETH ($63,418.80)","OpenSea"
"0xce0e3b89c316ed94ded271c1cd21795483193d7218423c37c7888fe322ad517f","17675546","1689141371","2023-07-12 05:56:11","Bought","0x806f9a89eb93bf395976dbdfd7447655f411f11b","BoredApeYachtClub","1490","721","1","34 ETH ($63,643.24)","X2Y2"
"0xbbebf704cd9040779147e08e0f29c8f001183b365f8ea7f59c46958633b0a448","17676579","1689153995","2023-07-12 09:26:35","Bought","0x0bfff40545a2250c3f11993e7b75dbbcb11e36ac","BoredApeYachtClub","5817","721","1","33.89 WETH ($63,437.34)","OpenSea"
"0xdaaff9c948658fecccc532cfe10de388cc97a773112f4ef9cdddf8e51d35ac5e","17677539","1689165599","2023-07-12 12:39:59","Bought","0xd138dac26f780c6e8b28931f3e05b53184624184","BoredApeYachtClub","5099","721","1","43 ETH ($80,489.98)","X2Y2"
"0x176546e726d14d75ecb79d9cf23d36f24ceeb11bcda8a7646a72afa0b388ab98","17677722","1689167819","2023-07-12 13:16:59","Bought","0x0000553f880ffa3728b290e04e819053a3590000","BoredApeYachtClub","6399","721","1","0.000000000000000001 ETH ($0.00)","Blur"
"0x4fde187888994e90cd84621d880e915ddfb58792f36d48f2a1b1a1e20cf7eeca","17678706","1689179795","2023-07-12 16:36:35","Bought","0x816560eb41a9dcb7426c0fc1080a78db305b1e1e","BoredApeYachtClub","9648","721","1","48.5 ETH ($90,785.21)","X2Y2"
"0x88a2639b08865acb4f483b111a9d7435d57229c2c9effb2b76c597df58c9b3d8","17679242","1689186371","2023-07-12 18:26:11","Bought","0xec28495ef53054e2f6625e803da644b81369d9d2","BoredApeYachtClub","8531","721","1","21 ETH ($39,309.06)","Unknown"
"0x21814550e47b20041945868619e20fbed838a2a44f4bcc198b0c7ec41323c480","17681755","1689216839","2023-07-13 02:53:59","Bought","0xf15c93562bc3944a68e938ef75d2a3360d98ca57","BoredApeYachtClub","416","721","1","34.5113 WETH ($69,217.93)","OpenSea"
"0x6a45e24230f7a07bf5ed1eafb10e84fec4519b1ff336861a59442571657a4a6e","17684306","1689247967","2023-07-13 11:32:47","Bought","0x0bfff40545a2250c3f11993e7b75dbbcb11e36ac","BoredApeYachtClub","6648","721","1","43 ETH ($86,243.38)","X2Y2"
"0xa61329a1a3c2367da9c9b4403ecb26d1296c77e6ca225b88f2c151c9940cb1c5","17685853","1689266807","2023-07-13 16:46:47","Bought","0xcd05dba1d061e1875662a1ba8e83525cfff89c05","BoredApeYachtClub","8488","721","1","36.75 ETH ($73,708.01)","OpenSea"
"0xb7a707b67b09c25ca6957dea0c49f15a71bd41d3bd441683bd4a9a07c6681eb0","17686317","1689272399","2023-07-13 18:19:59","Bought","0xe3f71798857fc2814eef24e154d7dd4e85742709","BoredApeYachtClub","1734","721","1","600 ETH ($1,203,396.00)","X2Y2"
"0x8891732e5c5e2b0ffd30903575b5f06be8e220ce594d1679a2bd6534d7a3efa4","17691405","1689334127","2023-07-14 11:28:47","Bought","0x0a0fe43f580ab4e880215b3aef2e376506c4a1c0","BoredApeYachtClub","6091","721","1","40.0005 WETH ($77,566.17)","OpenSea"
"0x8ef2b7a2fdcc883167d03d531b91e93e1e64bb89170748608243cb6ecfe636af","17691581","1689336251","2023-07-14 12:04:11","Bought","0x0a0fe43f580ab4e880215b3aef2e376506c4a1c0","BoredApeYachtClub","5460","721","1","35.001 WETH ($67,871.49)","OpenSea"
"0xfcf1d11db40104933dca693f9118ab85ee19df1fe22ecdaa7256c6ac5afa2870","17693893","1689364355","2023-07-14 19:52:35","Bought","0x0f8bd7b597c655869e58b9c1bcfa4ddfe590259d","BoredApeYachtClub","8111","721","1","32 ETH ($62,052.16)","Blur"
"0x287e3f945cc7e686d3af60c1ad8ef64c34259777c5871dcbd890362e4d1925d1","17694113","1689367031","2023-07-14 20:37:11","Bought","0x6e82ce36948f356adcc9d110f7a7a0138272e5ce","BoredApeYachtClub","8111","721","1","33.75 ETH ($65,445.64)","X2Y2"
"0xd06f0b243abf95a79674f47a353475174e140b15c73935b5ce9d1ec577d2c21a","17699822","1689436859","2023-07-15 16:00:59","Bought","0x242559cceece552cc790bd3f2f9d890921ed6125","BoredApeYachtClub","2631","721","1","36.48 ETH ($70,475.71)","X2Y2"
"0x0547a0e66fa784dc90b51ce48f26c8f2a72851760aa8d24588dee71512c51944","17705571","1689507119","2023-07-16 11:31:59","Bought","0x04b98dc3b9fe0c5bb6c47df76a73f7558933e0d8","BoredApeYachtClub","323","721","1","33.25 WETH ($63,950.72)","OpenSea"
"0x74b773aa44aec53e3aa21c6d96e419f41f205e8381231d349f1bc841de798231","17706250","1689515411","2023-07-16 13:50:11","Bought","0xf15c93562bc3944a68e938ef75d2a3360d98ca57","BoredApeYachtClub","4840","721","1","33.0314 WETH ($63,530.28)","OpenSea"
"0xdb7fc167382edee93608c48170435762bef6460a06a7db10fed05b54d6ffe108","17706364","1689516779","2023-07-16 14:12:59","Bought","0x2a138e24cf857f189826600463c05d0cac5aeede","BoredApeYachtClub","5453","721","1","33.1 ETH ($63,662.22)","X2Y2"
"0xa33f4e4f56f16d55f3421ab032a3a1be3fd1660bc30933452b3c68a34531c44c","17707354","1689528767","2023-07-16 17:32:47","Bought","0x0f8bd7b597c655869e58b9c1bcfa4ddfe590259d","BoredApeYachtClub","8343","721","1","36.5 ETH ($70,201.55)","X2Y2"
"0x276cf27e2031d45900b0e709e8e443841c9ab187273cee9c144d6ea230a31cfe","17708008","1689536651","2023-07-16 19:44:11","Bought","0x68c311a6896ba62583875bbf823a712cb4a27bca","BoredApeYachtClub","6380","721","1","34.2 WETH ($65,777.89)","OpenSea"
"0xc3e2119cbbdb6589a951913022cc1093fbeb74d92217ada9010c9f8b631eec03","17708665","1689544583","2023-07-16 21:56:23","Bought","0x981d5a98ef923fff723698a863ff99abb5a15ac5","BoredApeYachtClub","7951","721","1","32.95 ETH ($63,373.72)","Blur"
"0xce14584457b61c563db081af6cbf25a9274522e58be18262b853507d3a5c8495","17710450","1689566219","2023-07-17 03:56:59","Bought","0xd64e1f3a2df4c153f26e7cb79e42673df385d239","BoredApeYachtClub","7700","721","1","32.8 ETH ($62,697.53)","Blur"
"0xc1b28a912451caaa8eaf77d4423c2032374e9754a8b5af6114aacf204e064d91","17714745","1689618287","2023-07-17 18:24:47","Bought","0x09e3b59d1825c1b439a20256711e44df65b52deb","BoredApeYachtClub","2823","721","1","32.3 ETH ($61,741.77)","Blur"
"0xd4194d2578eca2fcb24536d6e8cbb81174fb538bfa6a47cedcb05d58265f487f","17715173","1689623471","2023-07-17 19:51:11","Bought","0xd9d7046933bd3d0a3e869959ef95e4c41522c1bf","BoredApeYachtClub","4413","721","1","82 ETH ($156,743.82)","X2Y2"
"0xbcfaaf5c92fd865619569370ad7b474dc527d144e42621ae40577a4770286191","17715221","1689624047","2023-07-17 20:00:47","Bought","0x2f9ecaa66e12b6168996a6b80cda9bb142f80dd0","BoredApeYachtClub","1366","721","1","32.1803 WETH ($61,512.97)","Unknown"
"0x41245d288ce1e57c37ed88c6bc95ebed67212cf4f9fe86d1b046df2024a320ec","17716050","1689634055","2023-07-17 22:47:35","Bought","0x642ef322f6b0a90c524a47de0af915687d2b386b","BoredApeYachtClub","9118","721","1","48.5 ETH ($92,708.24)","X2Y2"
"0x0e9a8ee79ce6d82b4cf8816ab1a7e0fb23f1239a07f9177e1a9b36008e9396db","17717076","1689646463","2023-07-18 02:14:23","Bought","0xf15c93562bc3944a68e938ef75d2a3360d98ca57","BoredApeYachtClub","8665","721","1","32.3926 WETH ($61,478.89)","OpenSea"
"0xa1ea58d686ca1fef2b6279e5b7e3a3c63d05b97c06cac9ff42be954afc66e6bc","17721684","1689702395","2023-07-18 17:46:35","Bought","0x2f9ecaa66e12b6168996a6b80cda9bb142f80dd0","BoredApeYachtClub","2581","721","1","34.6 ETH ($65,668.38)","X2Y2"
"0x58aa25e04aeca8559d78af202e5d876d0e0e1f9454b3b0b69ab1d05fead0b747","17723359","1689722651","2023-07-18 23:24:11","Bought","0x0bfff40545a2250c3f11993e7b75dbbcb11e36ac","BoredApeYachtClub","6771","721","1","35.75 ETH ($67,851.00)","X2Y2"
"0x0ade2bf9703838665b570e1ed133133972be385b1f85cff758e8e81fbaba7208","17724174","1689732551","2023-07-19 02:09:11","Bought","0x869804d5d888d0418819093908a3bdb4fb6fce66","BoredApeYachtClub","3140","721","1","33.9 ETH ($64,033.03)","OpenSea"
"0x8516c56999b0b97eedb2db0b007fd8d9cd7949b5d9fd8122cf26b4cf26ef099d","17727299","1689770543","2023-07-19 12:42:23","Bought","0x385ce35599ae5e6f0eaf0f69841fffa9f41acdd5","BoredApeYachtClub","4827","721","1","32.5 ETH ($61,388.60)","Blur"
"0x20e5bbff00a31514324ac6dac75f807dbceb587b877ab9aed2584ba0bf8e25aa","17731296","1689818843","2023-07-20 02:07:23","Bought","0xce841f783dc6d9df256af36b1cf6b3a52aa57cdc","BoredApeYachtClub","3509","721","1","32.7 WETH ($61,857.94)","OpenSea"
"0xf52a636fa147a1b12715a96b6cdee1fe6d975e62770bd6867a8d902a8eb2d2de","17731310","1689819011","2023-07-20 02:10:11","Bought","0x9d604a517750eecea2ee5c883d491449808a3498","BoredApeYachtClub","2631","721","1","36.48 ETH ($69,008.49)","X2Y2"
"0x731a68dc45b680e09182215bb2d072db1b5ba1b6f5ecdc54d08e06d55551d45b","17731543","1689821831","2023-07-20 02:57:11","Bought","0x981d5a98ef923fff723698a863ff99abb5a15ac5","BoredApeYachtClub","323","721","1","32.91 ETH ($62,255.19)","X2Y2"
"0x91ea5048d3daa5048ba218d5a8f10dad00f595b81e0aec3dba4bfd7a11a018d7","17733431","1689844607","2023-07-20 09:16:47","Bought","0x4116739a3e79e20d59b511d7530b5e84cb1da17d","BoredApeYachtClub","6380","721","1","35.98 ETH ($68,062.65)","Blur"
"0xb609d3010f7dff39e016bb495a36ffd908873cab20d2a4b330b35dea9e6686e0","17733872","1689849923","2023-07-20 10:45:23","Bought","0x06711f08f34fd5be3672e331530a80361a023edb","BoredApeYachtClub","605","721","1","50 WETH ($94,584.00)","OpenSea"
"0x2083a315f387ca1a0413bb8ded70b782070fc4f0f4c41e2091bfdb72b02ba231","17733880","1689850019","2023-07-20 10:46:59","Bought","0xce841f783dc6d9df256af36b1cf6b3a52aa57cdc","BoredApeYachtClub","7824","721","1","33 WETH ($62,425.44)","OpenSea"
"0xf3caa9b8f53678bcdbef82188bb263d17b0e85bb3356992e2883a1959ec7f575","17733885","1689850079","2023-07-20 10:47:59","Bought","0x0097b9cfe64455eed479292671a1121f502bc954","BoredApeYachtClub","9164","721","1","32 WETH ($60,533.76)","OpenSea"
"0x45789a1a4b048f6acbffbd2d961cbd8e55f5644e09b342dfbca3c3b51079e7fb","17734875","1689862139","2023-07-20 14:08:59","Bought","0xf532920bb32122d6475ad4cc7634dc3a69631902","BoredApeYachtClub","5453","721","1","33.7 ETH ($63,749.62)","X2Y2"
"0xdc10464f271b60576f6a18cd9390c66e94c3fe01f3762d367fdb8c799a7ee39e","17735575","1689870599","2023-07-20 16:29:59","Bought","0x66666f58de1bcd762a5e5c5aff9cc3c906d66666","BoredApeYachtClub","7403","721","1","165 ETH ($312,127.20)","X2Y2"
"0x7336ad8017a0f8b715c6b1911ad1eee61557cb1168cbac1c16d3d8cc1ff4713a","17737483","1689893663","2023-07-20 22:54:23","Bought","0x22154ec3f542483b2c35d67cb5e75a905338c259","BoredApeYachtClub","9882","721","1","39.5 ETH ($74,721.36)","X2Y2"
"0x1d2c9a3ba6b36e194770be5a94407718fd2ebdc8de9e34a61b8ead496c11db41","17739069","1689912875","2023-07-21 04:14:35","Bought","0xacdfc1e84912122d2c141f838969a5bde512f6f3","BoredApeYachtClub","7824","721","1","34.5 ETH ($65,270.90)","OpenSea"
"0x38ac21253608f53372500dff69f7887cc64520ff4ae371e2f3ccc66f86494cd9","17741632","1689943931","2023-07-21 12:52:11","Bought","0x701d0a5ad876d108e6abad494a8decf41a455ddc","BoredApeYachtClub","4096","721","1","36 ETH ($68,108.76)","OpenSea"
"0x3a5ff197759556da8f2d875fb46e0aff400db3a1aa881e3b5c4d0ec4f478b6c5","17743397","1689965219","2023-07-21 18:46:59","Bought","0x9d604a517750eecea2ee5c883d491449808a3498","BoredApeYachtClub","8665","721","1","32.85 ETH ($62,149.24)","X2Y2"
"0x410c0135adc561e2b57099286b2b5205051867a3ad3c69f4ef3fdba4a01d05c6","17745974","1689996371","2023-07-22 03:26:11","Bought","0x72e19f086f88db339e3ac4cc69e688c9c43de94a","BoredApeYachtClub","3225","721","1","32.95 WETH ($61,493.27)","OpenSea"
"0x498ad1f98ea2f287eb3879a777ef83878ec2ef3c024d6ea34c06d860686e7116","17745985","1689996503","2023-07-22 03:28:23","Bought","0x29629f8b5e8b95c13807f837196b82c38f417d47","BoredApeYachtClub","2581","721","1","37.88 ETH ($70,693.93)","OpenSea"
"0x09666ad7a9e9085047e945f8d30491579d54534d4621e1cc5ae149b20ffc637e","17751393","1690061867","2023-07-22 21:37:47","Bought","0x69986d5af481c14ca1351c8f330a34a0afcd90bd","BoredApeYachtClub","1239","721","1","34 ETH ($63,452.84)","X2Y2"
"0x5ae7f5f8a1adad3548a5a38b1f888ae3c624850a8822a2f77f34f1393d63fb12","17751522","1690063415","2023-07-22 22:03:35","Bought","0x30e926d4a4d3272171c5da4879d409174b360857","BoredApeYachtClub","8481","721","1","34.99 ETH ($65,300.44)","OpenSea"
"0xae6423f102ab4693958886eee18c29218a60250362ce8a22eab7c60e4e7def16","17753436","1690086539","2023-07-23 04:28:59","Bought","0x30f588686dd8f22c063bc7474af2afaa647a51a5","BoredApeYachtClub","8665","721","1","33.55 ETH ($63,365.89)","X2Y2"
"0x19bd028732416d2fa5985a2344d2db607c9f5006e28d9a209c3774d37c3a3b09","17753756","1690090415","2023-07-23 05:33:35","Bought","0x9d604a517750eecea2ee5c883d491449808a3498","BoredApeYachtClub","8665","721","1","0 ETH ","OpenSea"
"0x19bd028732416d2fa5985a2344d2db607c9f5006e28d9a209c3774d37c3a3b09","17753756","1690090415","2023-07-23 05:33:35","Bought","0x30f588686dd8f22c063bc7474af2afaa647a51a5","BoredApeYachtClub","1463","721","1","0 ETH ","OpenSea"
"0x020b79fd3ad055c99d05e002f89fcea51f05d202123a8f5459e6d00ab13e76f9","17755803","1690115147","2023-07-23 12:25:47","Bought","0xcafba4ca4a4886ae0938cc8ef91b605db9e4bf08","BoredApeYachtClub","490","721","1","39.5 ETH ($74,603.65)","X2Y2"
"0x7f144f0ba4a412b8b683b126e10962754d80f1010531f57f425e499c23983c9a","17756263","1690120727","2023-07-23 13:58:47","Bought","0x756dcf63d25ba456c492a892db61719e5861a872","BoredApeYachtClub","3644","721","1","33.46 ETH ($63,195.90)","OpenSea"
"0x0967e4baed8fc2c01aa553319ed44a03df95dd45c57181d8515b57d3aa6057bf","17756696","1690125995","2023-07-23 15:26:35","Bought","0x0bfff40545a2250c3f11993e7b75dbbcb11e36ac","BoredApeYachtClub","7097","721","1","39 ETH ($73,659.30)","X2Y2"
"0xbee6c091ba6bb7e9c945a65030e722b1f1737a79304404e36b207531ec1ebad5","17760970","1690177595","2023-07-24 05:46:35","Bought","0x208d04f8255f0f6d0a5884cfcdd5cafcc883ce68","BoredApeYachtClub","455","721","1","40 ETH ($73,993.60)","OpenSea"
"0x44e2b42cf36ab9b85189456c703a09a7848bd8ade48115b79174d17711c90830","17761571","1690184855","2023-07-24 07:47:35","Bought","0x8c68066cd6c33aec47c7681f65dd2096e0d42404","BoredApeYachtClub","7097","721","1","43 ETH ($79,543.12)","X2Y2"
"0x4876e89a05e2410b94e68a0aecaecee7e8277b1f5e67d4f94328ac0532c3af6f","17770750","1690295819","2023-07-25 14:36:59","Bought","0xd24d37dff53cf50faa81a832fe39b5ebca24506d","BoredApeYachtClub","2116","721","1","31.88 WETH ($59,217.74)","OpenSea"
"0x58bef9af10f3a9aa96e48aa3f01d5bb605b6ecec06b4194f25c3567914922e22","17771834","1690308959","2023-07-25 18:15:59","Bought","0xbf4173a531e504d2c67d783927c2012ec8d1c620","BoredApeYachtClub","4977","721","1","0.69 ETH ($1,281.69)","Unknown"
"0x58bef9af10f3a9aa96e48aa3f01d5bb605b6ecec06b4194f25c3567914922e22","17771834","1690308959","2023-07-25 18:15:59","Bought","0x242559cceece552cc790bd3f2f9d890921ed6125","BoredApeYachtClub","2679","721","1","0.69 ETH ($1,281.69)","Unknown"
"0x8225ad154d74c5b486ba3a4a50ede42341547b84d7fa817ef4cc938ce386505d","17773512","1690329287","2023-07-25 23:54:47","Bought","0xc166b70407f03422bdd700da9380c11ff22a7e38","BoredApeYachtClub","7809","721","1","32.5 ETH ($60,369.40)","X2Y2"
"0x7deccb59d7b38fa246d29141bb02756efa13810b23c00d43127466dd5d3e93aa","17774319","1690339019","2023-07-26 02:36:59","Bought","0x978322f3c19a7b5584f516a83accb29b21176c43","BoredApeYachtClub","9301","721","1","31.5 ETH ($58,966.11)","OpenSea"
"0xad7b6d6800b54fe8404a9f068966a53314f87ca2cd277efd3d5db22c1c6465d2","17774825","1690345151","2023-07-26 04:19:11","Bought","0x9d604a517750eecea2ee5c883d491449808a3498","BoredApeYachtClub","8916","721","1","31 ETH ($58,030.14)","X2Y2"
"0x994bd2bf5590caf8897922020a06f132d851ea7296237a33128461edc1c3675b","17776592","1690366535","2023-07-26 10:15:35","Bought","0x4b0d4e2369f578878ef0aa122e30f108a24100ab","BoredApeYachtClub","1241","721","1","31.5 ETH ($58,966.11)","OpenSea"
"0x5f7d5505097a190769b0ae65d71d3347c376125100c9fbb1f2b0f66cbeafec78","17777127","1690372979","2023-07-26 12:02:59","Bought","0x0097b9cfe64455eed479292671a1121f502bc954","BoredApeYachtClub","7932","721","1","30.25 WETH ($56,626.19)","OpenSea"
"0x66f6985f804d0e97772e8fc2010f7021b8afe3beb7de073d2a951db6ca235dd6","17780543","1690414223","2023-07-26 23:30:23","Bought","0x70ebf351831a4b09b5f5b57789c22957c3db1226","BoredApeYachtClub","2679","721","1","35 ETH ($65,517.90)","OpenSea"
"0x2b00b4e72d3a04d7c60cc8a09eb256f81649183a402a5a12b573f6fe3c0a835f","17780933","1690418903","2023-07-27 00:48:23","Bought","0xf15c93562bc3944a68e938ef75d2a3360d98ca57","BoredApeYachtClub","2337","721","1","30.4524 WETH ($56,670.39)","OpenSea"
"0x00a003bb881ac622db165b546d7c3dd2bc0a9d6c89ef47a7efe38e09fc58fb5b","17783100","1690445111","2023-07-27 08:05:11","Bought","0x0097b9cfe64455eed479292671a1121f502bc954","BoredApeYachtClub","6620","721","1","30.751 WETH ($57,226.07)","OpenSea"
"0x331a4751093941fdf4f5f1950f40f0a8573517415904fca2fcbb8cbbbc59619d","17783126","1690445423","2023-07-27 08:10:23","Bought","0xce841f783dc6d9df256af36b1cf6b3a52aa57cdc","BoredApeYachtClub","3420","721","1","30.75 WETH ($57,224.21)","OpenSea"
"0x547272fab55c8a2c50a258cc551b5cac6c330fd089d971279b1cf8200b46b53d","17785484","1690473947","2023-07-27 16:05:47","Bought","0x9ad85d7c0f7eff3d0718c3a3a032557558f7048b","BoredApeYachtClub","5017","721","1","75 ETH ($139,571.25)","X2Y2"
"0x6433bfd7bdfac9b7d2f1272d3c4350f770d095cfc52decc7ea6c52ec4a405f11","17789022","1690516715","2023-07-28 03:58:35","Bought","0x21e1650c1c0255884579713e0c651c8f33d6ac5c","BoredApeYachtClub","3224","721","1","32.69 ETH ($61,271.19)","OpenSea"
"0x3cd60bf333b332732dac7687c2153bafadd125c0c8ed1b128b5a512445289293","17792861","1690563131","2023-07-28 16:52:11","Bought","0x5fc9bb884495fccc780b840367560e8815d09c08","BoredApeYachtClub","8393","721","1","44 ETH ($82,469.64)","OpenSea"
"0x184e3c6b6017aa35e6c8b140d2a1f092361e98d03ec66173f7bd3ccfc15ff7a3","17799745","1690646387","2023-07-29 15:59:47","Bought","0xc166b70407f03422bdd700da9380c11ff22a7e38","BoredApeYachtClub","9482","721","1","29.75 WETH ($55,957.97)","OpenSea"
"0xbccb344cfdbb7ea3cf483c3de953dab1e049f589431e8a311c681cffa7e0b55b","17800462","1690655027","2023-07-29 18:23:47","Bought","0x0517473a5ddf4e34ea414c0296b3bf7f8e7a58cd","BoredApeYachtClub","6137","721","1","40 ETH ($75,237.60)","OpenSea"
"0xe75786ae20a0fad524b160edd15a55c5f1d5675fe7610fbcc204739f1ae96334","17800608","1690656803","2023-07-29 18:53:23","Bought","0xce841f783dc6d9df256af36b1cf6b3a52aa57cdc","BoredApeYachtClub","8491","721","1","29.6 WETH ($55,675.82)","OpenSea"
"0x5ded9668c895b64e8069212d1d829d5fdd20bde0998cd8bf422bf2bd0a3cd62a","17802772","1690682927","2023-07-30 02:08:47","Bought","0xc166b70407f03422bdd700da9380c11ff22a7e38","BoredApeYachtClub","3214","721","1","29.9 WETH ($55,665.13)","OpenSea"
"0x03c19bc29e1bc88c9aa91ef0d8b59776e8c4855c1e3f571e67524d3370b07c13","17802978","1690685399","2023-07-30 02:49:59","Bought","0x1dac77ae8efb460dd1bcc3726de35f32cd5928c0","BoredApeYachtClub","4478","721","1","0 ETH ","OpenSea"
"0xb2ff2695a6126631f2ca56d7caaa8897395fca0a0069a367480ef94efdcb5047","17803012","1690685819","2023-07-30 02:56:59","Bought","0xc73f80cc0997b19e6308af69d1c33bf67d92b55e","BoredApeYachtClub","8955","721","1","31.49 ETH ($58,625.25)","OpenSea"
"0x935168749763848c1b12e52eee58c7ceb075b8f4a3ef6a39754881f4ef4dcff6","17807745","1690743083","2023-07-30 18:51:23","Bought","0xcb415344cd0fc552ce7b48ee9375991ff5865895","BoredApeYachtClub","4392","721","1","42 ETH ($78,191.82)","X2Y2"
"0x77c08fb9a9c3c0621fc17c906e8205396140a175f5a754f713d3153e9171aa32","17813753","1690815707","2023-07-31 15:01:47","Bought","0x26044bb8417de88e9c77f49dfba17877a6f9cb93","BoredApeYachtClub","1750","721","1","33 ETH ($61,250.31)","OpenSea"
"0xd2d07bf83c42099a760f4a0c98bed13feaf19c77e9ef2097e0b01928400d2c96","17814106","1690819979","2023-07-31 16:12:59","Bought","0xf15c93562bc3944a68e938ef75d2a3360d98ca57","BoredApeYachtClub","343","721","1","29.3501 WETH ($54,475.84)","OpenSea"
"0xf26b4e6164970c182da40968d50017530068a7b601e3285f9b28d42684b49d88","17814221","1690821359","2023-07-31 16:35:59","Bought","0x26044bb8417de88e9c77f49dfba17877a6f9cb93","BoredApeYachtClub","2687","721","1","32 WETH ($59,394.24)","OpenSea"
"0xe2d398c03c337128d6e754ed61464715127180f2b9f3e85c6b9f9145d5338a1b","17815420","1690835783","2023-07-31 20:36:23","Bought","0xcb415344cd0fc552ce7b48ee9375991ff5865895","BoredApeYachtClub","1071","721","1","35 ETH ($64,962.45)","X2Y2"
