"Txn Hash","Blockno","UnixTimestamp","DateTime (UTC)","Action","Buyer","NFT","Token ID","Type","Quantity","Price","Market"
"0xe3340401cdcbff53be0393d7489bcaf7f87d6cd5dd261b23180c741b768395b7","17817569","1690861727","2023-08-01 03:48:47","Bought","0x2c2ed4b3876c442fee80bee76ce0ee2ca2a512af","BoredApeYachtClub","5694","721","1","35 ETH ($65,552.90)","X2Y2"
"0x8be192251190297912cb4c5746cfe7fdc012921d2054d129dff8412ba74b475a","17817674","1690862999","2023-08-01 04:09:59","Bought","0x85a012f0687d34d901ebafbfa611e4ad3ed2c877","BoredApeYachtClub","3416","721","1","29.9 ETH ($56,000.91)","OpenSea"
"0xecd1fd0dc35dee337c7dda3c108bd1075b2e8fe1f1e3a5e3219b357b2d545486","17818028","1690867307","2023-08-01 05:21:47","Bought","0x4793e0f93d853c988f63de4685f53a45810e17f5","BoredApeYachtClub","6990","721","1","31.4 ETH ($58,810.32)","OpenSea"
"0x1d313f95a958e3f953a7b081b681b61f625dd8bb42a33e608eee76dbd769657d","17818161","1690868903","2023-08-01 05:48:23","Bought","0xc7cf9b423e06a1cba4cfd7bba8785884f560db1f","BoredApeYachtClub","5550","721","1","29.5 ETH ($55,251.73)","Blur"
"0x7dccd71a1d0dcdbecf33758345d4519a6d11ff3f7d556c6bf9e4266e9196cf65","17821020","1690903367","2023-08-01 15:22:47","Bought","0xe3182e0ef507589b142606ad78748ebf3849b228","BoredApeYachtClub","612","721","1","33.33 ETH ($62,425.09)","OpenSea"
"0x5b85a1b6831d6725cf55cb2e50f787083f77e69dbb1c5615d3138b87322fe3b1","17821648","1690910927","2023-08-01 17:28:47","Bought","0x8ed9a20098be9e7d637e3a7f6e7cc998049362a4","BoredApeYachtClub","2981","721","1","29.98 ETH ($56,150.74)","OpenSea"
"0x3eef8c7b4f999f11d53b46f44e4c1920e6e056f1e94b9345a2cd50af0c4e6f15","17823660","1690935191","2023-08-02 00:13:11","Bought","0x2d60e1f8623798ca2f5ef5c8540722befabe289c","BoredApeYachtClub","6771","721","1","41.69 ETH ($76,670.41)","OpenSea"
"0xba3fd174c810aadebc9e3508766cd4e2a79ce1eb1f303b69cd0df118e9e31937","17825179","1690953563","2023-08-02 05:19:23","Bought","0x8e902353203ab2e6f6d4741c8c408d54902c216a","BoredApeYachtClub","2588","721","1","33.69 ETH ($61,957.93)","OpenSea"
"0xa9d916637095d139c2c75a7cd38abbd3f31a14dc72f4ac460aea5079e5d9b308","17827985","1690987439","2023-08-02 14:43:59","Bought","0x371267a1863080c5f39229183350e0d87d39743e","BoredApeYachtClub","3836","721","1","29.5 ETH ($54,252.27)","X2Y2"
"0x90db15971d84483a897d1813d0dd2cd58974868963acaf25eba3f94de46ea2e6","17828826","1690997579","2023-08-02 17:32:59","Bought","0xa4651a69fe395b885c07b7d41b9917f99dc020a3","BoredApeYachtClub","1689","721","1","47 ETH ($86,435.82)","X2Y2"
"0xe83b762f8fa81e463f276c7d41bd572b9c2b46222aa00cad85e3a1a712628a6b","17830496","1691017691","2023-08-02 23:08:11","Bought","0xbedf6102fdcb75f418ae1305a99d5f2d571ee3e5","BoredApeYachtClub","5882","721","1","29 ETH ($53,332.74)","OpenSea"
"0x529e3ac86d82c671fc3b491b69091f5b5bd11d213c2d3abce838762311fedb06","17831236","1691026607","2023-08-03 01:36:47","Bought","0x00e28b3c8f3deab3a5ba722a87b2d707c49c6679","BoredApeYachtClub","1740","721","1","30.25 ETH ($55,491.81)","OpenSea"
"0x0f7432ebf3f29c77265a5b70c8f7b477d7b284d4ff0bcc4aa28dec40ec622438","17831673","1691031911","2023-08-03 03:05:11","Bought","0x1e04bfb945dfa23ed8bdea67947ca0d7b5fff75d","BoredApeYachtClub","3214","721","1","29.5 ETH ($54,115.98)","X2Y2"
"0x07c5591aa1d781f5d641be8d324518af43f08206811132cf86c0816d66a27ba4","17835033","1691072555","2023-08-03 14:22:35","Bought","0x020ca66c30bec2c4fe3861a94e4db4a498a35872","BoredApeYachtClub","9779","721","1","31.99 ETH ($58,683.74)","Blur"
"0x2ec4b5c6e52827a6b6e8458300723a06f94544532d97c51e239b737aaa2a826e","17835149","1691073947","2023-08-03 14:45:47","Bought","0xf0894a655645204db50d1d0f0b3d38011f9cfa16","BoredApeYachtClub","3644","721","1","29.8 ETH ($54,666.31)","OpenSea"
"0x3ea9e8b8a43b33f69b104723fb029d6d525e8835f1584aba1306dd194b35415b","17835859","1691082491","2023-08-03 17:08:11","Bought","0xeab974fae1582aa8707586b836c7b6313c47992f","BoredApeYachtClub","2969","721","1","42 ETH ($77,046.48)","X2Y2"
"0xcbaa2f60116a4e3ecdc4b8f456643d0240c86e3c8101f89cc8b863b3e6edd490","17837129","1691097875","2023-08-03 21:24:35","Bought","0xce841f783dc6d9df256af36b1cf6b3a52aa57cdc","BoredApeYachtClub","6374","721","1","29 WETH ($53,198.76)","OpenSea"
"0x6db0bb404a9e62345d674ade854debfb675282b1c4f4e4c302794654d57869b3","17837279","1691099699","2023-08-03 21:54:59","Bought","0x2c2ed4b3876c442fee80bee76ce0ee2ca2a512af","BoredApeYachtClub","5898","721","1","35 ETH ($64,205.40)","X2Y2"
"0x9e98db96983e08a4e0d476aad3865289ab971e3cbe3fa6eef59a6081468865e0","17838202","1691110823","2023-08-04 01:00:23","Bought","0x9ad85d7c0f7eff3d0718c3a3a032557558f7048b","BoredApeYachtClub","1300","721","1","38 ETH ($69,445.76)","X2Y2"
"0x72c67a83945c1f060daa08125f75b8a94567b276a1d3e936392dfcfb79577c4b","17843547","1691175431","2023-08-04 18:57:11","Bought","0xce841f783dc6d9df256af36b1cf6b3a52aa57cdc","BoredApeYachtClub","4592","721","1","28.6 WETH ($52,267.07)","OpenSea"
"0x0612e973009a2321b37ef387b471f588a37d61e447f34940fc92149175401f7a","17844031","1691181299","2023-08-04 20:34:59","Bought","0xce841f783dc6d9df256af36b1cf6b3a52aa57cdc","BoredApeYachtClub","1571","721","1","28.6 WETH ($52,267.07)","OpenSea"
"0x289a7e7c551f1603596261be88aedaf3ba6a585823d4f9fcdd8e7d138ff010f8","17844462","1691186483","2023-08-04 22:01:23","Bought","0x020ca66c30bec2c4fe3861a94e4db4a498a35872","BoredApeYachtClub","4789","721","1","34.2 ETH ($62,501.18)","Blur"
"0x2f2e214e63dc641f13f1aa72b5273f1d8fdf86e6d84941c007e26b25d5ec1e24","17844538","1691187395","2023-08-04 22:16:35","Bought","0x0e5e2d23a9a3570923f2f02992fb44230fedcf9a","BoredApeYachtClub","4592","721","1","35 ETH ($63,963.20)","OpenSea"
"0xa22d9570e8cce3795dba83697bdfd452ea8c2c38efe7f6f8361a9fd60d6430f7","17844830","1691190923","2023-08-04 23:15:23","Bought","0xcb415344cd0fc552ce7b48ee9375991ff5865895","BoredApeYachtClub","7889","721","1","28.9999 ETH ($52,997.90)","OpenSea"
"0x58a4e6e84337eac6aafa6a2977492e0b02ce2d727451a6c09459cf532944c1a2","17845321","1691196851","2023-08-05 00:54:11","Bought","0xdf969692c4121f317499f714c2dbd5e964301688","BoredApeYachtClub","6672","721","1","33.5 ETH ($61,469.49)","X2Y2"
"0x70526d99c2f0be8325b47e656fbda845cadae87ddb8077048357aff9c9e5029e","17845856","1691203295","2023-08-05 02:41:35","Bought","0xece60339ed26e59d0f61e9b91217229f5a2eca61","BoredApeYachtClub","5777","721","1","35 ETH ($64,221.85)","OpenSea"
"0xce05c0ad89a066cffb4b53ce787630a79487cb4fa04507194ff828c9948599c1","17847182","1691219315","2023-08-05 07:08:35","Bought","0xf13c89b0fbe2e8bfcd54f068568daf6518d0bb7e","BoredApeYachtClub","3603","721","1","40 ETH ($73,396.40)","X2Y2"
"0x735470979d6fe9a139ed19a4383773f8d300f7eeb6c608b9c4c24beb921f53d4","17850084","1691254379","2023-08-05 16:52:59","Bought","0xcb415344cd0fc552ce7b48ee9375991ff5865895","BoredApeYachtClub","2226","721","1","31 ETH ($56,882.21)","X2Y2"
"0x520648f0bfa28ce1045496d7481f046d4d06f40f68354d0eea987d682764ff1d","17853636","1691297327","2023-08-06 04:48:47","Bought","0x4a9f2e8f692d2f7b3f45f04bcd5bc136e492f921","BoredApeYachtClub","343","721","1","31.98 ETH ($58,453.68)","OpenSea"
"0x196d7d08715784e871ca0c1c4ddb52c14e100b7305fa5faf9d7274aeb10cefd1","17856064","1691326655","2023-08-06 12:57:35","Bought","0xce841f783dc6d9df256af36b1cf6b3a52aa57cdc","BoredApeYachtClub","7219","721","1","28.7 WETH ($52,458.43)","OpenSea"
"0x9b93185e11faf5501d8dd59d6fb0f8ceea708a22a0e334dab3b109cd3b6881f2","17856534","1691332355","2023-08-06 14:32:35","Bought","0x69986d5af481c14ca1351c8f330a34a0afcd90bd","BoredApeYachtClub","7824","721","1","30.69 ETH ($56,095.80)","X2Y2"
"0x36e4135dabf496c0889ee7615fb9cab69a49fb9d6b73ad8910aebc53182005ba","17860911","1691385347","2023-08-07 05:15:47","Bought","0x2a138e24cf857f189826600463c05d0cac5aeede","BoredApeYachtClub","9203","721","1","31.5 ETH ($57,552.71)","Blur"
"0x2e852bff8dd6ed8e8f19ab3a47ee43cfb774248ad497d47190788e38920e33e4","17871465","1691512967","2023-08-08 16:42:47","Bought","0xcb415344cd0fc552ce7b48ee9375991ff5865895","BoredApeYachtClub","2002","721","1","41.1 ETH ($76,270.50)","X2Y2"
"0xfcd0767a5c91b0d33089e1016c6b6359444717828013f0f4a981e4493ef57691","17874082","1691544659","2023-08-09 01:30:59","Bought","0x30f588686dd8f22c063bc7474af2afaa647a51a5","BoredApeYachtClub","5898","721","1","39.99 ETH ($74,146.66)","X2Y2"
"0x34fa19949b8b12c65d28f67d5c23e059d60a0c6d48e194580b1b518705f6eabc","17878504","1691598083","2023-08-09 16:21:23","Bought","0xcb415344cd0fc552ce7b48ee9375991ff5865895","BoredApeYachtClub","2395","721","1","29.5 WETH ($54,696.84)","OpenSea"
"0xaee68f56189b3759a9c61c8b89a2797bcee43cf8c8d282b464a9ecdc63ca0123","17878582","1691599031","2023-08-09 16:37:11","Bought","0x87d411bb593218f43b1c76278769a0f5d1b740f4","BoredApeYachtClub","8217","721","1","0 ETH ","OpenSea"
"0xa4d2ec54304d86713b24be17d6b2939fe427027ad7db7c123ada81e833d2969a","17878978","1691603879","2023-08-09 17:57:59","Bought","0x63a8c07b9a858a6cfb0b0ba3c46dbd480df88ef0","BoredApeYachtClub","6068","721","1","32 ETH ($59,332.16)","OpenSea"
"0x302215fac5b23b4592613442e0192878417c8aa562c2ad325cee6a540059b98f","17880396","1691621003","2023-08-09 22:43:23","Bought","0x492441c6a0afed286716fd03be17a4cf5567f066","BoredApeYachtClub","9656","721","1","29.5 ETH ($54,696.84)","OpenSea"
"0x3ed81bfe657e6bace153e077771e3a30031660f7e43b1eb859198d501c2430cc","17880463","1691621843","2023-08-09 22:57:23","Bought","0x69986d5af481c14ca1351c8f330a34a0afcd90bd","BoredApeYachtClub","4383","721","1","0 ETH ","OpenSea"
"0x3ed81bfe657e6bace153e077771e3a30031660f7e43b1eb859198d501c2430cc","17880463","1691621843","2023-08-09 22:57:23","Bought","0x3989549d3d35f78b043ebcce4bb253adc0f1c35d","BoredApeYachtClub","7824","721","1","0 ETH ","OpenSea"
"0x625e5cafe9443f17b7e345908d14016d8979afffcb56a096b250105762483a89","17882194","1691642735","2023-08-10 04:45:35","Bought","0x1b523dc90a79cf5ee5d095825e586e33780f7188","BoredApeYachtClub","6648","721","1","44 ETH ($81,430.36)","X2Y2"
"0xb1f52407c9110a9057cda75c69223f71ff819c62825d9cfdfa35b9b07b11c079","17885319","1691680559","2023-08-10 15:15:59","Bought","0x95921da9f69d177c1c4421ff3b70446883c538b8","BoredApeYachtClub","1310","721","1","35 ETH ($64,774.15)","OpenSea"
"0xc445a77a14a1809e23e5e06d70d348b85509ab1ccf69b6bafb6bbe0477f29cd3","17886051","1691689391","2023-08-10 17:43:11","Bought","0x69986d5af481c14ca1351c8f330a34a0afcd90bd","BoredApeYachtClub","2395","721","1","31.7 ETH ($58,666.87)","X2Y2"
"0x64af744cb19082c3ccdd54a362daa7c8209c9ede44874048f3b2c468b6d344c0","17886795","1691698403","2023-08-10 20:13:23","Bought","0xcb415344cd0fc552ce7b48ee9375991ff5865895","BoredApeYachtClub","1892","721","1","31.5 WETH ($58,296.74)","OpenSea"
"0x40d5e4db85bdb04c70732e0d6abf64ed6d7d162a004026915b17ce3f0a9c8c7f","17889171","1691727059","2023-08-11 04:10:59","Bought","0x09f49282c5bbe3b5a58aadecbbe3c609c615c561","BoredApeYachtClub","1310","721","1","39 WETH ($72,033.39)","OpenSea"
"0x2dcd08c44942ed601058c699a69b4470bd951a81a8dfa9068dc98cc8e5a5569d","17891058","1691749799","2023-08-11 10:29:59","Bought","0x020ca66c30bec2c4fe3861a94e4db4a498a35872","BoredApeYachtClub","2302","721","1","33.49 ETH ($61,856.36)","Blur"
"0xc1b56680d18eba28551d32d20f60e0827fdc084e5851cdc995b3ba7a1c15de92","17893290","1691776763","2023-08-11 17:59:23","Bought","0xcb415344cd0fc552ce7b48ee9375991ff5865895","BoredApeYachtClub","2936","721","1","31 ETH ($57,257.31)","X2Y2"
"0x0b60b19851d59cd9ac2e0df05f3af86f02088ffac192dc9e4579623b32266c94","17893546","1691779847","2023-08-11 18:50:47","Bought","0xce841f783dc6d9df256af36b1cf6b3a52aa57cdc","BoredApeYachtClub","6370","721","1","35 ETH ($64,645.35)","OpenSea"
"0xe3b5c607b1d077a96d1470e46ade490f27ef209902d7d8651377bf6a40b24b13","17893550","1691779895","2023-08-11 18:51:35","Bought","0x002b05d19cb34a3336e9095c1de60248a12970dd","BoredApeYachtClub","6370","721","1","31.08 WETH ($57,405.07)","OpenSea"
"0x72e01cc250d81ad79da14619bc8842835ceb9dd3b9f1f654ba32678ce0c57dd7","17895592","1691804759","2023-08-12 01:45:59","Bought","0x1b523dc90a79cf5ee5d095825e586e33780f7188","BoredApeYachtClub","2969","721","1","46 ETH ($85,056.30)","X2Y2"
"0x3483d9536b79fc04b8d0f4b3fe48d7fa382669f5eb94f6a2d4e71273997cac39","17895830","1691807639","2023-08-12 02:33:59","Bought","0x0097b9cfe64455eed479292671a1121f502bc954","BoredApeYachtClub","6813","721","1","29.91 WETH ($55,305.09)","OpenSea"
"0x882f9ee5bf79a71668c37f855fd93c6bc953380d5afccc537aeafffd545663f1","17897396","1691826527","2023-08-12 07:48:47","Bought","0xf15c93562bc3944a68e938ef75d2a3360d98ca57","BoredApeYachtClub","9355","721","1","29.8772 WETH ($55,244.44)","OpenSea"
"0xe9bd5f601157e9090894a5a43246f3c0b2443421718a814e5869303338725299","17898615","1691841323","2023-08-12 11:55:23","Bought","0xd24d37dff53cf50faa81a832fe39b5ebca24506d","BoredApeYachtClub","177","721","1","29.89 WETH ($55,268.10)","OpenSea"
"0x9e16a76c3d7ddac26a3c27cae465d10e1ad2903bb970f118788eada5f9da9375","17899766","1691855195","2023-08-12 15:46:35","Bought","0x8471a680d80c6edd1c6e8d879487510f000ee466","BoredApeYachtClub","2622","721","1","33 ETH ($61,018.65)","OpenSea"
"0xcdec763760d6aaf0403574e148858f6d6c3cf197f0203597f1edf8ac6be10960","17902519","1691888435","2023-08-13 01:00:35","Bought","0x8e043b4cb048e3d4183864e9c1478488fc2963dd","BoredApeYachtClub","7303","721","1","30.3 ETH ($55,724.73)","OpenSea"
"0xfc0ee4f474e04c6d117fd661e58979d4af90075375ec45d9dbb8305f08042884","17904410","1691911235","2023-08-13 07:20:35","Bought","0x2f9ecaa66e12b6168996a6b80cda9bb142f80dd0","BoredApeYachtClub","7936","721","1","33 WETH ($60,690.30)","Unknown"
"0x7981d866150db58c3f440276f934e4eb1781c9d2de6cfc7cfd3ab36aae74b9f5","17904423","1691911391","2023-08-13 07:23:11","Bought","0x0097b9cfe64455eed479292671a1121f502bc954","BoredApeYachtClub","78","721","1","28.7505 WETH ($52,875.04)","OpenSea"
"0x3b887b502c32322dd8ebed013ef0f287e25b0ef38c39968c816b6dc33d8ded85","17906201","1691932895","2023-08-13 13:21:35","Bought","0xe25e6d365ae3a86ef0b28cc8c943b1b518780d7b","BoredApeYachtClub","7809","721","1","33 WETH ($60,690.30)","OpenSea"
"0xa57a10d03140df4a2230324e2f28f8dc41041741aff56b5444db5daa176460fe","17907435","1691947775","2023-08-13 17:29:35","Bought","0xce841f783dc6d9df256af36b1cf6b3a52aa57cdc","BoredApeYachtClub","5912","721","1","28.8 WETH ($52,966.08)","OpenSea"
"0xc57b43867153086c8b175fcdbb36e4caea61aa45523d866ff0c585ec9349ff41","17913939","1692026375","2023-08-14 15:19:35","Bought","0xce841f783dc6d9df256af36b1cf6b3a52aa57cdc","BoredApeYachtClub","9305","721","1","28.9 WETH ($53,292.18)","OpenSea"
"0xef1c7304894d1a5982bab031d381e38e012df7cfaddefc719f83005f58b5d7f9","17915121","1692040619","2023-08-14 19:16:59","Bought","0xf47df1833ceb43dab013109fbc6ec1e816e2c1fc","BoredApeYachtClub","5912","721","1","31 ETH ($57,164.62)","OpenSea"
"0x7b554486d989b7d3fff5da20b605154ec269a33eaeaaafe6b303c19c810083f5","17917057","1692063995","2023-08-15 01:46:35","Bought","0x5513beed7a5b6888969a5b2e6d8c9ae023c3a89f","BoredApeYachtClub","8491","721","1","33.99 ETH ($62,107.21)","OpenSea"
"0xb1561c922087e0b1b5ce43b0a3bdfb349a643c3e929fa2d9b54680355cfcc884","17918729","1692084215","2023-08-15 07:23:35","Bought","0x6d0267156f1c6ce44caa4bf129b76009d3d41830","BoredApeYachtClub","8343","721","1","34.27 ETH ($62,618.83)","X2Y2"
"0x767d4b07f12fe8ea08c509ff9ce0f6c0a413b5968c6024d90a9b33ce90949055","17920021","1692099815","2023-08-15 11:43:35","Bought","0xa7631836db2e3ec13cb2e7cfbc687c168dbed336","BoredApeYachtClub","490","721","1","38.5 ETH ($70,347.97)","X2Y2"
"0xf3a378ec9294554d027e42de81b1c6da31f40c337f6857236e5dc492f9ee91f1","17920935","1692110903","2023-08-15 14:48:23","Bought","0xeede9fdfc671487d0654aadd3745cf30a7f6f2b2","BoredApeYachtClub","2846","721","1","29.65 ETH ($54,177.07)","X2Y2"
"0xabab37d8577802f6f185c767bf71bb781a397599b65e97e4ed92095f4bc4b844","17923342","1692139967","2023-08-15 22:52:47","Bought","0xf15c93562bc3944a68e938ef75d2a3360d98ca57","BoredApeYachtClub","8506","721","1","29.3001 WETH ($53,537.73)","OpenSea"
"0xbfa934174d16542885830f5aa53283c653c64de8fe22eb6aa22375877a979a89","17923925","1692146999","2023-08-16 00:49:59","Bought","0xc67db0df922238979da0fd00d46016e8ae14cecb","BoredApeYachtClub","7773","721","1","28.7998 ETH ($52,003.22)","OpenSea"
"0x1db76e6ceb711bf3abfec342872f562d6cedf0e60800489d6b4bf3ca1ff7b80a","17927733","1692193031","2023-08-16 13:37:11","Bought","0xf15c93562bc3944a68e938ef75d2a3360d98ca57","BoredApeYachtClub","5221","721","1","28.3007 WETH ($51,102.01)","OpenSea"
"0x57e5e367a29389ee12cc3823b60cce7b9749b5b5a6c974510e4e3d5c5f459502","17929444","1692213755","2023-08-16 19:22:35","Bought","0x9524b86e777c0c6e1e1afe0bb8bf931a5b81386c","BoredApeYachtClub","1844","721","1","74,000 USDC ","OpenSea"
"0xdb5aa040f83e44128ac772b100ea33295ec6d856f0f9c1b09e9f6b28baf8a8a3","17930467","1692226079","2023-08-16 22:47:59","Bought","0xce841f783dc6d9df256af36b1cf6b3a52aa57cdc","BoredApeYachtClub","3700","721","1","28.4 WETH ($51,281.31)","OpenSea"
"0x8927b26808b5d72928ced85bf3f8b0ca91037a048c6dd2f3d52672b4daf41e19","17931601","1692239771","2023-08-17 02:36:11","Bought","0xce841f783dc6d9df256af36b1cf6b3a52aa57cdc","BoredApeYachtClub","8529","721","1","28.4 WETH ($47,764.82)","OpenSea"
"0x626db73f184ce75f7e7477c6bb27dd9ee6ac6a80322bd9039ffd8a14cfd73cda","17934091","1692269891","2023-08-17 10:58:11","Bought","0xce841f783dc6d9df256af36b1cf6b3a52aa57cdc","BoredApeYachtClub","8118","721","1","28.4 WETH ($47,764.82)","OpenSea"
"0xc7b081876288782c25ccc807511b87b2bbaa6a2469a410f9e8efa935eae6aab0","17934166","1692270791","2023-08-17 11:13:11","Bought","0x1544d2de126e3a4b194cfad2a5c6966b3460ebe3","BoredApeYachtClub","5388","721","1","35 ETH ($58,865.10)","OpenSea"
"0x1673f6acc1d2197eb96dd6250abb9fd15232c44410b56b4a9dbd41b493e18b30","17935837","1692291011","2023-08-17 16:50:11","Bought","0xf726a2cf9e12c9b647f5274aeec3ca3c5d1f9027","BoredApeYachtClub","4619","721","1","36.9 ETH ($62,060.63)","OpenSea"
"0x69f80c38284393a499522086f4091d86f661320a8e6a56da636477f6e594305b","17935864","1692291335","2023-08-17 16:55:35","Bought","0x9524b86e777c0c6e1e1afe0bb8bf931a5b81386c","BoredApeYachtClub","5385","721","1","55,000 USDC ","OpenSea"
"0xfb2524f0b88eaa07e9bd7fcca39e501171546ce65a4e805e544d2320e4bd8f8f","17935979","1692292739","2023-08-17 17:18:59","Bought","0x9524b86e777c0c6e1e1afe0bb8bf931a5b81386c","BoredApeYachtClub","6469","721","1","58,777 USDC ","OpenSea"
"0x76a9ca98d13bc3b262ad02889512c7ccc5c5c06ee4fdfdb965fa6b39bc8f5183","17936058","1692293699","2023-08-17 17:34:59","Bought","0x9524b86e777c0c6e1e1afe0bb8bf931a5b81386c","BoredApeYachtClub","2657","721","1","68,777 USDC ","OpenSea"
"0x0d22a52842f8c85cc57b5368e8125cb1663f505e49fd5b1379ed5fa3a3630236","17936712","1692301607","2023-08-17 19:46:47","Bought","0xce841f783dc6d9df256af36b1cf6b3a52aa57cdc","BoredApeYachtClub","6971","721","1","28.5 WETH ($47,933.01)","OpenSea"
"0x313e9771b7ec6033403a4c05f9cdc5fd5903834f38fcffc481ff40e78d7393cc","17937432","1692310319","2023-08-17 22:11:59","Bought","0x9524b86e777c0c6e1e1afe0bb8bf931a5b81386c","BoredApeYachtClub","3162","721","1","74,000 USDC ","OpenSea"
"0xc928a8be9f695be5cffabfb1f4a858192d86f39323f314ec3985957e36fda5ac","17938383","1692321839","2023-08-18 01:23:59","Bought","0x47147c03b34e177020905afe309b77636ecac256","BoredApeYachtClub","2118","721","1","35 ETH ($58,137.10)","X2Y2"
"0x86166256a5af9a230e3c59339f34731f70b004735eaadf597e0c762667901243","17941283","1692357011","2023-08-18 11:10:11","Bought","0xce841f783dc6d9df256af36b1cf6b3a52aa57cdc","BoredApeYachtClub","2150","721","1","27.65 WETH ($45,928.31)","OpenSea"
"0x97a121691236ab9f304eb4d5893903d984f0a244478908d9606c8fbe6ad3da00","17942705","1692374207","2023-08-18 15:56:47","Bought","0xe7866592a63bd5bb4b4ecfdca2a797e4a8f63ece","BoredApeYachtClub","6441","721","1","25.45 WETH ($42,273.98)","OpenSea"
"0xf6d68bbe12978f34fffe904665ebcc3340a61b4efe7761aa3c00c3560b3c891d","17942894","1692376475","2023-08-18 16:34:35","Bought","0x3bcc926329b9ae4326d2f12adcbe42e3689cfbfa","BoredApeYachtClub","4165","721","1","25 ETH ($41,526.50)","OpenSea"
"0x0837d5a741748d146ec3aae6c63aa2aa540d0622d02f532beca32c6bee19e5ab","17945568","1692408755","2023-08-19 01:32:35","Bought","0xf15c93562bc3944a68e938ef75d2a3360d98ca57","BoredApeYachtClub","7838","721","1","25.0002 WETH ($41,742.08)","OpenSea"
"0x0b19b39add9eb3e917df92a8cfc2e88acb43b40fc39db14c567fab46d7d5fc9d","17945897","1692412739","2023-08-19 02:38:59","Bought","0x7fb6123f947dff6bd83f2f7a05fa35367abb7ced","BoredApeYachtClub","8078","721","1","27 ETH ($45,081.09)","OpenSea"
"0x3e5575c9f3bc4e4cb041692e1284c9a1c98976e48844d6a115141ea9edd05137","17945948","1692413351","2023-08-19 02:49:11","Bought","0xc4d469c1419bd07d7223ab4ecedbfa639bb87233","BoredApeYachtClub","7924","721","1","26 WETH ($43,411.42)","OpenSea"
"0x144a746c7c0452890a850f5443557f0bcf44033e381e955e331dcfb8315ec921","17945959","1692413483","2023-08-19 02:51:23","Bought","0x472666679f1261f504a454b49da8afea22d093d8","BoredApeYachtClub","8078","721","1","25.8 ETH ($43,077.49)","OpenSea"
"0xe666cb45f56165c91e05945f50b02e19699b2b0d67ff2d1c417f0f233981d478","17946631","1692421583","2023-08-19 05:06:23","Bought","0xb28fc349b02d30ff42fbdb9a1234c11a7e1bab44","BoredApeYachtClub","9466","721","1","25.55 ETH ($42,660.07)","OpenSea"
"0xe58c3de4ce5fd89051c8c5af33e41fa3ec6d53bf1ef609910368ba2b44de04ae","17947256","1692429155","2023-08-19 07:12:35","Bought","0xce841f783dc6d9df256af36b1cf6b3a52aa57cdc","BoredApeYachtClub","9860","721","1","24.5501 WETH ($40,990.57)","Unknown"
"0x6d5256b4f03cf09e96f06fbe7483b847932dcb88836fc7610ec5956818a77d80","17948284","1692441611","2023-08-19 10:40:11","Bought","0xce841f783dc6d9df256af36b1cf6b3a52aa57cdc","BoredApeYachtClub","8641","721","1","23.7552 WETH ($39,663.34)","Unknown"
"0x3d6f5b21de3e270f24755eacec517df12b6afc329e5b3c4a181977ca3ba5b077","17949362","1692454691","2023-08-19 14:18:11","Bought","0x020ca66c30bec2c4fe3861a94e4db4a498a35872","BoredApeYachtClub","2551","721","1","27.5 ETH ($45,915.93)","Blur"
"0xd6f7493f271b2f9611e82c5c10fed68df59a5b04556ab08a9cbfcf9a5377c1c3","17949585","1692457367","2023-08-19 15:02:47","Bought","0xdf75ea94f54c3d35cae64e32a7858e7af7bf9d34","BoredApeYachtClub","3261","721","1","24.1 WETH ($40,239.05)","OpenSea"
"0x7f34ddaa7e3e17c151e2835e3212cecb61db68bddb58888c2918b0d304206d32","17949811","1692460115","2023-08-19 15:48:35","Bought","0x834c42bdf8233efe17f05603686b2727266c03d0","BoredApeYachtClub","7924","721","1","27.48 ETH ($45,882.53)","OpenSea"
"0xc1fe4f5ee6516c5b66763321005162ac9ef1a4722067c09eacc7ffb664ec54d4","17950021","1692462647","2023-08-19 16:30:47","Bought","0x2f9ecaa66e12b6168996a6b80cda9bb142f80dd0","BoredApeYachtClub","2227","721","1","24.6 WETH ($41,073.88)","Unknown"
"0x74e97844548a3e5932276ea2682d145aa9cdf8abf356bc7911c431cad833d0a3","17950805","1692472127","2023-08-19 19:08:47","Bought","0x18beceb3674f20ee3f75c03ef06542c8c882d088","BoredApeYachtClub","490","721","1","57,000 USDC ","OpenSea"
"0xb8cb10146fcf53e00038f05fb760ad9b951403875894d92a8724f796c0090abd","17952651","1692494483","2023-08-20 01:21:23","Bought","0xcb415344cd0fc552ce7b48ee9375991ff5865895","BoredApeYachtClub","9770","721","1","36 ETH ($60,673.68)","X2Y2"
"0x04def578d6d253d556a461749c14daebb9b4bbbc0cbde9e807c619cf7712213a","17953501","1692504767","2023-08-20 04:12:47","Bought","0x020ca66c30bec2c4fe3861a94e4db4a498a35872","BoredApeYachtClub","2384","721","1","29.5 ETH ($49,718.71)","Blur"
"0x8cd9b933ad8ddb22dec10072841dacd62fa2ff109caad20dd735479d37b68425","17953601","1692505967","2023-08-20 04:32:47","Bought","0x3dae7ad6015efe036394b52ef26441437f5d176b","BoredApeYachtClub","3920","721","1","24.4986 ETH ($41,289.45)","OpenSea"
"0x83dcf403afc165e23aa5cd3fedc00328a8bbb0fdc345ef0738618761dde14b68","17953717","1692507359","2023-08-20 04:55:59","Bought","0x66666f58de1bcd762a5e5c5aff9cc3c906d66666","BoredApeYachtClub","8585","721","1","153 ETH ($257,863.14)","X2Y2"
"0x1aedba10f0b541631bb1e60a27812458becf0387f340921563698e5b55bfaa2a","17954768","1692520127","2023-08-20 08:28:47","Bought","0xe0b6e70261db8ef63df421662dbba26ae8470a5d","BoredApeYachtClub","3045","721","1","24.99 ETH ($42,117.65)","OpenSea"
"0xa26e29fe47198686857d24f995348fe1f03596f520f3eb5b9b2b94ecca6b5266","17955092","1692524039","2023-08-20 09:33:59","Bought","0xce841f783dc6d9df256af36b1cf6b3a52aa57cdc","BoredApeYachtClub","4768","721","1","23 WETH ($38,763.74)","OpenSea"
"0x73310ed92a5e63ef40bdd405fcb5178f6411b6f5323e57d87fcce752043daaea","17955384","1692527591","2023-08-20 10:33:11","Bought","0xd24d37dff53cf50faa81a832fe39b5ebca24506d","BoredApeYachtClub","3016","721","1","23 ETH ($38,763.74)","X2Y2"
"0x5b3665d363911ecb0c599ac9d42458f5e1f932d5d0c1bc08717d82e27895e8b5","17955486","1692528827","2023-08-20 10:53:47","Bought","0x0097b9cfe64455eed479292671a1121f502bc954","BoredApeYachtClub","3920","721","1","22.7658 WETH ($38,369.02)","OpenSea"
"0x50e1fceb77b27a6781dc57e528d9ce81fb03fd97b54c8182b80cce198e262523","17956105","1692536303","2023-08-20 12:58:23","Bought","0x0097b9cfe64455eed479292671a1121f502bc954","BoredApeYachtClub","1687","721","1","23.01 WETH ($38,780.59)","OpenSea"
"0xdbf5706c6bae20ffbb3ae94705183c76d473ea5f5ecfe5281cdd6dea8b3d01b2","17956152","1692536867","2023-08-20 13:07:47","Bought","0x26b03767002ee4141fec77a0dbc6b098ec5040ed","BoredApeYachtClub","8698","721","1","27.75 ETH ($46,769.30)","OpenSea"
"0xaaa3410589480cd38229b1331a334d33bad17678cc015f95fc268c477801270f","17956485","1692540887","2023-08-20 14:14:47","Bought","0x7d0d6421e08b3f9a5172005487cffb146aeb86d6","BoredApeYachtClub","8641","721","1","26 ETH ($43,819.88)","OpenSea"
"0xcaeb6e3a80c1ad9ec656cc892388270b8b743b0464363f1f105cb523d4c80b79","17956491","1692540959","2023-08-20 14:15:59","Bought","0x7e35fe41789a6bc7668b8c5a44928b29ed7f41e2","BoredApeYachtClub","6937","721","1","35 WETH ($58,988.30)","OpenSea"
"0x1c722578908a11fa599019a922699d93123e385686efaed27c95b24954710f50","17956932","1692546275","2023-08-20 15:44:35","Bought","0xf15c93562bc3944a68e938ef75d2a3360d98ca57","BoredApeYachtClub","8586","721","1","23.2223 WETH ($39,138.40)","OpenSea"
"0x8743e05cbc4892c6b67023faa97064db5c54deaa4af8ada47d69aaf6018a6be4","17958449","1692564587","2023-08-20 20:49:47","Bought","0x020ca66c30bec2c4fe3861a94e4db4a498a35872","BoredApeYachtClub","2245","721","1","24.5 ETH ($41,291.81)","Blur"
"0xea45da00f4cbd1e1cfa79117e53c95eb9b04077ca30f72f68dc030130061c78b","17958647","1692566999","2023-08-20 21:29:59","Bought","0x9df276bc9d4527e801c4b12b4edce3cd484bd490","BoredApeYachtClub","9256","721","1","30 ETH ($50,561.40)","X2Y2"
"0x746d690fb62372420e28425967490b8b670237b18325d2b3f2386ed166e63ffe","17958929","1692570419","2023-08-20 22:26:59","Bought","0xd24d37dff53cf50faa81a832fe39b5ebca24506d","BoredApeYachtClub","2632","721","1","30 ETH ($50,561.40)","OpenSea"
"0xf93db554a3d63e81fdbc87e51207b620a816eca80d81ee05044e58355a386748","17959000","1692571283","2023-08-20 22:41:23","Bought","0xf1cd08e18d28368727d453a8d51dc5b78281a49b","BoredApeYachtClub","7391","721","1","26.99 ETH ($45,488.41)","OpenSea"
"0xa38ee8ef8093e11425a4e2684d6e9d862b519c8432fad02ec430e9ba3e99652a","17959482","1692577079","2023-08-21 00:17:59","Bought","0x69986d5af481c14ca1351c8f330a34a0afcd90bd","BoredApeYachtClub","8009","721","1","25.75 ETH ($42,932.20)","X2Y2"
"0xc25556b73a61ab69ed0086222964a084574e4516e1c972caba11350241ccd5ca","17960878","1692594023","2023-08-21 05:00:23","Bought","0xce841f783dc6d9df256af36b1cf6b3a52aa57cdc","BoredApeYachtClub","3611","721","1","23 WETH ($38,347.21)","OpenSea"
"0x49abeb4785b5be1bf3a6573fecc33a89b1b079be9dac26e42eddc5c288479db1","17962076","1692608459","2023-08-21 09:00:59","Bought","0x411ed9cdb97730dbb81e1f9c17fdeb8609edfe4b","BoredApeYachtClub","4232","721","1","25.125 ETH ($41,890.16)","OpenSea"
"0xd868282cf9d5ea7a040a7c56219eede4398a050ca220a03080387759a5a477c3","17963474","1692625379","2023-08-21 13:42:59","Bought","0x9ecaa42c96096f1a3a6f1f8d8e57513fe8085056","BoredApeYachtClub","8557","721","1","23.9 ETH ($39,847.75)","OpenSea"
"0xf9963421e36a91ff7b474b58efc4060c8d54e8da1e66a6fc8508453f04ede475","17963706","1692628199","2023-08-21 14:29:59","Bought","0xf15c93562bc3944a68e938ef75d2a3360d98ca57","BoredApeYachtClub","1885","721","1","22.8962 WETH ($38,174.15)","OpenSea"
"0xd92d8d1cafa19515c53e4b5c73d7b89351416779e099c7fbd0ed2f7caae1e6ab","17963913","1692630707","2023-08-21 15:11:47","Bought","0xf15c93562bc3944a68e938ef75d2a3360d98ca57","BoredApeYachtClub","1064","721","1","22.8102 WETH ($38,030.76)","OpenSea"
"0x5acfc800220b7f0eb47f657c7b825e58b4bc3d8c2ce9ceabaa3120a827309c10","17964061","1692632507","2023-08-21 15:41:47","Bought","0xce841f783dc6d9df256af36b1cf6b3a52aa57cdc","BoredApeYachtClub","9873","721","1","23 WETH ($38,347.21)","OpenSea"
"0x9edfcfd1e5dec8044ba41c7dae325e14b1918ad01723e304a944e6d2be8425b7","17964346","1692635987","2023-08-21 16:39:47","Bought","0xb0ffc78c832d2cf7fcc63f79238fdd720b5cee35","BoredApeYachtClub","9873","721","1","23.12 ETH ($38,547.28)","OpenSea"
"0xe458905f86e3617c8cc305fd151dc1e4075e7d1d1b5e8283942e0a929a08ca06","17965647","1692651659","2023-08-21 21:00:59","Bought","0x7661f05aa6042043ca691f3704ec6abafeef4595","BoredApeYachtClub","7730","721","1","0 ETH ","OpenSea"
"0xe458905f86e3617c8cc305fd151dc1e4075e7d1d1b5e8283942e0a929a08ca06","17965647","1692651659","2023-08-21 21:00:59","Bought","0x020ca66c30bec2c4fe3861a94e4db4a498a35872","BoredApeYachtClub","32","721","1","0 ETH ","OpenSea"
"0x8ee01bacd9f58ac603b168a8a533b32578c66894887802cedc2e3cab5ef0c1d9","17967220","1692670667","2023-08-22 02:17:47","Bought","0x26b03767002ee4141fec77a0dbc6b098ec5040ed","BoredApeYachtClub","8942","721","1","23.5 ETH ($38,403.70)","OpenSea"
"0x75c7c6b9e4c57395c3cbf8eb4e7da7330b9f8eca7c86938125daecea5476a6cb","17967281","1692671411","2023-08-22 02:30:11","Bought","0x86b4d38e451c707e4914ffceab9479e3a8685f98","BoredApeYachtClub","1097","721","1","24.66 WETH ($40,299.37)","OpenSea"
"0x3860932c26a915308d71285f916a2bdd339849ee5fa1082cfd2c8e4aa9697d1b","17967636","1692675707","2023-08-22 03:41:47","Bought","0x5b09a1f27071f86ed90dff27e13e9050c113292f","BoredApeYachtClub","2878","721","1","33 ETH ($53,928.60)","X2Y2"
"0x3288f34682f8169379e67788a4f7ac8a9c126d63532b910d85741b5b2f30f4ca","17967720","1692676715","2023-08-22 03:58:35","Bought","0xce841f783dc6d9df256af36b1cf6b3a52aa57cdc","BoredApeYachtClub","1012","721","1","22.6 WETH ($36,932.92)","OpenSea"
"0x53b755c24951bb84edb3151b87c399bb468ed61503bdb7fc2bd0c56642932c46","17968119","1692681527","2023-08-22 05:18:47","Bought","0x0097b9cfe64455eed479292671a1121f502bc954","BoredApeYachtClub","638","721","1","21.77 WETH ($35,576.53)","OpenSea"
"0x5cd4d8ca075465875eb6167fbced4b5b6d4e392b7eff4ec260634893edc33c4c","17968207","1692682583","2023-08-22 05:36:23","Bought","0x020ca66c30bec2c4fe3861a94e4db4a498a35872","BoredApeYachtClub","9044","721","1","24 ETH ($39,220.80)","Blur"
"0x951265067061d3f5eab4ad23689b1648d8d925e547c9fcefbdab7d33af907e44","17968432","1692685307","2023-08-22 06:21:47","Bought","0x459ca2a9159f866e7ebab81fe2666aefd2b49acb","BoredApeYachtClub","5787","721","1","27.5 ETH ($44,940.50)","OpenSea"
"0x136eb623f58a307df30d7d10c7acf1f25eb4d8500e60ec752ab554e8d39a3628","17968624","1692687623","2023-08-22 07:00:23","Bought","0xd007058e9b58e74c33c6bf6fbcd38baab813cbb6","BoredApeYachtClub","1055","721","1","23.78 ETH ($38,861.28)","Blur"
"0x136eb623f58a307df30d7d10c7acf1f25eb4d8500e60ec752ab554e8d39a3628","17968624","1692687623","2023-08-22 07:00:23","Bought","0xd007058e9b58e74c33c6bf6fbcd38baab813cbb6","BoredApeYachtClub","5882","721","1","22.7 ETH ($37,096.34)","Blur"
"0x136eb623f58a307df30d7d10c7acf1f25eb4d8500e60ec752ab554e8d39a3628","17968624","1692687623","2023-08-22 07:00:23","Bought","0xd007058e9b58e74c33c6bf6fbcd38baab813cbb6","BoredApeYachtClub","644","721","1","24.49 ETH ($40,021.56)","Blur"
"0x136eb623f58a307df30d7d10c7acf1f25eb4d8500e60ec752ab554e8d39a3628","17968624","1692687623","2023-08-22 07:00:23","Bought","0xd007058e9b58e74c33c6bf6fbcd38baab813cbb6","BoredApeYachtClub","7236","721","1","28 ETH ($45,757.60)","Blur"
"0x846ff424cc9abf612ae073a00640642181a95b6091a7385481a27e3cee9db6b1","17968627","1692687659","2023-08-22 07:00:59","Bought","0x76126c607c200257a0371a0e07fa5b7da87f9d07","BoredApeYachtClub","3248","721","1","23.99 ETH ($39,204.46)","OpenSea"
"0x833dbf016cdac22a0343e006388f7771f2bd0c02321547f593f2f9cc751ca73b","17968639","1692687803","2023-08-22 07:03:23","Bought","0xcb415344cd0fc552ce7b48ee9375991ff5865895","BoredApeYachtClub","6932","721","1","28 ETH ($45,757.60)","OpenSea"
"0x1c977a912003598844fd2d7c538c663991dc328433a1fb973f576643ca9fdf44","17969432","1692697367","2023-08-22 09:42:47","Bought","0x60bac7af5185e674d90da0fa49efebc19a1443d3","BoredApeYachtClub","6662","721","1","25.89 ETH ($42,309.44)","OpenSea"
"0x7b5eaf3fc83fe4cf2e3076825ed03ddb4a17054db5b43315e2589b3c9fb78658","17970178","1692706391","2023-08-22 12:13:11","Bought","0x65249532663d15a76007688a8bfa1b109973ad41","BoredApeYachtClub","6173","721","1","0.01 ETH ($16.34)","Unknown"
"0x7b5eaf3fc83fe4cf2e3076825ed03ddb4a17054db5b43315e2589b3c9fb78658","17970178","1692706391","2023-08-22 12:13:11","Bought","0x0cfbbdff8e741ab4d996fd121bd56f20446e8f8c","BoredApeYachtClub","3420","721","1","0.01 ETH ($16.34)","Unknown"
"0xb57469ee9face3e080d67df755c5522008ce9a57318784c725fd3c3e4b89d5c7","17970884","1692714935","2023-08-22 14:35:35","Bought","0x8002524b12b2a6e1e8e26f39b32efc73fa4c161a","BoredApeYachtClub","475","721","1","34 WETH ($55,562.80)","OpenSea"
"0x0c842d39cdd070f97e38cfcbc356e09f51229c1f96ec0bcb56e1ab05508e8774","17971141","1692718043","2023-08-22 15:27:23","Bought","0x027750420d3f4dd56f558871792b1632a21c6205","BoredApeYachtClub","7377","721","1","24.97 ETH ($40,805.97)","OpenSea"
"0xd816b2547d3abb29bdae6d370531734acca6abff0928477d65355ba994a3dd56","17971259","1692719483","2023-08-22 15:51:23","Bought","0x9a0ebd69e903e68e96956e606d224cff1ca01162","BoredApeYachtClub","5912","721","1","23.3 WETH ($38,076.86)","OpenSea"
"0xdf38d226bf202dc2daffe91056986a12ce48370ab5d5a45dd09fb109d71fe47b","17971412","1692721319","2023-08-22 16:21:59","Bought","0xcb415344cd0fc552ce7b48ee9375991ff5865895","BoredApeYachtClub","6195","721","1","27 ETH ($44,123.40)","X2Y2"
"0x45451f11565b749ee115ea8ea16a4582b4b2417484e6ad9637d4543fc1ee9be7","17971479","1692722123","2023-08-22 16:35:23","Bought","0x26b03767002ee4141fec77a0dbc6b098ec5040ed","BoredApeYachtClub","3979","721","1","24 ETH ($39,220.80)","OpenSea"
"0x8cdeb01cdb9744c74f967141cf31e5ce92f87d185e107d09a0bfd2eb1d4780d1","17973622","1692747959","2023-08-22 23:45:59","Bought","0xe16dce8e44b310953255ffeaa9086f1e3600e999","BoredApeYachtClub","5869","721","1","29 ETH ($47,391.80)","OpenSea"
"0xaccc1f618de04e37a7ab628ac45b8778bed4e6bb033b09570825d568854421f7","17974444","1692757895","2023-08-23 02:31:35","Bought","0x188f982f7144a69d61ad0143399eb8c460b907b4","BoredApeYachtClub","7821","721","1","30 ETH ($50,384.40)","OpenSea"
"0x016870b0291eac415bb2875af399c6a2f785f42ef3c2e372beb5ab4308208f53","17975078","1692765563","2023-08-23 04:39:23","Bought","0xfa5028965fd0858b161db1413edfe7640f20e154","BoredApeYachtClub","5577","721","1","23.489 ETH ($39,449.31)","OpenSea"
"0x4921397bd1d30ad5e94eeeb71ed6866857475f78368d5ade8b7c0b45bf31928e","17976349","1692780935","2023-08-23 08:55:35","Bought","0x441c5d77fb66c185235844a1036e02b8c425d7e3","BoredApeYachtClub","2783","721","1","30 ETH ($50,384.40)","X2Y2"
"0x434e50a2740bef4125724a1344f81326dd13f0f47fc88a5bd2cebbb2d753704b","17976393","1692781463","2023-08-23 09:04:23","Bought","0x99df809bdc7c49e900d80f18d787d3cfa23fdb8e","BoredApeYachtClub","9121","721","1","34.3 ETH ($57,606.16)","X2Y2"
"0x0d83991aafd61df66c5bad524388ae36e1cff6558e5d27484b00a3e150170de0","17977539","1692795275","2023-08-23 12:54:35","Bought","0xc7d64d4402702f6e068103e0e2af0998c063c5aa","BoredApeYachtClub","6510","721","1","25.5 ETH ($42,826.74)","OpenSea"
"0xd67e2c633fd078ec05ece430ab8d10edc2d65475b2aff412cd4a5eafd9eb1c52","17977624","1692796307","2023-08-23 13:11:47","Bought","0x5cf4eee4f981265dca4cc8f902968caec3566ead","BoredApeYachtClub","2243","721","1","24.44 ETH ($41,046.49)","OpenSea"
"0x38c4be07669d2c0a859864038f0a909f6d7eb2200f98298ae130e7ca8d3049e4","17977801","1692798455","2023-08-23 13:47:35","Bought","0xf76ebe6341dd9dc880596ee1cccffb4938db14e3","BoredApeYachtClub","7936","721","1","33 ETH ($55,422.84)","X2Y2"
"0xdbd8857c22daaf2d0002f099dde30092d9cc4457716af1bfba58500046378a2d","17978235","1692803675","2023-08-23 15:14:35","Bought","0x978322f3c19a7b5584f516a83accb29b21176c43","BoredApeYachtClub","1938","721","1","25.75 ETH ($43,246.61)","OpenSea"
"0x83ad732543bd0df431498652c327769b84f323fc7869375f32d360745a1f9ac4","17978826","1692810815","2023-08-23 17:13:35","Bought","0xb17cf8ef22a650b6de374a14fb1cabda635fdd8b","BoredApeYachtClub","1071","721","1","28 ETH ($47,025.44)","X2Y2"
"0x029ec0f672753e86da263df60229c65273b1e88a87d30136f5edba5e48158c77","17980088","1692826031","2023-08-23 21:27:11","Bought","0xf1cd08e18d28368727d453a8d51dc5b78281a49b","BoredApeYachtClub","2949","721","1","25 ETH ($41,987.00)","OpenSea"
"0x78a6e7c7aca0e62a17358b808b02194ca41d527e66c1d8b8f5ab66f36b85e8de","17980399","1692829775","2023-08-23 22:29:35","Bought","0x40a167752d88b5493d35fd088f4e8f16d07a247f","BoredApeYachtClub","871","721","1","29.99 ETH ($50,367.61)","OpenSea"
"0x7f30856effe4ff3f53f7cf647d46e8120d8917f2c4354736a16e06260f2ecc26","17982524","1692855467","2023-08-24 05:37:47","Bought","0x0097b9cfe64455eed479292671a1121f502bc954","BoredApeYachtClub","6433","721","1","22.5626 WETH ($37,464.97)","OpenSea"
"0xc844830e0615a30a1e766607fbab7488e3d8509855fa7800de13cb180d3e5dca","17982694","1692857507","2023-08-24 06:11:47","Bought","0x0097b9cfe64455eed479292671a1121f502bc954","BoredApeYachtClub","3096","721","1","22.5622 WETH ($37,464.31)","OpenSea"
"0x82cda25cb7c9f34c5f83a2fdf043e88c9c09d8fad19e35253052068d6c0a5227","17983321","1692865091","2023-08-24 08:18:11","Bought","0x3e6527de2cfec82ce5240d5559a8b09d256d5d6d","BoredApeYachtClub","8636","721","1","25.8 ETH ($42,840.64)","X2Y2"
"0xfab0e86ff915c16b433be61b29aa7d218e91976b7ef1e16261d992c7db0a6753","17985063","1692886175","2023-08-24 14:09:35","Bought","0x5cf4eee4f981265dca4cc8f902968caec3566ead","BoredApeYachtClub","6573","721","1","24.3 ETH ($40,349.91)","OpenSea"
"0xb2e890c6fc844a7eaa1067d00299263f7aaf0d1d9d416c0891b5986d64c9208e","17985880","1692896039","2023-08-24 16:53:59","Bought","0x96d618adc74b18e26968a2aa8ad1ec3f95940d64","BoredApeYachtClub","100","721","1","27 ETH ($44,833.23)","OpenSea"
"0x3293d3555097e0a1865bb552bbea305c84f8e8d9f12b661fe694e0cbb9093de7","17987495","1692915611","2023-08-24 22:20:11","Bought","0xf15c93562bc3944a68e938ef75d2a3360d98ca57","BoredApeYachtClub","8760","721","1","22.9028 WETH ($38,029.87)","OpenSea"
"0x11f04e13c0a3a9c4b478496f03d42c247b62de2b5d4f6f231a4a1c1de1950e06","17988085","1692922691","2023-08-25 00:18:11","Bought","0x5fcb06838f7ac00d8ee2d278f91bf8c3316ca223","BoredApeYachtClub","8506","721","1","24.99 ETH ($41,306.97)","OpenSea"
"0x95188db06e3b8a33a9fa1ed877f0925fc432dddc82373dd51c86ef5ea91dea7f","17988250","1692924671","2023-08-25 00:51:11","Bought","0x6041d8809a2dbc039d40463314c4eb984499e801","BoredApeYachtClub","3177","721","1","23.999 ETH ($39,668.91)","OpenSea"
"0x94c4c3d1722dd1105579512cf5715f6859f8516a8aa087de0e1f26213d5b7a64","17988303","1692925307","2023-08-25 01:01:47","Bought","0xcb415344cd0fc552ce7b48ee9375991ff5865895","BoredApeYachtClub","8003","721","1","23.5 ETH ($38,844.09)","X2Y2"
"0x64de777d1322c5a6c44f5824238aa153a6c139279f61a0dbd06792446d2e63b7","17988618","1692929099","2023-08-25 02:04:59","Bought","0xc4d469c1419bd07d7223ab4ecedbfa639bb87233","BoredApeYachtClub","5692","721","1","25.75 ETH ($42,563.21)","X2Y2"
"0x8bc8979262f7c4ad553747816023e130e174308f8785e8a24cc79ebe11da420f","17989025","1692934055","2023-08-25 03:27:35","Bought","0x69986d5af481c14ca1351c8f330a34a0afcd90bd","BoredApeYachtClub","3864","721","1","30.69 ETH ($50,728.73)","X2Y2"
"0xab5c6f5243369706fa9600cee146819beccf55d8407a785a7279f58b2c0f7324","17989624","1692941291","2023-08-25 05:28:11","Bought","0x63c9c98c84fae150f0649560b94bacd42c467654","BoredApeYachtClub","8295","721","1","87 ETH ($143,805.78)","X2Y2"
"0x85fcee633294df62ff70ecdbd1a3b4e95e48b83fcbd5f887c3a1e558187a2b8c","17990714","1692954491","2023-08-25 09:08:11","Bought","0xde7587c71d388fff52c0774dd8160d435efe7ad0","BoredApeYachtClub","3218","721","1","24.42 ETH ($40,364.79)","OpenSea"
"0x90898d3714e9ac580e576df860fdfcd82428677e8c54789a0cbcda343f0ac3f7","17991431","1692963155","2023-08-25 11:32:35","Bought","0xf15c93562bc3944a68e938ef75d2a3360d98ca57","BoredApeYachtClub","5493","721","1","24.0001 WETH ($39,670.73)","OpenSea"
"0x51fd33370878a35b822f2c439cc81ea5d7a3885451fc2ca1b7dfee6e35d61a22","17992653","1692977963","2023-08-25 15:39:23","Bought","0x4c91499abc38c06dde356616238726e2528c9fca","BoredApeYachtClub","5124","721","1","26 ETH ($42,976.44)","X2Y2"
"0xc73c7b28710baf47ba32c08861d0904c168d0069bf9aa6808998c716ed74f78d","17992704","1692978575","2023-08-25 15:49:35","Bought","0x6103da69eb99c78559a33cfc4e73795e751c5f3a","BoredApeYachtClub","578","721","1","27.5 ETH ($45,455.85)","OpenSea"
"0x120c1124485bc7836f46da3d667f3778b1790f270d3dc0767890b3691b126e50","17994162","1692996191","2023-08-25 20:43:11","Bought","0x40a167752d88b5493d35fd088f4e8f16d07a247f","BoredApeYachtClub","6981","721","1","25.49 ETH ($42,133.44)","OpenSea"
"0x9ff222764d165f908b5bc4dafabcb0d5cf428bdc72b76613746d923601205046","17996401","1693023275","2023-08-26 04:14:35","Bought","0x6c782bda4b37b1f457615b19c45798a0a224bc66","BoredApeYachtClub","5415","721","1","25.99 ETH ($42,787.34)","OpenSea"
"0x88ddcb3fc24e622fd97fef5eee073c181b9dcdf8556003fe7db178e9c501ed88","17996639","1693026203","2023-08-26 05:03:23","Bought","0xc5c436a0395431d6966d91b3cc8db34736775f49","BoredApeYachtClub","317","721","1","29 ETH ($47,742.70)","OpenSea"
"0x29b299511690e91c718e7a4868068df072bc11ee9beaf82a13922ba002deafd9","17997317","1693034435","2023-08-26 07:20:35","Bought","0xe7866592a63bd5bb4b4ecfdca2a797e4a8f63ece","BoredApeYachtClub","864","721","1","29.39 ETH ($48,384.76)","X2Y2"
"0xa852d621327e68de4a775d5423a2a4a9831d5e793ef67534cd68195382ded695","17997463","1693036223","2023-08-26 07:50:23","Bought","0x8ad334be71f18e6854aa69c4081dfa0b99cafb20","BoredApeYachtClub","8490","721","1","28.69 ETH ($47,232.35)","OpenSea"
"0x9f73a635a8498e1425123c187fb70e6531d0c2c095b9daed54576a4d6fc687ee","17997535","1693037099","2023-08-26 08:04:59","Bought","0xe7866592a63bd5bb4b4ecfdca2a797e4a8f63ece","BoredApeYachtClub","6153","721","1","29.39 ETH ($48,384.76)","OpenSea"
"0xb2c4636013a94fedf7c57af40a023931bbcb66a81940eaa279a01a1a7a840cd5","17999167","1693056851","2023-08-26 13:34:11","Bought","0x1e30f1bf8559090ab5a6b219efd98f8c275b2715","BoredApeYachtClub","6153","721","1","29.395 ETH ($48,392.99)","X2Y2"
"0x9e650076fa25ca58df42697cb10ee4600d66131116f6ad1ebffea2d3fcbc2190","17999333","1693058843","2023-08-26 14:07:23","Bought","0x47a9f89b1587db59a9aa53a93e9eae5915e8b36f","BoredApeYachtClub","8841","721","1","27 ETH ($44,450.10)","OpenSea"
"0x2244eda46c5d0f017c051fcf33d8055fde400549cb6436bd8a3405cc1314ebc7","18000300","1693070507","2023-08-26 17:21:47","Bought","0x7476d5604f841e0b829f1eaa46f2b0a4ecf16962","BoredApeYachtClub","3838","721","1","26.88 ETH ($44,252.54)","OpenSea"
"0xfda35654cfef43477c3f76f6d652f038c8305735ebe74ab1d3a1413cd3380752","18000741","1693075811","2023-08-26 18:50:11","Bought","0x58a277939414926f1144d286fe9c96ce66733936","BoredApeYachtClub","6932","721","1","32 ETH ($52,681.60)","X2Y2"
"0x129a4cdbbe77e73dcdd617394b249f14e2d4bb854649e9a131e758b32a322958","18001077","1693079891","2023-08-26 19:58:11","Bought","0xbf45c33ec9cc59c0de50d33d87e13e61df25dbef","BoredApeYachtClub","920","721","1","27 ETH ($44,450.10)","OpenSea"
"0xf01922f55a620d27075b656058895cc4553cd84303f79b49bec0a2917be58e4f","18001404","1693083815","2023-08-26 21:03:35","Bought","0x6caccf6df062634f6fdf7581b5c3fb0ff2d993cd","BoredApeYachtClub","7485","721","1","105 ETH ($172,861.50)","X2Y2"
"0xfbbb9251df0a146bf8850b152428506832342a68a31d88bed3a4e93222d08453","18001755","1693088051","2023-08-26 22:14:11","Bought","0x27ace2849d6e1be10a3f0274d279c7788646b55e","BoredApeYachtClub","1892","721","1","30 ETH ($49,389.00)","X2Y2"
"0xef8bd04fafccc35ea9ca276f5089f480406013a144fb92d5b28469aae4f89b75","18002219","1693093619","2023-08-26 23:46:59","Bought","0xc4d469c1419bd07d7223ab4ecedbfa639bb87233","BoredApeYachtClub","2377","721","1","29 ETH ($47,742.70)","X2Y2"
"0x6844e436b2166b0285d96aba98398126bf5857bf6d6cb7de54d0fb957cb24a26","18002479","1693096751","2023-08-27 00:39:11","Bought","0xa7bf5be7b4dc16f6d4a454583746032c6535aff2","BoredApeYachtClub","3864","721","1","35 ETH ($58,016.00)","X2Y2"
"0xf9180cdb1cd0050d12631553283dd64e364cc81f2ab728e4141da826f8deefae","18004172","1693117187","2023-08-27 06:19:47","Bought","0x020ca66c30bec2c4fe3861a94e4db4a498a35872","BoredApeYachtClub","926","721","1","0 ETH ","OpenSea"
"0xf9180cdb1cd0050d12631553283dd64e364cc81f2ab728e4141da826f8deefae","18004172","1693117187","2023-08-27 06:19:47","Bought","0x020ca66c30bec2c4fe3861a94e4db4a498a35872","BoredApeYachtClub","3518","721","1","0 ETH ","OpenSea"
"0xf7c14333b493d6cc4f49cd8d5038832731ddb3fb0a18ed2b615e86f4211eba99","18006913","1693150343","2023-08-27 15:32:23","Bought","0xcb415344cd0fc552ce7b48ee9375991ff5865895","BoredApeYachtClub","9593","721","1","38 ETH ($62,988.80)","X2Y2"
"0x492ae0699307f327a3af5101eef3b32827edae1aed05f1a4c141aa85687ba65f","18007243","1693154351","2023-08-27 16:39:11","Bought","0xafdae0ab2a6351ab57b10c9f0031aa59ab40e6ea","BoredApeYachtClub","7723","721","1","30 ETH ($49,728.00)","OpenSea"
"0xc25381481572db9f9ccd76c38d4b70364ecf7ae9fc8db86c973d94c7e468fdbd","18007757","1693160579","2023-08-27 18:22:59","Bought","0x40a167752d88b5493d35fd088f4e8f16d07a247f","BoredApeYachtClub","1598","721","1","36.99 ETH ($61,314.62)","OpenSea"
"0x1a105362a6374c08b272d58b05a07af6a4a60c206f4ed0889d58a132c8e91f71","18011294","1693203395","2023-08-28 06:16:35","Bought","0x04331bfe69b1f06bd47a179bcacf4c55ea9c31a8","BoredApeYachtClub","3948","721","1","28.8 ETH ($47,584.22)","OpenSea"
"0xac5f8092854837d7fefc930e5c0cc077613b316927324d26b3bf385d472d2c51","18015528","1693254587","2023-08-28 20:29:47","Bought","0xeb4a487c89cf7fe5aad5a975e8c576a6e9ab68bc","BoredApeYachtClub","4261","721","1","27.25 ETH ($45,023.27)","OpenSea"
"0x51a1ac97c77cae62325277a814cb73f70abe0734f396a2630e9221c96363f533","18016786","1693269755","2023-08-29 00:42:35","Bought","0x3989549d3d35f78b043ebcce4bb253adc0f1c35d","BoredApeYachtClub","8059","721","1","25.8 ETH ($44,620.33)","X2Y2"
"0x0007ee543f6f1589440f7f651e463ce0a346ea60935e901c41ec454314b01487","18017434","1693277615","2023-08-29 02:53:35","Bought","0xad012e6fcac2f0f4e4d415e81cf5d12ee9d07c2c","BoredApeYachtClub","2400","721","1","29.145728643216080403 ETH ($50,406.66)","OpenSea"
"0xfb9bf7d2f5ed998ee59f119f6755079f434ff4ea344e126e40b9b3bc7c60c24b","18017566","1693279223","2023-08-29 03:20:23","Bought","0x1b523dc90a79cf5ee5d095825e586e33780f7188","BoredApeYachtClub","869","721","1","40 ETH ($69,178.80)","X2Y2"
"0xfb8a44ded566846615329fc14224b5384760bd951eb6a821d2df8d46c3621a29","18017722","1693281119","2023-08-29 03:51:59","Bought","0xc67db0df922238979da0fd00d46016e8ae14cecb","BoredApeYachtClub","3816","721","1","26.949 ETH ($46,607.49)","OpenSea"
"0xfeabbc991f88a26381118f7b84325f3bea58b97de564bf92fa28fd5e3ddcc1fb","18018850","1693294811","2023-08-29 07:40:11","Bought","0x6b8b76303e30475ef175754fcf7462c7328659f8","BoredApeYachtClub","1553","721","1","33 ETH ($57,072.51)","OpenSea"
"0x53b519818ed53b8d0acdffe5d83a9f0f992793a7ffdd41fe492f85af1c6b4cb2","18021004","1693320959","2023-08-29 14:55:59","Bought","0xc40ffa19e3cea779c718998b22c6c199ff562663","BoredApeYachtClub","608","721","1","27.9 ETH ($48,252.21)","OpenSea"
"0x79b8cb13b96c7f04328e25f699765400f770c05e4c601bd53544263e563a1edc","18021121","1693322375","2023-08-29 15:19:35","Bought","0x2e7573445b46a305f6b80f86ba56e788b2db7e68","BoredApeYachtClub","8059","721","1","26.5 ETH ($45,830.96)","X2Y2"
"0x9782b058c839f5b25d36b3bde4a9bffce61840bd543ebcf84e3bdde4d6d1fc8b","18021402","1693325759","2023-08-29 16:15:59","Bought","0xb2aa2f1f8e93e79713d92cea9ffce9a40af9c82d","BoredApeYachtClub","2377","721","1","32.9 ETH ($56,899.56)","OpenSea"
"0x6a86381fa16d4abcae4c543bd3dc9d438d236e089afa21855062b247d36d8719","18021439","1693326215","2023-08-29 16:23:35","Bought","0xb5ee4f2681042395517aa4daa00c9474c803f858","BoredApeYachtClub","8338","721","1","30 ETH ($51,884.10)","OpenSea"
"0xb441417ee13ed9e8301aa8d4dcf84d6befbf7bf2c5a0e860893801a44d40a15e","18026957","1693392899","2023-08-30 10:54:59","Bought","0xe0e76a34c17635ebff5d80b1e387fcdd4eeab863","BoredApeYachtClub","3963","721","1","0.0069 ETH ($11.77)","X2Y2"
"0x834f3579ba676ea8274cd7974cd3b772ebde6883496791a51a05c9b20edef58f","18031457","1693447523","2023-08-31 02:05:23","Bought","0xd49e2ce67633521923dff4b6cbee343bc1695a9d","BoredApeYachtClub","2530","721","1","32 ETH ($52,661.44)","OpenSea"
"0x927492b3630a5c2abcda3085ed25622a97e430f73c7bda30bbba39774f22ac0e","18031823","1693451951","2023-08-31 03:19:11","Bought","0x96be3d4b507b11831bb5d3b8ad5e612262accab6","BoredApeYachtClub","3579","721","1","32.69 ETH ($53,796.95)","OpenSea"
"0x0251e0226ae2c989f23c73a3b9b2f62b422f0da326e633e1aec414fecfd8cd67","18032005","1693454147","2023-08-31 03:55:47","Bought","0xb29f8ddd1ade87ee93e7cc7497d4e65db46b8a20","BoredApeYachtClub","8610","721","1","29.1 ETH ($47,889.00)","OpenSea"
"0x12e8a4f91d61a1a103a55f46153678f9caa095184b1ce94eb0c4edd93aa48603","18032927","1693465271","2023-08-31 07:01:11","Bought","0x0263c008ae1f84ff6ec1f7b041775a22831e8d31","BoredApeYachtClub","8113","721","1","39 ETH ($64,181.13)","OpenSea"
"0x4774dc37bc6956e5ae80ddd4e153e7b2316bd95262bd2179d49d9b39817b5cfe","18033978","1693477907","2023-08-31 10:31:47","Bought","0x40a4f41bd5434686260a3a8878118e4c2b3d282d","BoredApeYachtClub","7728","721","1","34.99 ETH ($57,581.99)","OpenSea"
