"Txn Hash","Blockno","UnixTimestamp","DateTime (UTC)","Action","Buyer","NFT","Token ID","Type","Quantity","Price","Market"
"0xd3cbe1e4959c64f9e6f24d51213b85442a3296ab171e66315057d90584afd7e0","17112456","1682294591","2023-04-24 00:03:11","Bought","0xb7ef760f30d139097ba547bd6f0dfaecbf148452","BoredApeYachtClub","551","721","1","52.25 ETH ($96,271.15)","Blur"
"0x2a92ab2290135ab6aa20577fe9c9c13025b8214bf183c889386749956b20c1e5","17112752","1682298191","2023-04-24 01:03:11","Bought","0x1919db36ca2fa2e15f9000fd9cdc2edcf863e685","BoredApeYachtClub","3136","721","1","50.76 Blur Pool ($93,525.81)","Blur"
"0x2a92ab2290135ab6aa20577fe9c9c13025b8214bf183c889386749956b20c1e5","17112752","1682298191","2023-04-24 01:03:11","Bought","0x1919db36ca2fa2e15f9000fd9cdc2edcf863e685","BoredApeYachtClub","2503","721","1","50.75 Blur Pool ($93,507.38)","Blur"
"0x2a92ab2290135ab6aa20577fe9c9c13025b8214bf183c889386749956b20c1e5","17112752","1682298191","2023-04-24 01:03:11","Bought","0x1919db36ca2fa2e15f9000fd9cdc2edcf863e685","BoredApeYachtClub","9056","721","1","50.75 Blur Pool ($93,507.38)","Blur"
"0x83c05126d9e8cb7fac088c47c8e5a51d076c302c3e43ded646ed6050621f8aad","17112759","1682298275","2023-04-24 01:04:35","Bought","0x0232d1083e970f0c78f56202b9a666b526fa379f","BoredApeYachtClub","4974","721","1","50.75 Blur Pool ($93,507.38)","Blur"
"0xece08d144571266d7f3b2f44e04fdbb9bbe61c513fb8166afb34ca9f237ddc2d","17113272","1682304443","2023-04-24 02:47:23","Bought","0xe2889198056aa4978eaa99a067b87b8e64b80c1e","BoredApeYachtClub","2930","721","1","39.3 ETH ($72,410.64)","Seaport"
"0x8be0ee7f39c7c471bcbe81a135539ec4847c3844a2d4678204d6b4be6490979c","17113368","1682305631","2023-04-24 03:07:11","Bought","0x85e59a136696fa544714eb32625f2f56f3b1c96d","BoredApeYachtClub","6334","721","1","57.5 ETH ($105,944.33)","Blur"
"0xeb9af3018615a4472b04c2edfe2219a9d17d3f34ef83eec8adeeaf24ec751094","17113415","1682306195","2023-04-24 03:16:35","Bought","0x85e59a136696fa544714eb32625f2f56f3b1c96d","BoredApeYachtClub","7593","721","1","55 ETH ($101,338.05)","Blur"
"0x4a90fc01b96781a554c6184a47c28729bc07a97c23b11b14aad673699d743cd0","17115320","1682329319","2023-04-24 09:41:59","Bought","0x7d462af7fb6aa7b5b91fd5ca5bdabb7fd6124b26","BoredApeYachtClub","5393","721","1","57 ETH ($105,023.07)","OpenSea"
"0x8ea5aa818f3d76cdb6a69f73b0fcfe85bca10e9dd8314755a4469ca3d34b9ff7","17115537","1682331935","2023-04-24 10:25:35","Bought","0xb6f0f50a084a8fa6c120c3cfa49e873da76d7154","BoredApeYachtClub","177","721","1","52.5127 ETH ($96,755.17)","OpenSea"
"0x2df9cbafcb31102ea90adb7393217a7ebf7ea79075028587dbd3d18d9285757f","17116734","1682346419","2023-04-24 14:26:59","Bought","0x3df80467c507d8bbdd30aa3ee99fb5a403df1616","BoredApeYachtClub","6721","721","1","50.05 Blur Pool ($92,217.63)","Blur"
"0xa61888ce574caef5de9f132e1caa58818337508041549c43dd3b40770684db6e","17117072","1682350559","2023-04-24 15:35:59","Bought","0x0fb95dd3f4beefaf237addb5486fa183b1ebe794","BoredApeYachtClub","3745","721","1","52.25 ETH ($96,271.15)","OpenSea"
"0x22ff2434c606cb9daeac9e171922757cd660318e5b0c7de13a8ec72bed7ae4ef","17118886","1682372519","2023-04-24 21:41:59","Bought","0x0950541696888bcfac9af6a5c479871d3e583cac","BoredApeYachtClub","6384","721","1","55.9 ETH ($102,996.31)","Blur"
"0x664eabdfa2dc9e4f231f554ccef9164ad18aabbede1eb56262fa8b1c1e30acd7","17119083","1682374919","2023-04-24 22:21:59","Bought","0x50d36f27872f637ec9ecb4eedff300df44a608ab","BoredApeYachtClub","6721","721","1","50.18 Blur Pool ($92,457.15)","Blur"
"0xac8bd824cb7533737bd7bd15192e899c9030c7fb59366f5e88c5a7bd7cbac6f7","17119363","1682378291","2023-04-24 23:18:11","Bought","0xa08a472b2983b5485442b0d3a7ba7d4b2ca8ca9a","BoredApeYachtClub","4974","721","1","50.18 Blur Pool ($92,457.15)","Blur"
"0xdb3c270136ebf9dd0a88ce68046f660ffbb86b6181d4582d3077bff088df17d0","17119725","1682382659","2023-04-25 00:30:59","Bought","0x5f1ee29361206f1a129e808736f11598356c6031","BoredApeYachtClub","6721","721","1","50.07 Blur Pool ($93,454.65)","Blur"
"0xc8fd27ca158f799640529fec3bdd24255066e2d8af7ce435394473e8f8e082ca","17119789","1682383439","2023-04-25 00:43:59","Bought","0x258855d09cf445835769f21370230652c4294a92","BoredApeYachtClub","3275","721","1","200 ETH ($373,296.00)","X2Y2"
"0x7a1bf22bb7d8a5154f6228fb0bf7104ca80ff43ff3bbd8ce0965501e0e6794d9","17119790","1682383451","2023-04-25 00:44:11","Bought","0x0d1abd92905b877b0c42d955cc53ac655e3e7ba3","BoredApeYachtClub","7403","721","1","212 ETH ($395,693.76)","Blur"
"0x8807445116e1cdb0a12a6776536316c14b58779f38b0dfcd35b4bd1093e831fc","17120631","1682393615","2023-04-25 03:33:35","Bought","0x0c9a83120e744533fc78c02aca5d25784ca3825d","BoredApeYachtClub","2970","721","1","0.01 ETH ($18.66)","Seaport"
"0x269822f4e8dd43e4af9f217cec61a81ef650835c7e6d357932efed2c2df780aa","17120878","1682396591","2023-04-25 04:23:11","Bought","0x9eb3335849bafb14bf309b5a14979871d0af6d21","BoredApeYachtClub","5460","721","1","52 ETH ($97,056.96)","OpenSea"
"0xad4836178af297409841f75bf565ab03c7de84dc684e6196e30ee001523e2a05","17121724","1682406839","2023-04-25 07:13:59","Bought","0x27ded67d88c0da8c6b0fb0f7c78d87926d71119a","BoredApeYachtClub","6721","721","1","50.1 Blur Pool ($93,510.65)","Blur"
"0x6d05a3aa064b467f791aec49620400961aeee82951d99840c5b1723954a27dc7","17122676","1682418419","2023-04-25 10:26:59","Bought","0x0c9a83120e744533fc78c02aca5d25784ca3825d","BoredApeYachtClub","915","721","1","49.81 Blur Pool ($92,969.37)","Blur"
"0xe39d6d1a7547a899905c784b1d69ae8004a0d29008623906a5074a1c119e5653","17122706","1682418803","2023-04-25 10:33:23","Bought","0xcbb0fe555f61d23427740984325b4583a4a34c82","BoredApeYachtClub","9056","721","1","49.81 Blur Pool ($92,969.37)","Blur"
"0xda6a8ea9cca41740b1d54d7350f902b5f587336fa1c6b20a20ea999b339cbe46","17123295","1682425991","2023-04-25 12:33:11","Bought","0x9f65f10cec79f3e2ba7b8bb7453adf9d6ff91270","BoredApeYachtClub","1392","721","1","52.4268 ETH ($97,853.57)","Blur"
"0x8d7195dca65d78e0f58ce8caea7f3b8df85a47b532362a4f6111ba110f5c29c3","17123701","1682430887","2023-04-25 13:54:47","Bought","0x5f1ee29361206f1a129e808736f11598356c6031","BoredApeYachtClub","9056","721","1","49.85 Blur Pool ($93,044.03)","Blur"
"0x888bbaa7f672f93933250b0d0c232f493ab9a362c3e2a2de95c62346fe071869","17123702","1682430899","2023-04-25 13:54:59","Bought","0x1e9b0ce14b52a94e102ddf8a5bd9421b3502c10c","BoredApeYachtClub","2503","721","1","49.85 Blur Pool ($93,044.03)","Blur"
"0x3e3cdc3da75f30ec55fac47e5cd5f50923bb9a296aa47b7f84c936a7453981e6","17124011","1682434631","2023-04-25 14:57:11","Bought","0x77e3e957082ca648c1c5b0f3e6aec00ab1245186","BoredApeYachtClub","2503","721","1","49.72 Blur Pool ($92,801.39)","Blur"
"0x2421e58c471c51add23a1cf9f8d4f69718b8f8e9c4ec0655eef50e228cb24758","17124173","1682436575","2023-04-25 15:29:35","Bought","0x2bf8f06adc558fb713fa2ccc221c9bcc72dbf75d","BoredApeYachtClub","6603","721","1","49.73 Blur Pool ($92,820.05)","Blur"
"0xd686f3343fc8034b28235f5e44191cc019ac201d582f7ace18d24e9e6f39f733","17124260","1682437631","2023-04-25 15:47:11","Bought","0xcbb0fe555f61d23427740984325b4583a4a34c82","BoredApeYachtClub","915","721","1","49.73 Blur Pool ($92,820.05)","Blur"
"0x6967b9855dd28f9f4f636f8ce11a77914a34247dd051870e52c5b2fd1b34e263","17125150","1682448467","2023-04-25 18:47:47","Bought","0x0232d1083e970f0c78f56202b9a666b526fa379f","BoredApeYachtClub","731","721","1","49.5 Blur Pool ($92,390.76)","Blur"
"0xa7b7e4f3c070b2c183421c6fedc025067ed71a4227508d2c18ca79be4d61b82e","17125581","1682453687","2023-04-25 20:14:47","Bought","0xa4fb0e1f6ad0a87a3ec2427ca3a944c42d19d1ca","BoredApeYachtClub","1786","721","1","50.25 ETH ($93,790.62)","X2Y2"
"0xe7d60eeedae037fae426dd60161a63e574a0a29747314e1ecf614a2fd7164c2a","17125912","1682457695","2023-04-25 21:21:35","Bought","0x800b0f324e4a7fbbdf99d1a793e2582bf3844976","BoredApeYachtClub","1650","721","1","59.69 ETH ($111,410.19)","OpenSea"
"0x49521b787e3c9d6fd4745199265f38bae7f4575cfc4d131aee42de4b268fa0f5","17126494","1682464739","2023-04-25 23:18:59","Bought","0xb7c933cbdacb223a62d1b4e904462bc597e04f83","BoredApeYachtClub","1447","721","1","100 ETH ($186,648.00)","X2Y2"
"0x9d8ff622069a53cc094c7802c5e0a18246171b7ab1c146824443835c0622dae1","17126608","1682466131","2023-04-25 23:42:11","Bought","0xfc7355bf612fb59043b0ac3d728942f41a3e3905","BoredApeYachtClub","6721","721","1","53.5 ETH ($99,856.68)","Blur"
"0x24bb6ba1aec0b2188851212790f8209c3d3fab224f8fae4a0f3f9de900bddcb5","17127292","1682474399","2023-04-26 01:59:59","Bought","0x385ce35599ae5e6f0eaf0f69841fffa9f41acdd5","BoredApeYachtClub","9056","721","1","49.5 Blur Pool ($92,406.60)","Blur"
"0x6b8c0f361a2d3e42eb58128a749aa510cdb9419ffd524497f726914ed95e6c16","17127408","1682475815","2023-04-26 02:23:35","Bought","0x9f65f10cec79f3e2ba7b8bb7453adf9d6ff91270","BoredApeYachtClub","6104","721","1","70 ETH ($130,676.00)","OpenSea"
"0xa39db74d91790f1dcbf9a410fb0953929efc5c99dc43e865770309e5e5541e7b","17127431","1682476091","2023-04-26 02:28:11","Bought","0x9f65f10cec79f3e2ba7b8bb7453adf9d6ff91270","BoredApeYachtClub","3481","721","1","53.21 ETH ($99,332.43)","Blur"
"0x0366ddcd353c897dc08cc94568ead7d16324e5be1a5043d38f4c8ac7901ce5b4","17127492","1682476823","2023-04-26 02:40:23","Bought","0xb3d9fc7ed24284af0c00066aa3c62652e19fc586","BoredApeYachtClub","251","721","1","69 ETH ($128,809.20)","Blur"
"0x57278d01557cddc56fbb59b36df6f38ab374be9408fd5fafcd25644dc478269a","17127520","1682477159","2023-04-26 02:45:59","Bought","0xb7c933cbdacb223a62d1b4e904462bc597e04f83","BoredApeYachtClub","910","721","1","50 ETH ($93,340.00)","Blur"
"0x77107e56b886633cc7bcab1e3815676f4691bc1e515586aac54ad996563771e8","17127642","1682478635","2023-04-26 03:10:35","Bought","0xf9985f0c1ae879cb4c02bf29283a42c7b3c473ff","BoredApeYachtClub","2503","721","1","50.58 ETH ($94,422.74)","Blur"
"0x21b6ba31a56389629efdafcd98ef774b9dff08dd0297fabde97259bf4f796af5","17127811","1682480687","2023-04-26 03:44:47","Bought","0xdb9a26cd9e6c2a2acd8896670e6a71d505209415","BoredApeYachtClub","2118","721","1","58.69 ETH ($109,562.49)","X2Y2"
"0xb03de148500141455b829344e9b57fc9e36024005a532adbb7bc5f5015ab6b38","17127908","1682481899","2023-04-26 04:04:59","Bought","0xb7c933cbdacb223a62d1b4e904462bc597e04f83","BoredApeYachtClub","910","721","1","49.38 Blur Pool ($92,182.58)","Blur"
"0xd4e1fb551bc341c53bca6d33a52afa8bdf0853b647cf4d18dbc8d45f41c9c4ed","17127930","1682482163","2023-04-26 04:09:23","Bought","0x470e99a20f2dd39190a1df2ee2cd7726fa489d17","BoredApeYachtClub","915","721","1","51.85 ETH ($96,793.58)","Blur"
"0xdea02567af4f7cc048416661a6952176150fa67b04e4f2761c915435699dbb07","17129210","1682497619","2023-04-26 08:26:59","Bought","0xd1ee78986af2b97d8701cfbce4279f8488d199d8","BoredApeYachtClub","2256","721","1","53.95 ETH ($100,713.86)","Blur"
"0x7232e271b22f53ff0ba1ec9c271f5a2368c564a22f60cc0e077e5b9824c9c7f6","17129339","1682499191","2023-04-26 08:53:11","Bought","0x6d0267156f1c6ce44caa4bf129b76009d3d41830","BoredApeYachtClub","5853","721","1","39.5 ETH ($73,738.60)","Seaport"
"0xcd91cbd1f423222a1a4ca462afafe14c2bef7c75074e8e0c178fa67d9c01aae4","17129736","1682504027","2023-04-26 10:13:47","Bought","0x9f65f10cec79f3e2ba7b8bb7453adf9d6ff91270","BoredApeYachtClub","490","721","1","66 ETH ($123,208.80)","X2Y2"
"0x04547a53b58b95737bb333817c709af781e0ac1f8bf30bb996e3ba5bf4219191","17129923","1682506331","2023-04-26 10:52:11","Bought","0x38e07c9de383bc4ae1cb9444ceb292ad0e0494fe","BoredApeYachtClub","2900","721","1","0.01 ETH ($18.67)","Seaport"
"0x04547a53b58b95737bb333817c709af781e0ac1f8bf30bb996e3ba5bf4219191","17129923","1682506331","2023-04-26 10:52:11","Bought","0x65249532663d15a76007688a8bfa1b109973ad41","BoredApeYachtClub","3676","721","1","0.01 ETH ($18.67)","Seaport"
"0xcbeb5228fb6a0bd22d05a9696e7c20efbaf6eda3e2e245407b14f5717bf47136","17129980","1682507039","2023-04-26 11:03:59","Bought","0x315bd033c04cee59e4536067e2c2be9c36256908","BoredApeYachtClub","7961","721","1","53.5 ETH ($99,873.80)","X2Y2"
"0x986100210e5a66f8db2781463488e22bc30c6cbcf7148bd543f52f92508d7912","17131018","1682519543","2023-04-26 14:32:23","Bought","0xa3a9953c081acd76e6a04c2f7a5ed9708a10e9ab","BoredApeYachtClub","2207","721","1","49.27 Blur Pool ($91,977.24)","Blur"
"0xc713b72867648c65618f4fd00e1c3997e15ca25c98009073d6df831ced0b1ad8","17131710","1682527943","2023-04-26 16:52:23","Bought","0x242559cceece552cc790bd3f2f9d890921ed6125","BoredApeYachtClub","4854","721","1","52 ETH ($97,073.60)","OpenSea"
"0x74b687d83c233203bf7c619c4fdadd1ddf1984ba636bf9119e4f35f7e0df41bd","17131829","1682529371","2023-04-26 17:16:11","Bought","0x85bc76aaf14ac2112bf87bf8f28a73c526b86ba2","BoredApeYachtClub","2207","721","1","52 ETH ($97,073.60)","X2Y2"
"0xc9038160012beaf5f8f0b8e622804b9f7795101d723c51f4e90b5bc33e35aff6","17131949","1682530823","2023-04-26 17:40:23","Bought","0x1919db36ca2fa2e15f9000fd9cdc2edcf863e685","BoredApeYachtClub","9056","721","1","49.99 Blur Pool ($93,321.33)","Blur"
"0x760f1072d284e60da436ef97583d0672a158b25faa846b91eabce6467f632306","17132009","1682531555","2023-04-26 17:52:35","Bought","0x2c2ed4b3876c442fee80bee76ce0ee2ca2a512af","BoredApeYachtClub","9056","721","1","50.1 ETH ($93,526.68)","Blur"
"0x859c1857a87d9d77c42239e76532902c28bbf277213178b2074b624c21ffe630","17132190","1682533823","2023-04-26 18:30:23","Bought","0xf3a0df2531a2b651ef83bfd22ffd623bcd5e5ada","BoredApeYachtClub","6832","721","1","34.7 ETH ($64,777.96)","Seaport"
"0xcfc3bb01def5a7528deb2ce275c66ccf80ed623f4a9732d1416a212c41d7ffaa","17132245","1682534483","2023-04-26 18:41:23","Bought","0x0a371369398d8047a2f7e3a0af1a7c1eefa3eb7e","BoredApeYachtClub","4974","721","1","50.389999 ETH ($94,068.05)","Blur"
"0x09caec1693c0e18fd150f623fcd51585f498b6053aa76cca4fcc93c0091ac56f","17133016","1682543867","2023-04-26 21:17:47","Bought","0x7eb413211a9de1cd2fe8b8bb6055636c43f7d206","BoredApeYachtClub","231","721","1","49.93 Blur Pool ($93,209.32)","Blur"
"0x09caec1693c0e18fd150f623fcd51585f498b6053aa76cca4fcc93c0091ac56f","17133016","1682543867","2023-04-26 21:17:47","Bought","0x7eb413211a9de1cd2fe8b8bb6055636c43f7d206","BoredApeYachtClub","7692","721","1","49.93 Blur Pool ($93,209.32)","Blur"
"0xbee9d495afb8dac5efeb47caea46ca2949bdb24ac58c30ca362b1814e4a6ecc2","17133024","1682543963","2023-04-26 21:19:23","Bought","0x7eb413211a9de1cd2fe8b8bb6055636c43f7d206","BoredApeYachtClub","1447","721","1","100 ETH ($186,680.00)","X2Y2"
"0x40b1294dc7616f88031b98d6b4650be731587a330c888dab820752f69b8861f7","17133151","1682545487","2023-04-26 21:44:47","Bought","0x7eb413211a9de1cd2fe8b8bb6055636c43f7d206","BoredApeYachtClub","3820","721","1","49.92 Blur Pool ($93,190.66)","Blur"
"0x40b1294dc7616f88031b98d6b4650be731587a330c888dab820752f69b8861f7","17133151","1682545487","2023-04-26 21:44:47","Bought","0x7eb413211a9de1cd2fe8b8bb6055636c43f7d206","BoredApeYachtClub","4977","721","1","49.91 Blur Pool ($93,171.99)","Blur"
"0x9be1de75b28a85c1ec4366c9bdfd048146a5ffa13f2fe6caba2f4bc87ad1687f","17133169","1682545703","2023-04-26 21:48:23","Bought","0xb06114b9997a4a16a078c4107d8eba74a869be4e","BoredApeYachtClub","5902","721","1","49.91 Blur Pool ($93,171.99)","Blur"
"0xe6359fc584ce12805cbc8b24bfd23203000dd5aeffc5666a6804c318caf0609e","17133177","1682545799","2023-04-26 21:49:59","Bought","0x1919db36ca2fa2e15f9000fd9cdc2edcf863e685","BoredApeYachtClub","6603","721","1","49.91 Blur Pool ($93,171.99)","Blur"
"0xe6359fc584ce12805cbc8b24bfd23203000dd5aeffc5666a6804c318caf0609e","17133177","1682545799","2023-04-26 21:49:59","Bought","0x1919db36ca2fa2e15f9000fd9cdc2edcf863e685","BoredApeYachtClub","910","721","1","49.91 Blur Pool ($93,171.99)","Blur"
"0x73d90cde3afee1e755da07865cadc1b8dbfe81af8e7dff94b34e795957e60ed4","17133180","1682545835","2023-04-26 21:50:35","Bought","0xa7e25bdcf6a798597de7c86e2874c7079a738452","BoredApeYachtClub","6134","721","1","49.91 Blur Pool ($93,171.99)","Blur"
"0x756f15c0365c737a91f9d3564e3799d1cf6807e41d30c051afd8220dac0530f5","17133183","1682545871","2023-04-26 21:51:11","Bought","0x0232d1083e970f0c78f56202b9a666b526fa379f","BoredApeYachtClub","6026","721","1","49.91 Blur Pool ($93,171.99)","Blur"
"0x756f15c0365c737a91f9d3564e3799d1cf6807e41d30c051afd8220dac0530f5","17133183","1682545871","2023-04-26 21:51:11","Bought","0x0232d1083e970f0c78f56202b9a666b526fa379f","BoredApeYachtClub","1211","721","1","49.91 Blur Pool ($93,171.99)","Blur"
"0x756f15c0365c737a91f9d3564e3799d1cf6807e41d30c051afd8220dac0530f5","17133183","1682545871","2023-04-26 21:51:11","Bought","0x0232d1083e970f0c78f56202b9a666b526fa379f","BoredApeYachtClub","8378","721","1","49.91 Blur Pool ($93,171.99)","Blur"
"0x756f15c0365c737a91f9d3564e3799d1cf6807e41d30c051afd8220dac0530f5","17133183","1682545871","2023-04-26 21:51:11","Bought","0x0232d1083e970f0c78f56202b9a666b526fa379f","BoredApeYachtClub","2519","721","1","49.9 Blur Pool ($93,153.32)","Blur"
"0xefed56edb1d22d7409441929630c8f3039250735f3b73ce703d266fe4253aa5e","17133818","1682553587","2023-04-26 23:59:47","Bought","0xf035af8a3dff1f90aeb21f9623589ae1330e9e09","BoredApeYachtClub","8378","721","1","49.4 Blur Pool ($92,219.92)","Blur"
"0x42f85742abdd580a54bb5e0719d78a4d516d2f6904d0bf21aebc0ed5a7218ef8","17133988","1682555663","2023-04-27 00:34:23","Bought","0x5e1416e0ec35b47a6b7687c5e783e9b98a83dd45","BoredApeYachtClub","1211","721","1","49.4 Blur Pool ($94,324.85)","Blur"
"0x330c3a67dd7bb98f47fcd85981a70ef267ca4c1ec4e46f4459a06df263df1aa0","17135589","1682575091","2023-04-27 05:58:11","Bought","0xb7ef760f30d139097ba547bd6f0dfaecbf148452","BoredApeYachtClub","7075","721","1","55.55 ETH ($106,067.73)","Blur"
"0xbcd0dbaeb469c3ff7f28e78658b0a0985276a72b6452880b2252ebdce0aa1cd2","17135885","1682578679","2023-04-27 06:57:59","Bought","0xf9b5982ada45b707b4b35afcd59e559f57ee5a86","BoredApeYachtClub","8690","721","1","19 ETH ($36,278.79)","Seaport"
"0xbcd0dbaeb469c3ff7f28e78658b0a0985276a72b6452880b2252ebdce0aa1cd2","17135885","1682578679","2023-04-27 06:57:59","Bought","0x441c5d77fb66c185235844a1036e02b8c425d7e3","BoredApeYachtClub","5874","721","1","19 ETH ($36,278.79)","Seaport"
"0xe4cedb5bfa1aa9bcb8c5235abc1d90a3edf0780cfa541699d48eda66f1d4d171","17138637","1682612111","2023-04-27 16:15:11","Bought","0x9f65f10cec79f3e2ba7b8bb7453adf9d6ff91270","BoredApeYachtClub","6918","721","1","105 ETH ($200,488.05)","X2Y2"
"0x20ed16bd0b662b3492113bd9361cd20a9be0de278ac05dd36f735a811743d6c6","17139283","1682619947","2023-04-27 18:25:47","Bought","0x9f1d56db473bdfaae52ea55c484bf1b7f5f0eee8","BoredApeYachtClub","8372","721","1","49.44 Blur Pool ($94,401.23)","Blur"
"0x20f073caa955aafbd3a1b5fa57e8bcb7e7c06cdea6ea27a4f21e33ff43d682c4","17139323","1682620427","2023-04-27 18:33:47","Bought","0xd9dae1402a885aaa97f10decc9a9df212bdca26f","BoredApeYachtClub","731","721","1","49.4 Blur Pool ($94,324.85)","Blur"
"0x7b08a8fc9398fd36ebe29224aeed89c03607018950b65c52614525238979708c","17139332","1682620535","2023-04-27 18:35:35","Bought","0xd9dae1402a885aaa97f10decc9a9df212bdca26f","BoredApeYachtClub","8378","721","1","49.5 Blur Pool ($94,515.80)","Blur"
"0xf88e0ae7f5844a795fe2a422a128d531aabcce924f64ceeb70fa13ae82986a8c","17139605","1682623883","2023-04-27 19:31:23","Bought","0xa72b0c29ddbd1a51344b8b5b87e64bba561edc2c","BoredApeYachtClub","8372","721","1","49.23 Blur Pool ($94,000.25)","Blur"
"0xf559fa54340f1f5df65e1f8aa71fa7e63a555b80117dda2698fb3d3a9ccf6169","17139767","1682625851","2023-04-27 20:04:11","Bought","0x07557f6138ed55485d82d64eea175043e4f2bbb4","BoredApeYachtClub","5403","721","1","1.5 ETH ($2,864.12)","Seaport"
"0xf559fa54340f1f5df65e1f8aa71fa7e63a555b80117dda2698fb3d3a9ccf6169","17139767","1682625851","2023-04-27 20:04:11","Bought","0x1e30f1bf8559090ab5a6b219efd98f8c275b2715","BoredApeYachtClub","6973","721","1","1.5 ETH ($2,864.12)","Seaport"
"0x288ef87090e1a18290f8ea2bd5162c5ca4d1a8d9df76666793e43aea78ca8bc5","17139949","1682628059","2023-04-27 20:40:59","Bought","0x9f65f10cec79f3e2ba7b8bb7453adf9d6ff91270","BoredApeYachtClub","4854","721","1","60 ETH ($114,564.60)","X2Y2"
"0xa5bd25ef26a9ac91c3a34e2982c85e25d22898a2463b0ae487c05e22b173a93b","17140046","1682629235","2023-04-27 21:00:35","Bought","0x8808528b90944d93fd2b5c79fac546259eaf7d1b","BoredApeYachtClub","243","721","1","53 ETH ($101,198.73)","OpenSea"
"0xf1a04d81b8037218256b70ab5a6fb67c71e3c7c39ea3aa3f510a00a7b351cdbd","17140467","1682634383","2023-04-27 22:26:23","Bought","0x242559cceece552cc790bd3f2f9d890921ed6125","BoredApeYachtClub","4836","721","1","43 ETH ($82,104.63)","Seaport"
"0xb4f7fc5dc04a8101f3dbd73232002646acd7618ccb39ca4a3d651261c35aeb12","17142102","1682654255","2023-04-28 03:57:35","Bought","0x753e1a679b9c1c21f58401bc382519686b517ab0","BoredApeYachtClub","4042","721","1","67 ETH ($126,814.25)","Blur"
"0xa12c312a933a80b0bf3cc0f5a27890ab85b222bbe589f7af9f90a57824ad2e11","17142184","1682655251","2023-04-28 04:14:11","Bought","0x17ef2b6ff281dbb79847c9cbb2ce62572abb24c8","BoredApeYachtClub","3680","721","1","60.00004999999999 WETH ($113,565.09)","OpenSea"
"0x6d0152ed884a1eea5db11eb7e464de7573dec2a4cef8d233084bcce310b40069","17142736","1682661971","2023-04-28 06:06:11","Bought","0x441c5d77fb66c185235844a1036e02b8c425d7e3","BoredApeYachtClub","5017","721","1","17 ETH ($32,176.75)","Seaport"
"0x6d0152ed884a1eea5db11eb7e464de7573dec2a4cef8d233084bcce310b40069","17142736","1682661971","2023-04-28 06:06:11","Bought","0x2c2ed4b3876c442fee80bee76ce0ee2ca2a512af","BoredApeYachtClub","2788","721","1","17 ETH ($32,176.75)","Seaport"
"0x6d0152ed884a1eea5db11eb7e464de7573dec2a4cef8d233084bcce310b40069","17142736","1682661971","2023-04-28 06:06:11","Bought","0x2c2ed4b3876c442fee80bee76ce0ee2ca2a512af","BoredApeYachtClub","5874","721","1","17 ETH ($32,176.75)","Seaport"
"0x22ba68f50bf553a78b92d13f3e0a353ba1091c9a9f166af461d581e32a19dddd","17143068","1682665979","2023-04-28 07:12:59","Bought","0xa64b8ce3141047e0d197abcc3ad7828b0077e3b2","BoredApeYachtClub","8168","721","1","3.75 ETH ($7,097.81)","Seaport"
"0x22ba68f50bf553a78b92d13f3e0a353ba1091c9a9f166af461d581e32a19dddd","17143068","1682665979","2023-04-28 07:12:59","Bought","0xc64ed17a8b6990966611200ad57d7c75ac8040d2","BoredApeYachtClub","7762","721","1","3.75 ETH ($7,097.81)","Seaport"
"0x99967291895f65f09e765f44bfb8d06bc1aaa09136ef99b9c1aa4e003ba52efb","17143091","1682666255","2023-04-28 07:17:35","Bought","0x65249532663d15a76007688a8bfa1b109973ad41","BoredApeYachtClub","1786","721","1","0.5 ETH ($946.38)","Seaport"
"0x99967291895f65f09e765f44bfb8d06bc1aaa09136ef99b9c1aa4e003ba52efb","17143091","1682666255","2023-04-28 07:17:35","Bought","0x1e30f1bf8559090ab5a6b219efd98f8c275b2715","BoredApeYachtClub","3676","721","1","0.5 ETH ($946.38)","Seaport"
"0xac6925896587746f7e71f155a5b71f5dda44b760d4b363f65ce67565b52b9789","17143117","1682666591","2023-04-28 07:23:11","Bought","0x1e30f1bf8559090ab5a6b219efd98f8c275b2715","BoredApeYachtClub","6973","721","1","49.33 Blur Pool ($93,369.36)","Blur"
"0xb42b67e8dbf3f4879318ff6edf4433886bcb028c12cfe506731955b3e24dc623","17143895","1682676059","2023-04-28 10:00:59","Bought","0x1e30f1bf8559090ab5a6b219efd98f8c275b2715","BoredApeYachtClub","3676","721","1","48.88 Blur Pool ($92,517.62)","Blur"
"0x526a7563e0b96f66eecc8027e7ba9245d61f203984d7f53a244bfb6114a93078","17144497","1682683367","2023-04-28 12:02:47","Bought","0x5f1ee29361206f1a129e808736f11598356c6031","BoredApeYachtClub","3676","721","1","48.88 Blur Pool ($92,517.62)","Blur"
"0x7f7f9993d5c4cc6bca469efbefc6f6fc7ffaade1219e9fe6d4509d03d44d2a3b","17145482","1682695307","2023-04-28 15:21:47","Bought","0x276cd56089e7576fb80d39a763aa0d213b98e948","BoredApeYachtClub","4284","721","1","48.86 Blur Pool ($92,479.77)","Blur"
"0x0d2699747197c2e186aafda56bc0a177ebca06c12112ab181619e3d89198c37a","17145921","1682700611","2023-04-28 16:50:11","Bought","0x04ffb838944173629b5ecee49f1043a29fbf1d8c","BoredApeYachtClub","368","721","1","51.5 WETH ($97,476.63)","OpenSea"
"0x43140cc2975a46d293d91a7682d2b7e0bafbf3f4d42ed31d2fd629a40e9e66b9","17146807","1682711327","2023-04-28 19:48:47","Bought","0x9f65f10cec79f3e2ba7b8bb7453adf9d6ff91270","BoredApeYachtClub","3867","721","1","55 ETH ($104,101.25)","X2Y2"
"0x6a439caafb394990c1515c26c43935d1e5a399c38374ea121173ec0578e2eba0","17147583","1682720735","2023-04-28 22:25:35","Bought","0x1edcccddb214cd3c20613708d9c9ead9cd2476db","BoredApeYachtClub","3676","721","1","50.95 ETH ($96,435.61)","OpenSea"
"0x752e90d96b5daf5657ee1a9d862b464ac70f6968cbc3b16266a7566ad2d2996d","17149489","1682743835","2023-04-29 04:50:35","Bought","0x0c9a83120e744533fc78c02aca5d25784ca3825d","BoredApeYachtClub","2970","721","1","48.3 Blur Pool ($92,215.33)","Blur"
"0x62fc9f158ef05eadce14d1e257987d961f15d05978974412e842aeacfff05610","17149804","1682747639","2023-04-29 05:53:59","Bought","0x0a5315d8521355e50119b679ab95dd7a4da21d59","BoredApeYachtClub","3864","721","1","58 ETH ($110,734.76)","X2Y2"
"0x42987a5e4d1776d75db7a20603d75b117e184821c8cddc18889dcfb28df41d89","17150822","1682759963","2023-04-29 09:19:23","Bought","0x76ac547afd8ec285ab60e84618e84ddbce04252c","BoredApeYachtClub","9523","721","1","48.3 Blur Pool ($92,215.33)","Blur"
"0xe485c3d818a80e94fccca550f2ee010df4aa51de61b38f09bf4fae420a5366ea","17150870","1682760539","2023-04-29 09:28:59","Bought","0xcbb0fe555f61d23427740984325b4583a4a34c82","BoredApeYachtClub","910","721","1","48.3 Blur Pool ($92,215.33)","Blur"
"0x59f256685ff855eec33b09ee1aec54c85c8e6d55e097697a1c4227fde213b003","17150880","1682760659","2023-04-29 09:30:59","Bought","0x76ac547afd8ec285ab60e84618e84ddbce04252c","BoredApeYachtClub","1161","721","1","48.3 Blur Pool ($92,215.33)","Blur"
"0x33d4a37665e187c7e775b78fa8f2c6886497cbd391256a938b5b6cf08d774e77","17151642","1682769911","2023-04-29 12:05:11","Bought","0x50d36f27872f637ec9ecb4eedff300df44a608ab","BoredApeYachtClub","1161","721","1","48.09 Blur Pool ($91,814.39)","Blur"
"0xbc26f1239fa8965d6535f3729fa1d727308eeefb024c54867e70499840161bd1","17151828","1682772167","2023-04-29 12:42:47","Bought","0x4d41baacfd4e2632f8f562193e94c0960e7da549","BoredApeYachtClub","6672","721","1","52 WETH ($99,279.44)","OpenSea"
"0xcfbf30ec91e7235a759cf0f66518941787565c1732ba30371285f0d7cabb823b","17153854","1682796947","2023-04-29 19:35:47","Bought","0xd13f5832acde8a3097b08e6719a16952e5a657b6","BoredApeYachtClub","322","721","1","49.25 ETH ($94,029.09)","OpenSea"
"0x287c9d836469925b91a716b24fcda2d171c936542066b971f121c57fb58f5907","17154146","1682800523","2023-04-29 20:35:23","Bought","0x696a9ac051635171acd8af06ddaa0809e4985a18","BoredApeYachtClub","5740","721","1","51.55 ETH ($98,420.29)","OpenSea"
"0x721a17190fcc3a9059354c57ae1720d8c251cf99d7f20891235249dccbd57cc5","17154452","1682804195","2023-04-29 21:36:35","Bought","0x6a2e2892c5d9eb010fc17b3653e3f2d9dffa67f6","BoredApeYachtClub","2349","721","1","51.5 ETH ($98,324.83)","Blur"
"0x5aef93a56d2246241f760648c33fc59582d44455cff10f2c87285cce5cdcb1d0","17154952","1682810255","2023-04-29 23:17:35","Bought","0xd83afaf7271a4adf06ea36b2e887bef2aef95f74","BoredApeYachtClub","1161","721","1","48.11 Blur Pool ($91,852.57)","Blur"
"0x96ec964380b49dc988df80fe9ac85819a618a94decc6eae4a6ecbc72325be2b2","17155383","1682815499","2023-04-30 00:44:59","Bought","0x45133db3eadd8718f5c3a868ec2f7148e460dcfd","BoredApeYachtClub","5449","721","1","3 ETH ($5,610.39)","Seaport"
"0x1543ef8e0b8388b0dcd5d9c13011cb8a701c2edd1a0b28e66e53ff1c04d7567c","17155461","1682816447","2023-04-30 01:00:47","Bought","0x4268be2886a1c9a4aaac101a95a6cdb86f48463d","BoredApeYachtClub","1161","721","1","48.25 ETH ($90,233.77)","X2Y2"
"0x4249f2c6aa58ddd5583a05270ad42c716cc902add59d3ba7694b96130e49ec0a","17155480","1682816675","2023-04-30 01:04:35","Bought","0xe4bb5b561d23313c89f53d80f049545f1afd2caf","BoredApeYachtClub","7723","721","1","48.07 Blur Pool ($89,897.15)","Blur"
"0x7c01921b5db935b14fce67e991bde9cedfe43fb00d3a46cd9850ed715056b8c4","17156580","1682830055","2023-04-30 04:47:35","Bought","0xcbb0fe555f61d23427740984325b4583a4a34c82","BoredApeYachtClub","2519","721","1","47.95 Blur Pool ($89,672.73)","Blur"
"0x7c01921b5db935b14fce67e991bde9cedfe43fb00d3a46cd9850ed715056b8c4","17156580","1682830055","2023-04-30 04:47:35","Bought","0xcbb0fe555f61d23427740984325b4583a4a34c82","BoredApeYachtClub","6134","721","1","47.95 Blur Pool ($89,672.73)","Blur"
"0x7c01921b5db935b14fce67e991bde9cedfe43fb00d3a46cd9850ed715056b8c4","17156580","1682830055","2023-04-30 04:47:35","Bought","0xcbb0fe555f61d23427740984325b4583a4a34c82","BoredApeYachtClub","9523","721","1","47.95 Blur Pool ($89,672.73)","Blur"
"0xd099dff255360e1e615891e696b1718b95a8b96c35d502630c596b9033f4550b","17156610","1682830427","2023-04-30 04:53:47","Bought","0xbad8ca6dd1350d3268662d6bda5755fed5d27a53","BoredApeYachtClub","3973","721","1","47.9 Blur Pool ($89,579.23)","Blur"
"0xe67cd2a22615fa6ee2b446dcca3eac03d9a761ecef55eb119c3cf5ae630f5a17","17156719","1682831735","2023-04-30 05:15:35","Bought","0x90ee4f34956585f67e2ed423e32936661116b2ba","BoredApeYachtClub","731","721","1","47.9 Blur Pool ($89,579.23)","Blur"
"0x51ebffd8acdd1fc8442ddaf2ad479e86f64624b687bf27eeace9a6117f07888e","17157018","1682835359","2023-04-30 06:15:59","Bought","0xcb415344cd0fc552ce7b48ee9375991ff5865895","BoredApeYachtClub","9886","721","1","46.7141 WETH ($87,361.44)","Seaport"
"0x7e98415cfc17937a67d8fc5f978bb9527cea8cab545bf08c1c5ede71b3b83940","17157082","1682836127","2023-04-30 06:28:47","Bought","0x0c80a1162a061d1c63743fef56204c3fca45074f","BoredApeYachtClub","377","721","1","47.58 Blur Pool ($88,980.79)","Blur"
"0x5cd72ac7b8660ed42063d596f2ebcb237ee3089676826693cbb8b776cffddc5f","17157110","1682836463","2023-04-30 06:34:23","Bought","0x385ce35599ae5e6f0eaf0f69841fffa9f41acdd5","BoredApeYachtClub","6134","721","1","47.58 Blur Pool ($88,980.79)","Blur"
"0x18b5ef06ce9cc7f1bf3b36978f9f032b4dd03294fe3d3cb6f1af3035c366daa5","17157113","1682836499","2023-04-30 06:34:59","Bought","0xfa0e027fcb7ce300879f3729432cd505826eaabc","BoredApeYachtClub","9523","721","1","47.56 Blur Pool ($88,943.38)","Blur"
"0xda820d8fabf9c817ddc467526a9425b05ba02665a1685e107c80dc1e8af4e17e","17157220","1682837795","2023-04-30 06:56:35","Bought","0x2756990749a9bcd41a8d2c5bf771d29501b4da48","BoredApeYachtClub","9886","721","1","47.5 ETH ($88,831.18)","X2Y2"
"0x4ecd2ddd10edd0e69a5a5d7e8b6540be615f024ace3a54fa3064f7e23f340b92","17157596","1682842331","2023-04-30 08:12:11","Bought","0xb152c5ae9dafe05948bcd7f0f115722806163f47","BoredApeYachtClub","2519","721","1","51.99 ETH ($97,228.06)","Blur"
"0xf2105b49adf8b9e1c77fac6715cc6e84ecfb461840a0af5b56bbbf409ec332d5","17159170","1682861459","2023-04-30 13:30:59","Bought","0x0323f50e3e1daf8976f6a3a97340660daf997fc8","BoredApeYachtClub","279","721","1","48 ETH ($89,766.24)","X2Y2"
"0xf7ca50ab035a559815711e053c980c1ec93c9c4c8e3b8108d1d6150202be7d4f","17159368","1682863835","2023-04-30 14:10:35","Bought","0x13422774d8416a316390f5aa2e713c5742592aaf","BoredApeYachtClub","6134","721","1","47.58 Blur Pool ($88,980.79)","Blur"
"0x317e409bbf4ab45fea5bd0f1fbbff0f61055ec31f08e24c2bc1c4542494193c0","17159547","1682865983","2023-04-30 14:46:23","Bought","0x65beb32a3a76744e981b3b2e44070dc91a945286","BoredApeYachtClub","1729","721","1","47.54 Blur Pool ($88,905.98)","Blur"
"0x24898a9654d88a4a68acfc1d63deff6276c0618fc66240b637c6ef901ec7343e","17159651","1682867231","2023-04-30 15:07:11","Bought","0x21c9d16e9e9c36bd67bf7f7a786c8130f7f03238","BoredApeYachtClub","9446","721","1","2.5 ETH ($4,675.33)","Seaport"
"0x24898a9654d88a4a68acfc1d63deff6276c0618fc66240b637c6ef901ec7343e","17159651","1682867231","2023-04-30 15:07:11","Bought","0x5e525f13ebec9a839e7a5d69a901c726110ef179","BoredApeYachtClub","6988","721","1","2.5 ETH ($4,675.33)","Seaport"
"0x156da0ca165be0fa0e7acc1a62d2310493b5a5e33f0211c0b6ed6c07e92f5579","17160072","1682872307","2023-04-30 16:31:47","Bought","0x1b57d440351f566ab96d90d606dd2b4f96dbe864","BoredApeYachtClub","5991","721","1","47.25 WETH ($88,363.64)","Seaport"
"0x9ecca42afaa28788026fbd71d162a1b7e139d92cf540d3ad172d30ca0a430b1f","17160180","1682873615","2023-04-30 16:53:35","Bought","0x1919db36ca2fa2e15f9000fd9cdc2edcf863e685","BoredApeYachtClub","8378","721","1","47.53 Blur Pool ($88,887.28)","Blur"
"0x9ecca42afaa28788026fbd71d162a1b7e139d92cf540d3ad172d30ca0a430b1f","17160180","1682873615","2023-04-30 16:53:35","Bought","0x1919db36ca2fa2e15f9000fd9cdc2edcf863e685","BoredApeYachtClub","8372","721","1","47.49 Blur Pool ($88,812.47)","Blur"
"0x9ecca42afaa28788026fbd71d162a1b7e139d92cf540d3ad172d30ca0a430b1f","17160180","1682873615","2023-04-30 16:53:35","Bought","0x1919db36ca2fa2e15f9000fd9cdc2edcf863e685","BoredApeYachtClub","7692","721","1","47.49 Blur Pool ($88,812.47)","Blur"
"0x9ecca42afaa28788026fbd71d162a1b7e139d92cf540d3ad172d30ca0a430b1f","17160180","1682873615","2023-04-30 16:53:35","Bought","0x1919db36ca2fa2e15f9000fd9cdc2edcf863e685","BoredApeYachtClub","6134","721","1","47.49 Blur Pool ($88,812.47)","Blur"
"0x9ecca42afaa28788026fbd71d162a1b7e139d92cf540d3ad172d30ca0a430b1f","17160180","1682873615","2023-04-30 16:53:35","Bought","0x1919db36ca2fa2e15f9000fd9cdc2edcf863e685","BoredApeYachtClub","5902","721","1","47.49 Blur Pool ($88,812.47)","Blur"
"0x9ecca42afaa28788026fbd71d162a1b7e139d92cf540d3ad172d30ca0a430b1f","17160180","1682873615","2023-04-30 16:53:35","Bought","0x1919db36ca2fa2e15f9000fd9cdc2edcf863e685","BoredApeYachtClub","2970","721","1","47.49 Blur Pool ($88,812.47)","Blur"
"0x9ecca42afaa28788026fbd71d162a1b7e139d92cf540d3ad172d30ca0a430b1f","17160180","1682873615","2023-04-30 16:53:35","Bought","0x1919db36ca2fa2e15f9000fd9cdc2edcf863e685","BoredApeYachtClub","1211","721","1","47.49 Blur Pool ($88,812.47)","Blur"
"0x9ecca42afaa28788026fbd71d162a1b7e139d92cf540d3ad172d30ca0a430b1f","17160180","1682873615","2023-04-30 16:53:35","Bought","0x1919db36ca2fa2e15f9000fd9cdc2edcf863e685","BoredApeYachtClub","910","721","1","47.49 Blur Pool ($88,812.47)","Blur"
"0xf77315ebea951b552c49011a8a64b0328bc68ea8ccf32fa96618c9f8c2cc10f6","17160199","1682873843","2023-04-30 16:57:23","Bought","0x1e9b0ce14b52a94e102ddf8a5bd9421b3502c10c","BoredApeYachtClub","7041","721","1","47.47 Blur Pool ($88,775.07)","Blur"
"0xe8627930e59af639c24c6d3802eeab69548f26162b9495bb521d534c3a32ace8","17160293","1682874983","2023-04-30 17:16:23","Bought","0x50d36f27872f637ec9ecb4eedff300df44a608ab","BoredApeYachtClub","377","721","1","47.43 Blur Pool ($88,700.27)","Blur"
"0x96628410d21230184cf5c490e679bd2e78cc0ab09e4a5575ebd7b28aecf983ad","17160481","1682877275","2023-04-30 17:54:35","Bought","0x385ce35599ae5e6f0eaf0f69841fffa9f41acdd5","BoredApeYachtClub","6134","721","1","46.6 Blur Pool ($87,148.06)","Blur"
"0x04f60078da24224a860a73aa0778b4327cf18fd5b39304d6d309b524aa7f6d69","17160482","1682877287","2023-04-30 17:54:47","Bought","0x5f1ee29361206f1a129e808736f11598356c6031","BoredApeYachtClub","2970","721","1","46.6 Blur Pool ($87,148.06)","Blur"
"0xfdc745924dd8da8dfd8e70df6befe14ad429b05ad27ff96742902fbd3a2937b5","17160495","1682877455","2023-04-30 17:57:35","Bought","0xcbb0fe555f61d23427740984325b4583a4a34c82","BoredApeYachtClub","1211","721","1","46.1 Blur Pool ($86,212.99)","Blur"
"0xfdc745924dd8da8dfd8e70df6befe14ad429b05ad27ff96742902fbd3a2937b5","17160495","1682877455","2023-04-30 17:57:35","Bought","0xcbb0fe555f61d23427740984325b4583a4a34c82","BoredApeYachtClub","910","721","1","46.09 Blur Pool ($86,194.29)","Blur"
"0xfc428fc074d5311eeff0a82f00487240378b15361753a7f1bcb04f0f7fc36251","17160501","1682877527","2023-04-30 17:58:47","Bought","0x13422774d8416a316390f5aa2e713c5742592aaf","BoredApeYachtClub","7041","721","1","46.07 Blur Pool ($86,156.89)","Blur"
"0xdca355d4a828374fc71164b257828968fbde0c8370f58f2c92bc0d532b4f882f","17160895","1682882327","2023-04-30 19:18:47","Bought","0xf93a61e145157f5f70e1ec71fe2836497b12ef0e","BoredApeYachtClub","7041","721","1","47.35 ETH ($88,550.66)","Blur"
"0x69f92862980ce2b32688b1074d451c44bd2b8687ac0e831f1a9a087c577af263","17161083","1682884607","2023-04-30 19:56:47","Bought","0x9e67d018488ad636b538e4158e9e7577f2ecac12","BoredApeYachtClub","2835","721","1","46.33 Blur Pool ($86,643.12)","Blur"
