"Txn Hash","Blockno","UnixTimestamp","DateTime (UTC)","Action","Buyer","NFT","Token ID","Type","Quantity","Price","Market"
"0xc6de13590b6441f6a718536efcdc39a0850f06237039d5f0853b2aa107d82418","18038789","1693536095","2023-09-01 02:41:35","Bought","0x58867fa928b92ca3dc1c709d058ea1bfa1fc28d5","BoredApeYachtClub","3170","721","1","29 ETH ($47,226.50)","X2Y2"
"0x16525c3cb58a5850884906769b3ce070a71b64a483cb7eb500a3bdfe9a76fd2f","18041601","1693570079","2023-09-01 12:07:59","Bought","0xce841f783dc6d9df256af36b1cf6b3a52aa57cdc","BoredApeYachtClub","3511","721","1","27.5 WETH ($44,783.75)","OpenSea"
"0x2dae7013083f0485a53a55e3db3c1f7a34a639e995e4ddd5b5b91658dbb55729","18042179","1693577087","2023-09-01 14:04:47","Bought","0x7a5ec51a8c4d347f5de1062fdf1ddb5636a58f3f","BoredApeYachtClub","201","721","1","45 ETH ($73,282.50)","OpenSea"
"0xb48551bd61e9be6c6ec62bab063a88748654b90b16c71ee2d5c04e32859b9288","18042348","1693579127","2023-09-01 14:38:47","Bought","0x04b98dc3b9fe0c5bb6c47df76a73f7558933e0d8","BoredApeYachtClub","2699","721","1","56,700 USDC ","OpenSea"
"0x299625daeff1b51d406d29931b97f2c6754462b3635ab054c8ab085705cd9743","18042374","1693579439","2023-09-01 14:43:59","Bought","0x5fcb06838f7ac00d8ee2d278f91bf8c3316ca223","BoredApeYachtClub","6331","721","1","33.33 ETH ($54,277.91)","OpenSea"
"0xfc0dce731ec202652a2399d4f4527381a97cde04d41b9673621400c2f19b47b7","18042692","1693583255","2023-09-01 15:47:35","Bought","0x0097b9cfe64455eed479292671a1121f502bc954","BoredApeYachtClub","7209","721","1","27.31 WETH ($44,474.34)","OpenSea"
"0x2fcae99f4e79a5cd3b55128092e5ed9af79dcff1a70512256e0902a588162c5b","18042897","1693585715","2023-09-01 16:28:35","Bought","0x9d604a517750eecea2ee5c883d491449808a3498","BoredApeYachtClub","4261","721","1","27.75 ETH ($45,190.88)","X2Y2"
"0x814896bcdfee1313147561ea58a2459abd55812c0ea457bbf6beebd3ed29de29","18043604","1693594283","2023-09-01 18:51:23","Bought","0x18fd1c96b0e64db4b452040df477581cfbda3560","BoredApeYachtClub","887","721","1","30.5 ETH ($49,669.25)","OpenSea"
"0x92709b1995d758ffafd074379707f2a8b1bdd59c5da697a74b8184f18ef21c5d","18044784","1693608599","2023-09-01 22:49:59","Bought","0xc038855930ffe0c521ee86ab77646044b9fb3e34","BoredApeYachtClub","6451","721","1","31.49 ETH ($51,281.47)","Blur"
"0xd998554663322121b9990f736aa3da24240f60c6ce05ef42d89d7a55f7c7f36f","18052793","1693705715","2023-09-03 01:48:35","Bought","0x2e7573445b46a305f6b80f86ba56e788b2db7e68","BoredApeYachtClub","2010","721","1","26.5 ETH ($43,346.85)","X2Y2"
"0x9f5244391c9946dedba77c04714baa1332db2cf562f01593521d8df44bbff6c1","18053148","1693709999","2023-09-03 02:59:59","Bought","0xcb415344cd0fc552ce7b48ee9375991ff5865895","BoredApeYachtClub","4417","721","1","32.5 ETH ($53,161.23)","X2Y2"
"0xc3fc5b421af8e2b701c3132b89d240664f8aeccc77d74d2f5842dc400d623e97","18053153","1693710059","2023-09-03 03:00:59","Bought","0x133290dd301119ca34b2e8601ba1d4c10c11a5ae","BoredApeYachtClub","5550","721","1","29 ETH ($47,436.17)","X2Y2"
"0xd0515fc20e9ab4c354bd9c11928b4647a423fa146fcdd237c0ec43197d9722a6","18053179","1693710371","2023-09-03 03:06:11","Bought","0xc4d469c1419bd07d7223ab4ecedbfa639bb87233","BoredApeYachtClub","3631","721","1","28.5 ETH ($46,618.31)","X2Y2"
"0xe670ffc0ee13028a75571c39faf76af5f130add1c1d00784253a4d86ef9c9b20","18053238","1693711079","2023-09-03 03:17:59","Bought","0x9d604a517750eecea2ee5c883d491449808a3498","BoredApeYachtClub","5221","721","1","28.3 ETH ($46,291.16)","X2Y2"
"0x594710e9868291f7f1df348da85ada49428cea5c8e4d4aa118072edb157d5591","18062386","1693821695","2023-09-04 10:01:35","Bought","0x86a9ba93565c5c2182f526d0d0a5d598dd88d053","BoredApeYachtClub","864","721","1","33 WETH ($53,782.41)","OpenSea"
"0x8ea49e2eceb02c44a5745b6ed077fd80fae267f90a005124534f7783549861d4","18065422","1693858319","2023-09-04 20:11:59","Bought","0x13ca2cf84365bd2daffd4a7e364ea11388607c37","BoredApeYachtClub","6584","721","1","31.99 ETH ($52,136.34)","OpenSea"
"0x47be74181881ad4c54ce415f36ffa747bc8d8417d8492c3a3b74cf6b873535b3","18067724","1693886087","2023-09-05 03:54:47","Bought","0x04331bfe69b1f06bd47a179bcacf4c55ea9c31a8","BoredApeYachtClub","2692","721","1","39.5 ETH ($64,536.68)","OpenSea"
"0xfdc14b99d717263607f8713740f9ab85b4203a65feede1b854dc95a87c74fd6f","18068761","1693898567","2023-09-05 07:22:47","Bought","0xd27b7c6bd93f604bcd3497565f023652c2d13ce0","BoredApeYachtClub","8970","721","1","29.95 ETH ($48,933.51)","OpenSea"
"0xf881c7b20946e06f6f29a566be5b962939a7e5900a4d492c52e56883d6032e50","18070790","1693923071","2023-09-05 14:11:11","Bought","0x86b4d38e451c707e4914ffceab9479e3a8685f98","BoredApeYachtClub","2273","721","1","28.46 WETH ($46,499.09)","OpenSea"
"0x9d842be0299521283dbbcafa9abb26778bd4425ef299e6e2549a43011ad917ed","18071933","1693936979","2023-09-05 18:02:59","Bought","0x6d0267156f1c6ce44caa4bf129b76009d3d41830","BoredApeYachtClub","6153","721","1","31.5 ETH ($51,465.96)","X2Y2"
"0x74f448757def7b274b1241c5f5dd790f186e328c7409348b96355e4c3066b49a","18074845","1693972199","2023-09-06 03:49:59","Bought","0x2d13c884c4c418664abb1b4a7f491dd89247e42e","BoredApeYachtClub","2002","721","1","39 ETH ($63,661.65)","X2Y2"
"0x8683f1e9d36f1b6d40190c089749d5b21dbefcb912b06de32d6d7f95c789e4df","18075132","1693975655","2023-09-06 04:47:35","Bought","0x5f9aaacd65ab18dccab83703b3cbf0a983d91132","BoredApeYachtClub","734","721","1","27.9 ETH ($45,542.57)","OpenSea"
"0x8b4ef17bcaf06a0c29e014af0655b0b75321e2ae7e0bc3cb69415749ed214073","18078235","1694013371","2023-09-06 15:16:11","Bought","0x5fcb06838f7ac00d8ee2d278f91bf8c3316ca223","BoredApeYachtClub","1064","721","1","29.79 ETH ($48,627.71)","OpenSea"
"0x8c506ac13384c391fd1a3fda6f3da507f99aa547c58b7fd26d8c267988dc10fc","18088490","1694137295","2023-09-08 01:41:35","Bought","0xd9d7046933bd3d0a3e869959ef95e4c41522c1bf","BoredApeYachtClub","8385","721","1","27 WETH ($44,175.51)","OpenSea"
"0xc912594a7d6e0a0b4af101a41f28afa2efb47e68467b6f04a2636b5e434f5733","18088496","1694137367","2023-09-08 01:42:47","Bought","0x0097b9cfe64455eed479292671a1121f502bc954","BoredApeYachtClub","7171","721","1","26.7463 WETH ($43,760.42)","OpenSea"
"0x7f67f41840603ade487d652f555835d46788854799e32f5392442c0aeb39474b","18093918","1694202971","2023-09-08 19:56:11","Bought","0xeb4a487c89cf7fe5aad5a975e8c576a6e9ab68bc","BoredApeYachtClub","9882","721","1","37 ETH ($60,536.81)","X2Y2"
"0x5b22c90530d5efed97d7603246eca8e4bcad621cd5c88b4892043d6ec0bfad8e","18105768","1694346419","2023-09-10 11:46:59","Bought","0xf15c93562bc3944a68e938ef75d2a3360d98ca57","BoredApeYachtClub","6838","721","1","26.2116 WETH ($42,378.91)","OpenSea"
"0x0e2070954d491f6b437bffc49773eddb3e9f1692f155d1185e022ea88f535b1b","18109552","1694392247","2023-09-11 00:30:47","Bought","0x9380009a35d63246eee35efcf139e6610fe77ed3","BoredApeYachtClub","9393","721","1","0 ETH ","OpenSea"
"0x0e2070954d491f6b437bffc49773eddb3e9f1692f155d1185e022ea88f535b1b","18109552","1694392247","2023-09-11 00:30:47","Bought","0x221fb933f42dfde73db5532154f4675b072e1b72","BoredApeYachtClub","9203","721","1","0 ETH ","OpenSea"
"0x3c940674f6d33ce628bd0d547591cfac98c17e87f53ab9faae34194dbf65be86","18109969","1694397323","2023-09-11 01:55:23","Bought","0xc4d732980b0d51fcdf58eb3bfc19cec1de79f660","BoredApeYachtClub","72","721","1","33.33 ETH ($51,719.16)","OpenSea"
"0xb38dd291637aaa4cbe595bb61188d7399ee29dc162ff0dba6decd9e72a9dffa5","18114754","1694455187","2023-09-11 17:59:47","Bought","0x0097b9cfe64455eed479292671a1121f502bc954","BoredApeYachtClub","5723","721","1","25 WETH ($38,793.25)","OpenSea"
"0xab24b804d3c4dc035be5df34d4045257f88ff8b9e65f637967695da2ce5f9c6a","18117286","1694485775","2023-09-12 02:29:35","Bought","0x63c9c98c84fae150f0649560b94bacd42c467654","BoredApeYachtClub","5819","721","1","55 WETH ($88,625.35)","OpenSea"
"0x0afd0ef03b860e06fe94fc5b7556e1afe4e83a35fef66e221579e8a457700435","18119150","1694508383","2023-09-12 08:46:23","Bought","0xcd05dba1d061e1875662a1ba8e83525cfff89c05","BoredApeYachtClub","6718","721","1","31 ETH ($49,952.47)","OpenSea"
