"Txn Hash","Blockno","UnixTimestamp","DateTime (UTC)","Action","Buyer","NFT","Token ID","Type","Quantity","Price","Market"
"0x7d23655ec3308630b9004888ac3f85b06bd5931ec22f71f87a17df722c82c2de","16701699","1677284411","2023-02-25 00:20:11","Bought","0x61fd0d043d519f5a2bd05785000f30db96809429","BoredApeYachtClub","4837","721","1","64.91 Blur Pool ($103,515.87)","Blur"
"0x9c877d981668996433e7f7dce83d76748b1d075af29ba36b0ecdd82abd446093","16701708","1677284519","2023-02-25 00:21:59","Bought","0xff66b3689dbf36acb9d58c30856ce26468b9b2da","BoredApeYachtClub","2893","721","1","65.5075 ETH ($104,468.74)","Blur"
"0x970134fb678bfcd46103f7d603515ff4cae8a8a00c4f4cb24bf7480ec170d690","16701714","1677284591","2023-02-25 00:23:11","Bought","0x9913e51274235e071967beb71a2236a13f597a78","BoredApeYachtClub","3147","721","1","64.91 Blur Pool ($103,515.87)","Blur"
"0x32d47bf321b78d8b48be11ddd1530fe89108fa66077ec61eedaeba170c9f91ec","16701755","1677285095","2023-02-25 00:31:35","Bought","0xb2aa2f1f8e93e79713d92cea9ffce9a40af9c82d","BoredApeYachtClub","633","721","1","64.81 Blur Pool ($103,356.40)","Blur"
"0x23efb9bd3ecbc6049154b8d07bc84ee1cad20e235551fed0801e620f3d3d7464","16701760","1677285155","2023-02-25 00:32:35","Bought","0x571123c9cf8cf7f4dc1a8d4e4287044b1557d489","BoredApeYachtClub","9877","721","1","55.89 ETH ($89,131.14)","OpenSea"
"0xedfe80cac176d791c4064f2a473b94b9567bec30e5a25e525aebdfcc337b8756","16701820","1677285875","2023-02-25 00:44:35","Bought","0x7ab911af0d58e7a621f24292abfda5909874565c","BoredApeYachtClub","6440","721","1","64.8 Blur Pool ($103,340.45)","Blur"
"0x2eccb201935c37f0ae830cb34bce745125396c8da0b60184c5371d868de1b23d","16701902","1677286871","2023-02-25 01:01:11","Bought","0xb8983d041f4e752032f2964b8e095c1f1c61956b","BoredApeYachtClub","4268","721","1","64.81 Blur Pool ($103,356.40)","Blur"
"0xf7725f007fc5b792bd9aa982be9956baa12e12a0042cb6314df63cb069aebb0d","16701938","1677287303","2023-02-25 01:08:23","Bought","0xbd980a8a0178b5e79b21215d749c2cce38212660","BoredApeYachtClub","9829","721","1","65.0999 ETH ($103,818.72)","Blur"
"0x371f91806613e30636e813631230e8fd8a47223828a8cbd55ebbc14af07da9ab","16701946","1677287411","2023-02-25 01:10:11","Bought","0xed2ab4948ba6a909a7751dec4f34f303eb8c7236","BoredApeYachtClub","7625","721","1","65.05 ETH ($103,739.14)","Blur"
"0x171d456748760fcf99ce7667d24c8fcb38d626b8d6333ccd503e41eef38ee40e","16701965","1677287639","2023-02-25 01:13:59","Bought","0x776b818b0464d499458a7129b758e93146ad15c4","BoredApeYachtClub","8317","721","1","64.84 Blur Pool ($103,404.24)","Blur"
"0xc480626e6f955f55c4d684fb1037030e8b54f2b05aeaf81b988cd17c6cf319c8","16702007","1677288143","2023-02-25 01:22:23","Bought","0x1a71709c62ad2013ea377f11602099a2b411a93c","BoredApeYachtClub","4473","721","1","64.8 Blur Pool ($103,340.45)","Blur"
"0x0c2b036f2cadb5bee532d2812b70f384c44f5c7e5c27a937ad15021b189356b0","16702011","1677288191","2023-02-25 01:23:11","Bought","0x4d41baacfd4e2632f8f562193e94c0960e7da549","BoredApeYachtClub","2330","721","1","128.180745 WETH ($204,417.52)","OpenSea"
"0xb282533ead52c42836e2a73b37b4aa3b10f389958ab95faf986a5c588a8ec9da","16702016","1677288251","2023-02-25 01:24:11","Bought","0xb758a841ef9325c7e100c39043816f5ea2dab692","BoredApeYachtClub","564","721","1","64.8 Blur Pool ($103,340.45)","Blur"
"0x63ee224a6ca8f510b2f89b3498a2f68d8b8aeacca34dd312e910d5b1cc3648cf","16702031","1677288431","2023-02-25 01:27:11","Bought","0xc1e42f862d202b4a0ed552c1145735ee088f6ccf","BoredApeYachtClub","7440","721","1","64.52 Blur Pool ($102,893.92)","Blur"
"0x62b85b2dbebe62ee16f005d6f45ac1f7f46ab5cedf569ab5ec99775851d017f4","16702047","1677288623","2023-02-25 01:30:23","Bought","0xd3dc20a85f637cceeb95e0d6f6bbb757e73e236b","BoredApeYachtClub","3329","721","1","64.51 Blur Pool ($102,877.97)","Blur"
"0xde5fe7cb2649298ef0e2e281f62a90d4a42c7effb194ab1677d90b3b9029c3ec","16702054","1677288707","2023-02-25 01:31:47","Bought","0x671e4d58f407be00fcc383732c020a7ac1afde73","BoredApeYachtClub","403","721","1","64.5 Blur Pool ($102,862.02)","Blur"
"0x5649a4b99d0647134ae5e6cd63604dff32fc5a0e48cbc41c826a0fa1c4713294","16702061","1677288791","2023-02-25 01:33:11","Bought","0x571123c9cf8cf7f4dc1a8d4e4287044b1557d489","BoredApeYachtClub","9877","721","1","64.5 Blur Pool ($102,862.02)","Blur"
"0x4b3305c51751b40e044838eb1bebe949a6e15ce2826a58d3bd87904a97a0a230","16702080","1677289019","2023-02-25 01:36:59","Bought","0xc175f8d59766aa1cc3993ccd969463d26d36ae50","BoredApeYachtClub","6367","721","1","64.5 Blur Pool ($102,862.02)","Blur"
"0xf2448a51ca09e119aa34d014f47fcb2ff8b160173ff0f44942432327508911bd","16702100","1677289259","2023-02-25 01:40:59","Bought","0xed2ab4948ba6a909a7751dec4f34f303eb8c7236","BoredApeYachtClub","633","721","1","64.5 Blur Pool ($102,862.02)","Blur"
"0x94b76f79a679c660529f88978dbecc2101a85d4c43868dda887d7017fcfa8ec0","16702120","1677289499","2023-02-25 01:44:59","Bought","0xae7a78983008158fc17c439d2f31231c4d4f4edf","BoredApeYachtClub","8702","721","1","66.5 ETH ($106,051.54)","OpenSea"
"0x87aa9a85b8fdd359c88911ef127dad40ef57b83db819b7e85684a7fd855dad8b","16702133","1677289655","2023-02-25 01:47:35","Bought","0xb3d9fc7ed24284af0c00066aa3c62652e19fc586","BoredApeYachtClub","7440","721","1","65.25 ETH ($104,058.09)","Blur"
"0x24f0176de607838baf8fa59a720d47afd9b01b4c2b8c8767201db05f2042f1a4","16702198","1677290435","2023-02-25 02:00:35","Bought","0xb3d9fc7ed24284af0c00066aa3c62652e19fc586","BoredApeYachtClub","9581","721","1","65.55 ETH ($104,536.52)","Blur"
"0xbd22ed1171dc3b77b6fd1cd689245b6182d159fe7211f66b6c54a950a4c83b80","16702199","1677290447","2023-02-25 02:00:47","Bought","0x620f922aa9a5dac6fbfb1fcc95834fb5e7bbea66","BoredApeYachtClub","7625","721","1","65.4269 ETH ($104,340.20)","Blur"
"0xab77858a91c5f033aa4a40a00e4fcef6de284b84b9350db999480f847ee366ea","16702205","1677290519","2023-02-25 02:01:59","Bought","0x86c36a26142a4c970769ecdab9c859cce0c1c1eb","BoredApeYachtClub","4268","721","1","65.45 ETH ($104,377.04)","Blur"
"0x5db94a18735aa8df178de5921615c83adca5a68299ac560138d4e6028b43b29f","16702207","1677290543","2023-02-25 02:02:23","Bought","0xd3dc20a85f637cceeb95e0d6f6bbb757e73e236b","BoredApeYachtClub","9760","721","1","65.6 ETH ($104,616.26)","Blur"
"0x0ee30db9de8b9feffb716575247d836bbc1fe89d436f3c3085908a5430e50c58","16702220","1677290699","2023-02-25 02:04:59","Bought","0xed2ab4948ba6a909a7751dec4f34f303eb8c7236","BoredApeYachtClub","8508","721","1","128.65755 WETH ($205,177.91)","OpenSea"
"0xa4b026f268a274c56be60549d268527600b998d67d662a97486bc2d2c3dd87fc","16702270","1677291299","2023-02-25 02:14:59","Bought","0xf7677dadb97a99f971e405650cd8bdda10e72dfa","BoredApeYachtClub","9729","721","1","67.88 ETH ($108,252.31)","Blur"
"0x826b73765e8f7d5f633ce75686d79d631a24be40699dced693ebcfe8cc5b5464","16702296","1677291611","2023-02-25 02:20:11","Bought","0xe29eac84046b770f11bf29302f085318a7fedecd","BoredApeYachtClub","7291","721","1","66.68 ETH ($106,338.60)","Blur"
"0xbabc695468e30bac859ad7349e32ec52617e445eef0dfac9d5ef17329860e981","16702359","1677292367","2023-02-25 02:32:47","Bought","0x020ca66c30bec2c4fe3861a94e4db4a498a35872","BoredApeYachtClub","3329","721","1","66.05 Blur Pool ($105,333.90)","Blur"
"0xb95dc0ebfa63b4341258c9a356ec1b827e9c76ea89abc596874b209c7558dace","16702461","1677293591","2023-02-25 02:53:11","Bought","0xed2ab4948ba6a909a7751dec4f34f303eb8c7236","BoredApeYachtClub","6878","721","1","67.5 ETH ($107,646.30)","Blur"
"0x45d29fdbe07087defaa830f9c1d2be9427a7936e1b0702dd1f75b2774137536f","16702682","1677296255","2023-02-25 03:37:35","Bought","0xae68b683413e70b2cb5ba7a5ce2bd16faa4c02d3","BoredApeYachtClub","2330","721","1","68.98 ETH ($110,006.54)","Blur"
"0x7114769be621f3b3af30ee3f638424cef28011b9023272bbeb44f0e0c095426f","16702683","1677296267","2023-02-25 03:37:47","Bought","0x5a7f647414e70f11970ebe9f395d60937f80fbff","BoredApeYachtClub","4837","721","1","67.99 ETH ($108,427.73)","Blur"
"0xaf2fbc6f0e7fdf1cddf3a43193f080d62a7c907bf1b50bf2b0ab704b6b3ae942","16702762","1677297227","2023-02-25 03:53:47","Bought","0x4aefd0e16502ad41c85780c235768e944e6a7fc8","BoredApeYachtClub","3273","721","1","66.05 Blur Pool ($105,333.90)","Blur"
"0x0ed5bce415c5ec31d6e1557f276d51634af0d777533942bca3089263d9d10133","16702788","1677297539","2023-02-25 03:58:59","Bought","0x7782c1c31f0eed9ebf466d78beec0cb0cd2b51af","BoredApeYachtClub","9538","721","1","66.05 Blur Pool ($105,333.90)","Blur"
"0x9c9d1d8946fde5195ac9a02132f8434f9bd573035f494391a73fc442e121c2d3","16702811","1677297815","2023-02-25 04:03:35","Bought","0xed2ab4948ba6a909a7751dec4f34f303eb8c7236","BoredApeYachtClub","9982","721","1","66.01 Blur Pool ($105,270.11)","Blur"
"0x9c9d1d8946fde5195ac9a02132f8434f9bd573035f494391a73fc442e121c2d3","16702811","1677297815","2023-02-25 04:03:35","Bought","0xed2ab4948ba6a909a7751dec4f34f303eb8c7236","BoredApeYachtClub","1325","721","1","66.01 Blur Pool ($105,270.11)","Blur"
"0xe23d529a3ac6901c6f9cdf6e3a0277157c5f817b9ea788771fa216e3d7b0b78b","16702824","1677297983","2023-02-25 04:06:23","Bought","0x84ea8aaf3e21406ab53723c761b7ee166eb6c351","BoredApeYachtClub","6700","721","1","67.69 ETH ($107,949.30)","Blur"
"0x3c1458fa6ea1cba5046c71a091ee92dd4cc2516f9c4b817ebe008881f6d40d38","16702932","1677299279","2023-02-25 04:27:59","Bought","0x892b8367c3324d040225de143a13378a0f14c5a8","BoredApeYachtClub","765","721","1","69.9 ETH ($111,473.72)","OpenSea"
"0xc9e85bfd1f90ae7c1c354e459a6a48d8deb8e69d2b98d6c81bf33181e11b875a","16703121","1677301571","2023-02-25 05:06:11","Bought","0x0273b3440386d8d01d33e75d662122d710907ba4","BoredApeYachtClub","1325","721","1","66.63 Blur Pool ($106,258.86)","Blur"
"0x40bba2750d6b9d4876e3642406fa480e413ec01c004956c476ecee514a852781","16703427","1677305291","2023-02-25 06:08:11","Bought","0x2c2ed4b3876c442fee80bee76ce0ee2ca2a512af","BoredApeYachtClub","2060","721","1","71 ETH ($113,227.96)","X2Y2"
"0x3dac024cf9ad726769f2b6c0d85a08c76e3ffa71f20ef554faa1b9d3f19b0960","16703603","1677307439","2023-02-25 06:43:59","Bought","0x27db134012676a0542c667c610920e269afe89b9","BoredApeYachtClub","4165","721","1","65.61 Blur Pool ($104,632.20)","Blur"
"0x679328f643b67d74948d7b37ba497c04c9e618b8e55cc8ada77641e123967861","16703714","1677308783","2023-02-25 07:06:23","Bought","0x386ff06e8f928be5ad16f7093a9381d38bdc83e3","BoredApeYachtClub","7684","721","1","71 ETH ($113,227.96)","Blur"
"0xed5e102cd3d7dbdf70295dbcd9266e98e617f686a834992c5ed77eff9d9d6ca2","16703725","1677308927","2023-02-25 07:08:47","Bought","0x8d4ef2ea1dd2382dc3d10ad82b5b88f37ab0a4a0","BoredApeYachtClub","6878","721","1","68.6868 ETH ($109,538.96)","Blur"
"0x12ae5922455db4c1af93f9647e279e043f4a7a9b5f4424d23ae2dcf743e5ed0a","16703727","1677308951","2023-02-25 07:09:11","Bought","0x07557f6138ed55485d82d64eea175043e4f2bbb4","BoredApeYachtClub","2163","721","1","65.61 Blur Pool ($104,632.20)","Blur"
"0xe52b3080840a92ed6021113c2f7d06875063ed1080d9447cb9fa24f0073138c7","16703750","1677309227","2023-02-25 07:13:47","Bought","0x07557f6138ed55485d82d64eea175043e4f2bbb4","BoredApeYachtClub","9877","721","1","66.2 ETH ($105,573.11)","Blur"
"0xbc028fe5b9d903f2280522317f841407fd56f9388d14994ce414cb4e44b2e8b4","16703827","1677310163","2023-02-25 07:29:23","Bought","0x12d1b76162550e3d7c1c6ffd344bbef705d524ac","BoredApeYachtClub","633","721","1","66.2 ETH ($105,573.11)","Blur"
"0x355ec0d4668feff812e024b5a13071016e25640b663e621fa6e57d48a31eed22","16703847","1677310415","2023-02-25 07:33:35","Bought","0x61fc0b93198247731c06f7c58cdcd1d925f4b1f4","BoredApeYachtClub","6367","721","1","66.2 ETH ($105,573.11)","Blur"
"0x7d8a627383f2094e2855d58fd6220b956042767b336f79bd819f5ba522226b23","16704049","1677312863","2023-02-25 08:14:23","Bought","0x020ca66c30bec2c4fe3861a94e4db4a498a35872","BoredApeYachtClub","2163","721","1","65.9 Blur Pool ($105,094.68)","Blur"
"0x8bc4363c35a0bbe5b18979c07dc4fced7c4651a909708491c372b39e8b77d4fa","16704230","1677315071","2023-02-25 08:51:11","Bought","0xa4fb0e1f6ad0a87a3ec2427ca3a944c42d19d1ca","BoredApeYachtClub","6161","721","1","66.77 ETH ($106,482.13)","Blur"
"0x09903bdeb1264678cb343629dfb0e6996111406953881bbaaa40592bd7c4606f","16704492","1677318263","2023-02-25 09:44:23","Bought","0x2c26821e4a2e9d1ac9328b4e2510c635ecdf8f68","BoredApeYachtClub","3273","721","1","82 ETH ($130,770.32)","Blur"
"0x1f6d6fa56294321f63d92808c96bbeab30a67d93136cab246202b306bb84fbf6","16704540","1677318851","2023-02-25 09:54:11","Bought","0xa4fb0e1f6ad0a87a3ec2427ca3a944c42d19d1ca","BoredApeYachtClub","6774","721","1","66.01 Blur Pool ($105,270.11)","Blur"
"0xd628e771950c83815d6d12abbd206929972adf490cc21e73a0d6b4bb9494a32b","16704697","1677320771","2023-02-25 10:26:11","Bought","0x116335c3ee633eba27c02bcfb7ee5de695e4d201","BoredApeYachtClub","403","721","1","66.2 ETH ($105,573.11)","Blur"
"0xd628e771950c83815d6d12abbd206929972adf490cc21e73a0d6b4bb9494a32b","16704697","1677320771","2023-02-25 10:26:11","Bought","0x116335c3ee633eba27c02bcfb7ee5de695e4d201","BoredApeYachtClub","4651","721","1","66.4269 ETH ($105,934.96)","Blur"
"0x1537df717514a84580f4838c8d0d796139b3461aeb0b3a6a0f7fe128238741e0","16704705","1677320867","2023-02-25 10:27:47","Bought","0xed2ab4948ba6a909a7751dec4f34f303eb8c7236","BoredApeYachtClub","1522","721","1","66.4269 ETH ($105,934.96)","Blur"
"0x5ca9fcb9d33c91ca3beba035c7d0016bf7b723ae375d24331711ee65bce20d2d","16704769","1677321671","2023-02-25 10:41:11","Bought","0x87243cee246d51d87be1287aecfe561114fe120b","BoredApeYachtClub","8152","721","1","66.26 Blur Pool ($105,668.80)","Blur"
"0x1a83d5f42b467f5b8326f5c6a3c26774d403b171f764492c3cad4d6577015128","16704803","1677322079","2023-02-25 10:47:59","Bought","0x1a71709c62ad2013ea377f11602099a2b411a93c","BoredApeYachtClub","3041","721","1","66.26 Blur Pool ($105,668.80)","Blur"
"0x6e3e495677b60220256a1ab3a887019bdccacd6f47296cd1184023f7319136d6","16704906","1677323315","2023-02-25 11:08:35","Bought","0xed2ab4948ba6a909a7751dec4f34f303eb8c7236","BoredApeYachtClub","3244","721","1","66.75 ETH ($106,450.23)","X2Y2"
"0xf3911cd32bf934e79af783dda391c21780e724ff82ba1a189907488cf5ff749a","16704920","1677323483","2023-02-25 11:11:23","Bought","0xce5172b64f2f4eddd6f05c6e57c2ec774612e6ac","BoredApeYachtClub","4408","721","1","67.5 ETH ($107,646.30)","X2Y2"
"0xd407919ec80cdf297cb3b7c88d88606a1f33fe7bb55f7f6e4493afcf6aa6ecf3","16705104","1677325751","2023-02-25 11:49:11","Bought","0xed2ab4948ba6a909a7751dec4f34f303eb8c7236","BoredApeYachtClub","4675","721","1","132.069 WETH ($210,618.36)","OpenSea"
"0x5f5332fa54161c6d6be58ca206a1ad3cf9313f348decd3376ce571159663565a","16705136","1677326147","2023-02-25 11:55:47","Bought","0xc1a2f762f67af72fd05e79afa23f8358a4d7dbaf","BoredApeYachtClub","7637","721","1","67.5 ETH ($107,646.30)","Blur"
"0x7e51e2d32d785e190b4ecd341d48d8f49e7df6eb4f8a5ec929ed0d8edd56e827","16705179","1677326675","2023-02-25 12:04:35","Bought","0x50dfaf1969fd5fb86a3d477449a7fac6d45a1b1a","BoredApeYachtClub","8911","721","1","66.9 ETH ($106,689.44)","Blur"
"0x45d1361aa9b9b1969833cd245e4cf61fefafd4d06bd2fd8a4f6259ee304ed393","16705234","1677327335","2023-02-25 12:15:35","Bought","0x0e3bcd1efd366092248ac733af93f57fdaba5a12","BoredApeYachtClub","1198","721","1","69.42 ETH ($110,708.24)","X2Y2"
"0x6fe6f8731e126a2cc41af98c93c7ad36460a509dab01639f597fdd421d14e2aa","16705521","1677330839","2023-02-25 13:13:59","Bought","0x206153c003d24171702a0947ec1008f125e6f155","BoredApeYachtClub","1753","721","1","66.62 Blur Pool ($106,242.91)","Blur"
"0x0c1ccbe51b77584fa7c920cc4f18dc2c4f4dc49bb0e4f2de65fd5519b44dbc7d","16705673","1677332663","2023-02-25 13:44:23","Bought","0xae4d837caa0c53579f8a156633355df5058b02f3","BoredApeYachtClub","330","721","1","69.6 ETH ($110,995.30)","OpenSea"
"0xc8574cc81f79acbcc7be50f2e3a243488f2edece490b0034ccb569e7a01f5476","16705689","1677332855","2023-02-25 13:47:35","Bought","0x2ca212af7e65631d46a1cf406427f257d2976a71","BoredApeYachtClub","9982","721","1","66.62 Blur Pool ($106,242.91)","Blur"
"0xc8574cc81f79acbcc7be50f2e3a243488f2edece490b0034ccb569e7a01f5476","16705689","1677332855","2023-02-25 13:47:35","Bought","0x2ca212af7e65631d46a1cf406427f257d2976a71","BoredApeYachtClub","1325","721","1","66.62 Blur Pool ($106,242.91)","Blur"
"0x25ad1aa2cc2fbede536c690b53cc27866a0ecddea5b8c99b19471739874c9186","16705754","1677333635","2023-02-25 14:00:35","Bought","0x728b3de78c3bd3e9c970524ca6aae1f8d6a61996","BoredApeYachtClub","3041","721","1","66.93 Blur Pool ($106,737.29)","Blur"
"0xa851a151c5fa7e9c527eccf2b46dde41f157679830a75bcaf950e10b90868277","16705761","1677333719","2023-02-25 14:01:59","Bought","0x1a71709c62ad2013ea377f11602099a2b411a93c","BoredApeYachtClub","2149","721","1","66.93 Blur Pool ($106,737.29)","Blur"
"0xf8c9aabe55cb7c11125f7727374fcf1651858a114b872c4c707f7ef8917b37e8","16705824","1677334475","2023-02-25 14:14:35","Bought","0x892b8367c3324d040225de143a13378a0f14c5a8","BoredApeYachtClub","3479","721","1","67.45 ETH ($107,566.56)","OpenSea"
"0xbb0b2606088e948954342c0d1e6d49f018ec49e1ea14f404f39801c487339052","16705903","1677335447","2023-02-25 14:30:47","Bought","0x1f37068fed5524aa4efa4408c3758cf3edfc520f","BoredApeYachtClub","4289","721","1","66.93 Blur Pool ($106,737.29)","Blur"
"0xbb0b2606088e948954342c0d1e6d49f018ec49e1ea14f404f39801c487339052","16705903","1677335447","2023-02-25 14:30:47","Bought","0x1f37068fed5524aa4efa4408c3758cf3edfc520f","BoredApeYachtClub","6674","721","1","66.93 Blur Pool ($106,737.29)","Blur"
"0x91891978906d6d7e5e881391ac37fa399031cfd4dfaa12064f65e3361ed2d099","16705912","1677335555","2023-02-25 14:32:35","Bought","0x7f6fe035059b4c332d8984c6fa9d01f1f03ba718","BoredApeYachtClub","3329","721","1","66.93 Blur Pool ($106,737.29)","Blur"
"0x96f5ad13d83c3f83599b80e6501e6940da4779699b4032a04f39e4c66d60d17f","16705915","1677335591","2023-02-25 14:33:11","Bought","0x2efb798f5f77b6aa5d9bdf620228817c842cf36d","BoredApeYachtClub","6441","721","1","66.93 Blur Pool ($106,737.29)","Blur"
"0x19d480e43d349654739f726f6bd17091dacafcd15f5d43205dc452e8614e3a17","16705960","1677336155","2023-02-25 14:42:35","Bought","0x5d5335e6bea4b12dcb942cec1da951ae63f2ae64","BoredApeYachtClub","5914","721","1","66.93 Blur Pool ($106,737.29)","Blur"
"0x311c8dda5aa979dbd3cb97a14b4eb79520c11053bf7f61443b39b4fd69a2281a","16706002","1677336659","2023-02-25 14:50:59","Bought","0xa3a74ff7ed35636a554b2771f2b726a944ce086d","BoredApeYachtClub","1070","721","1","69 ETH ($110,038.44)","OpenSea"
"0x4c5e8e84bb673ea854c0400c4414e412e834b1f2815fe686183cdc324f73d626","16706035","1677337067","2023-02-25 14:57:47","Bought","0x020ca66c30bec2c4fe3861a94e4db4a498a35872","BoredApeYachtClub","8152","721","1","67.39 Blur Pool ($107,470.88)","Blur"
"0x1d33dc57158f2c41ab8774d9e704775e47c0633cb21875c44db5acf4da2c4d1d","16706040","1677337127","2023-02-25 14:58:47","Bought","0x7d03e3e2c833018ee3a8cfcf3876296a2186696c","BoredApeYachtClub","6966","721","1","67.39 Blur Pool ($107,470.88)","Blur"
"0x78da1cfdf9330e9838c7be13d8966c62cd55072028bf725da324b394ce61a181","16706145","1677338399","2023-02-25 15:19:59","Bought","0x3cac6990065c5ac861d77f923e95dc8cdd3a1412","BoredApeYachtClub","6079","721","1","70 ETH ($111,633.20)","Blur"
"0x9b51b5e75e14061f268e36662d0355f68303e19440a13fc8d647a76c9e600817","16706152","1677338495","2023-02-25 15:21:35","Bought","0xbb6101475240234e13e815fa4a7f1238ca2fefdf","BoredApeYachtClub","7350","721","1","67.39 Blur Pool ($107,470.88)","Blur"
"0xdf680a48762b457f1b1e5aac45b9388e6006b77f916bf92339395fbfaca26396","16706267","1677339911","2023-02-25 15:45:11","Bought","0x2ca212af7e65631d46a1cf406427f257d2976a71","BoredApeYachtClub","5914","721","1","67.39 Blur Pool ($107,470.88)","Blur"
"0xd8772a28e6b479d3ed10cbd605b04ed0f725a766fee7ededd1450902a5dda02f","16706455","1677342215","2023-02-25 16:23:35","Bought","0xed2ab4948ba6a909a7751dec4f34f303eb8c7236","BoredApeYachtClub","9760","721","1","67.48 ETH ($107,614.40)","Blur"
"0x01850e3454de6475bae9b6f2c4975ffe50febd3354d8e9fdf93acefe808bacff","16706460","1677342275","2023-02-25 16:24:35","Bought","0xed2ab4948ba6a909a7751dec4f34f303eb8c7236","BoredApeYachtClub","1753","721","1","68.29 ETH ($108,906.16)","Blur"
"0xccf51d7b795bca925520129f01b237e352d4b5566509224e4dd88a74d1dc88ff","16706507","1677342851","2023-02-25 16:34:11","Bought","0xed2ab4948ba6a909a7751dec4f34f303eb8c7236","BoredApeYachtClub","3634","721","1","67.3899 ETH ($107,470.72)","Blur"
"0xbb6fb5d03143a4813623213b5437a1fee3d45b4898f51b0f4d258dcd53b2bafa","16706513","1677342923","2023-02-25 16:35:23","Bought","0x1a71709c62ad2013ea377f11602099a2b411a93c","BoredApeYachtClub","9086","721","1","67.5 Blur Pool ($107,646.30)","Blur"
"0x12b7a2b6ad35a1a7b5473e5dfae7083e7336e4afcbd8e6ca3e8a0c37d76a1f1b","16706545","1677343307","2023-02-25 16:41:47","Bought","0xd64e1f3a2df4c153f26e7cb79e42673df385d239","BoredApeYachtClub","4165","721","1","68 ETH ($108,443.68)","Blur"
"0x6b74435b470d04c5a53801e5fdc7ba255cc24b1ba7cde1d415c95754c0a41ee4","16706556","1677343439","2023-02-25 16:43:59","Bought","0x16fc9ad068a1230bcb8859ca21daeb4023b8ab60","BoredApeYachtClub","1786","721","1","67.13 Blur Pool ($107,056.24)","Blur"
"0x44517a94b39a75e1d7580c61fc4a2b4b2afa8e1478456b29bc715f3a105069cf","16706561","1677343499","2023-02-25 16:44:59","Bought","0x16fc9ad068a1230bcb8859ca21daeb4023b8ab60","BoredApeYachtClub","465","721","1","67.12 Blur Pool ($107,040.29)","Blur"
"0xa0a63b357e2258936298fe302097bb5229a9e9adb64d74de035219da13971c69","16706581","1677343739","2023-02-25 16:48:59","Bought","0x728b3de78c3bd3e9c970524ca6aae1f8d6a61996","BoredApeYachtClub","1786","721","1","68.23 ETH ($108,810.47)","Blur"
"0x5c3ced67b0c3f72fee34e4db0aa7851b08cb0334d5a5beab7080366723fa2640","16706604","1677344039","2023-02-25 16:53:59","Bought","0xed2ab4948ba6a909a7751dec4f34f303eb8c7236","BoredApeYachtClub","3329","721","1","67.13 Blur Pool ($107,056.24)","Blur"
"0xcf0520f6cb66a1829acd9fcfbd3fc740cb100924af9d1c35ee2eab59cb91f5e4","16706613","1677344147","2023-02-25 16:55:47","Bought","0xed2ab4948ba6a909a7751dec4f34f303eb8c7236","BoredApeYachtClub","4090","721","1","80 ETH ($127,580.80)","X2Y2"
"0xf63e97a07b453ab55ef23c6f3a241fa8f4f547f78447c2cd0ad1faa120ad1c20","16706628","1677344327","2023-02-25 16:58:47","Bought","0xed2ab4948ba6a909a7751dec4f34f303eb8c7236","BoredApeYachtClub","9979","721","1","82.5 ETH ($131,567.70)","X2Y2"
"0x0afd9e024b10511dcc0732f3bdc1bf0b29253c55e0f9271dc80f204679051c23","16706634","1677344399","2023-02-25 16:59:59","Bought","0xf89dc311f1e0ce66e6417c76db27c2cfdefd623e","BoredApeYachtClub","7331","721","1","68.3417 ETH ($108,988.61)","Blur"
"0xeb0e9be2f5d43a4939fcd923a1bd811e92875b60d1a119c5a63145807fcf519a","16706671","1677344843","2023-02-25 17:07:23","Bought","0xec0b510f89c910b76ddc6c58f767b4813436b9bd","BoredApeYachtClub","9214","721","1","90 ETH ($143,528.40)","Blur"
"0x35ed0728cf7eecf9e7efaf79b739ba41b60facf7e86faa5adedd244040916dd9","16706801","1677346439","2023-02-25 17:33:59","Bought","0xec0b510f89c910b76ddc6c58f767b4813436b9bd","BoredApeYachtClub","6396","721","1","67.6969 ETH ($107,960.31)","Blur"
"0x2325aeb71f9b2568c1ea7d91ce6c1dda03ea87f567111c8ba400237f435a5b02","16706840","1677346907","2023-02-25 17:41:47","Bought","0xc1a2f762f67af72fd05e79afa23f8358a4d7dbaf","BoredApeYachtClub","7167","721","1","67.979 ETH ($108,410.19)","Blur"
"0xf79bd7f56ad1772b26a5a6d42fcf42d2c368ef93995ce76667782a63e2e39b70","16707021","1677349079","2023-02-25 18:17:59","Bought","0x1a71709c62ad2013ea377f11602099a2b411a93c","BoredApeYachtClub","8345","721","1","67.11 Blur Pool ($107,024.34)","Blur"
"0xf79bd7f56ad1772b26a5a6d42fcf42d2c368ef93995ce76667782a63e2e39b70","16707021","1677349079","2023-02-25 18:17:59","Bought","0x1a71709c62ad2013ea377f11602099a2b411a93c","BoredApeYachtClub","8733","721","1","67.07 Blur Pool ($106,960.55)","Blur"
"0x418ff711407bed07177ee8c1a8e77464dce82425f42ec8abbdac601890f5e264","16707440","1677354191","2023-02-25 19:43:11","Bought","0x4d41baacfd4e2632f8f562193e94c0960e7da549","BoredApeYachtClub","9703","721","1","134.464995 WETH ($214,439.40)","OpenSea"
"0x619a4167d510dc6610789de219c719fd0307fd8193a0d3181146a25d524e38f7","16707606","1677356219","2023-02-25 20:16:59","Bought","0x9437d2c3d0dd38d7dbff7b0541aaa5d002d3944c","BoredApeYachtClub","4805","721","1","68.191 ETH ($108,748.28)","Blur"
"0x81decd9ee803421c8fbcd5c1c14144807845c21d86c069d2bdb6c5ffb2f3f0f0","16707887","1677359603","2023-02-25 21:13:23","Bought","0x6b957a2791f6e88c99ca0e58d866075430daf31d","BoredApeYachtClub","9322","721","1","134.463 WETH ($214,436.21)","OpenSea"
"0xc99510afd3a8da9ab88dca3ef58a82b9335af362866592511906a56b338230ad","16707923","1677360047","2023-02-25 21:20:47","Bought","0xc5543b3a2973dd3b9d156376e1e8e7d0dcac3664","BoredApeYachtClub","6987","721","1","74 ETH ($118,012.24)","X2Y2"
"0xd0629ff4a76dfb7ab9be51a504c026a226c042a1ab9b8ea5d39fa1de59a9e8ea","16707996","1677360923","2023-02-25 21:35:23","Bought","0x9d0e82a37eedcd827be96a0f56b424dd3a39b1fb","BoredApeYachtClub","387","721","1","82.9 ETH ($132,205.60)","OpenSea"
"0x4d442c848b9eabdc79aafa1a66117d6c789a0c638af21f57202f65bcbdb3b19c","16708049","1677361559","2023-02-25 21:45:59","Bought","0x0f65465ae79bab6241ec51e2d20d3183d76c6b0a","BoredApeYachtClub","1786","721","1","68.73 ETH ($109,607.85)","X2Y2"
"0x98978b7db36b8e2dd37a872ca89a3c0bf246e1c6eee55b0898dd49c8f04a46cd","16708882","1677371711","2023-02-26 00:35:11","Bought","0x2c6fe9cbcce9572ba07b948e91baca969b8badfa","BoredApeYachtClub","4751","721","1","68.25 ETH ($112,030.33)","Blur"
"0x7ba6523ba93fe7e687426d7e27bb2e7539a79c9e9fc6e6631c406bbad1b3955b","16708940","1677372419","2023-02-26 00:46:59","Bought","0x2c6fe9cbcce9572ba07b948e91baca969b8badfa","BoredApeYachtClub","3205","721","1","68.3417 ETH ($112,180.85)","Blur"
"0xc4413f71f153f85915d36c9cf4fdb153e2c25be11cc352bf5f2d2b1103824171","16709599","1677380435","2023-02-26 03:00:35","Bought","0x9380009a35d63246eee35efcf139e6610fe77ed3","BoredApeYachtClub","554","721","1","68 ETH ($111,619.96)","Blur"
"0xb5b550c84a8fbc0aa2e69e511da2db49e490046ff0f769489e03adc10d2d5827","16709993","1677385247","2023-02-26 04:20:47","Bought","0x78988e7f14d3f3d4c6ae55ece8433b4cdc87baf5","BoredApeYachtClub","8378","721","1","68.2 ETH ($111,948.25)","Blur"
"0x5fe0ea04195a0ed0c3b8948c6daf2d20d54958cc5fa0a45ed9d3b0461b9e596a","16710270","1677388571","2023-02-26 05:16:11","Bought","0x9c08d8590458fe6a8e41d129639a3ab5e9600433","BoredApeYachtClub","5245","721","1","67.37 Blur Pool ($110,585.83)","Blur"
"0x08fab91c8ab449610b8173840fa5eb84e04d146cbc914c60d7acb3e54547c4e1","16710404","1677390191","2023-02-26 05:43:11","Bought","0x6dc54e5eb422874585fb55c7845fddd136929f76","BoredApeYachtClub","9483","721","1","67.37 Blur Pool ($110,585.83)","Blur"
"0xe3b079fb65b05e09e015d42f2fa79efddad7c6b3ccc09834771426ccdbfed03d","16710405","1677390203","2023-02-26 05:43:23","Bought","0xa490359fffabfad1c92b3a42b46a97a3ac747349","BoredApeYachtClub","3329","721","1","68.28 ETH ($112,079.57)","Blur"
"0xb466da8fe3d20dd8248fb57099c86ef6405a8d516c3a613a5ddf6a4b957152b1","16710412","1677390287","2023-02-26 05:44:47","Bought","0x892b8367c3324d040225de143a13378a0f14c5a8","BoredApeYachtClub","7331","721","1","69 ETH ($113,261.43)","OpenSea"
"0x69de6d9ca59380828f09ea6665bb3aeb75387fe104f2fcda8f3b81eac71f36e9","16710701","1677393803","2023-02-26 06:43:23","Bought","0x9273eb21bc9854d0e06432b5b8c7634ba824ae49","BoredApeYachtClub","7902","721","1","87 WETH ($142,807.89)","OpenSea"
"0xd9f9abf33b1aebc9617040e8d3e2078852cab4744b981957590dfb7ffcdbc231","16711440","1677402755","2023-02-26 09:12:35","Bought","0xed2ab4948ba6a909a7751dec4f34f303eb8c7236","BoredApeYachtClub","1325","721","1","68.28 ETH ($112,079.57)","Blur"
"0xd9f9abf33b1aebc9617040e8d3e2078852cab4744b981957590dfb7ffcdbc231","16711440","1677402755","2023-02-26 09:12:35","Bought","0xed2ab4948ba6a909a7751dec4f34f303eb8c7236","BoredApeYachtClub","3102","721","1","68.3417 ETH ($112,180.85)","Blur"
"0xd9f9abf33b1aebc9617040e8d3e2078852cab4744b981957590dfb7ffcdbc231","16711440","1677402755","2023-02-26 09:12:35","Bought","0xed2ab4948ba6a909a7751dec4f34f303eb8c7236","BoredApeYachtClub","4429","721","1","68.3417 ETH ($112,180.85)","Blur"
"0xd9f9abf33b1aebc9617040e8d3e2078852cab4744b981957590dfb7ffcdbc231","16711440","1677402755","2023-02-26 09:12:35","Bought","0xed2ab4948ba6a909a7751dec4f34f303eb8c7236","BoredApeYachtClub","4560","721","1","68.3417 ETH ($112,180.85)","Blur"
"0xd9f9abf33b1aebc9617040e8d3e2078852cab4744b981957590dfb7ffcdbc231","16711440","1677402755","2023-02-26 09:12:35","Bought","0xed2ab4948ba6a909a7751dec4f34f303eb8c7236","BoredApeYachtClub","731","721","1","68.27 ETH ($112,063.16)","Blur"
"0xd9f9abf33b1aebc9617040e8d3e2078852cab4744b981957590dfb7ffcdbc231","16711440","1677402755","2023-02-26 09:12:35","Bought","0xed2ab4948ba6a909a7751dec4f34f303eb8c7236","BoredApeYachtClub","8068","721","1","68.99 ETH ($113,245.02)","Blur"
"0xd9f9abf33b1aebc9617040e8d3e2078852cab4744b981957590dfb7ffcdbc231","16711440","1677402755","2023-02-26 09:12:35","Bought","0xed2ab4948ba6a909a7751dec4f34f303eb8c7236","BoredApeYachtClub","9425","721","1","68.3417 ETH ($112,180.85)","Blur"
"0xd9f9abf33b1aebc9617040e8d3e2078852cab4744b981957590dfb7ffcdbc231","16711440","1677402755","2023-02-26 09:12:35","Bought","0xed2ab4948ba6a909a7751dec4f34f303eb8c7236","BoredApeYachtClub","9879","721","1","68.3417 ETH ($112,180.85)","Blur"
"0xd9f9abf33b1aebc9617040e8d3e2078852cab4744b981957590dfb7ffcdbc231","16711440","1677402755","2023-02-26 09:12:35","Bought","0xed2ab4948ba6a909a7751dec4f34f303eb8c7236","BoredApeYachtClub","9982","721","1","68.28 ETH ($112,079.57)","Blur"
"0x3b356aa1e35bf27b3e35abc95b729f37b28f40a851cf11123d0c34b35f6a2ddb","16711458","1677402971","2023-02-26 09:16:11","Bought","0xed2ab4948ba6a909a7751dec4f34f303eb8c7236","BoredApeYachtClub","4268","721","1","69.69 ETH ($114,394.04)","Blur"
"0x3b356aa1e35bf27b3e35abc95b729f37b28f40a851cf11123d0c34b35f6a2ddb","16711458","1677402971","2023-02-26 09:16:11","Bought","0xed2ab4948ba6a909a7751dec4f34f303eb8c7236","BoredApeYachtClub","633","721","1","69 ETH ($113,261.43)","Blur"
"0x182a716376d78f78b34e0ffaa9746968a8803a824f972483f5bed4a572729cfc","16711474","1677403175","2023-02-26 09:19:35","Bought","0xed2ab4948ba6a909a7751dec4f34f303eb8c7236","BoredApeYachtClub","4421","721","1","70 ETH ($114,902.90)","Blur"
"0x182a716376d78f78b34e0ffaa9746968a8803a824f972483f5bed4a572729cfc","16711474","1677403175","2023-02-26 09:19:35","Bought","0xed2ab4948ba6a909a7751dec4f34f303eb8c7236","BoredApeYachtClub","5623","721","1","69.9 ETH ($114,738.75)","Blur"
"0x182a716376d78f78b34e0ffaa9746968a8803a824f972483f5bed4a572729cfc","16711474","1677403175","2023-02-26 09:19:35","Bought","0xed2ab4948ba6a909a7751dec4f34f303eb8c7236","BoredApeYachtClub","5955","721","1","70.19 ETH ($115,214.78)","Blur"
"0xf1877ae321b3e9dbf871d4f026df434fe12fc1ad3f64ce61e97789bc2e33ad07","16711547","1677404051","2023-02-26 09:34:11","Bought","0xed2ab4948ba6a909a7751dec4f34f303eb8c7236","BoredApeYachtClub","5917","721","1","137.030166 WETH ($224,930.91)","OpenSea"
"0xd6a114a2c551909c646093b9702f1161b71f23f89ca426b7ef2b09b93a164505","16711565","1677404267","2023-02-26 09:37:47","Bought","0x728b3de78c3bd3e9c970524ca6aae1f8d6a61996","BoredApeYachtClub","3402","721","1","71 ETH ($116,544.37)","Blur"
"0x6ec1380fa1b53634f1863795832498fd9cf443b63d893511aabe271bc35ec1a4","16711567","1677404291","2023-02-26 09:38:11","Bought","0xf89dc311f1e0ce66e6417c76db27c2cfdefd623e","BoredApeYachtClub","2045","721","1","71 ETH ($116,544.37)","Blur"
"0xc42dff0313b1a9e0e525d74a997dfc8556c5731d9354e8403907e4b5ea85b9cc","16711762","1677406631","2023-02-26 10:17:11","Bought","0xea4dea9c2cd76d97780ff062c7a0a3bcd388aff1","BoredApeYachtClub","5245","721","1","69.9 Blur Pool ($114,738.75)","Blur"
"0xa8c05a813dd532e7561fdda5a0feb99b1f83779e20c48b382cdd85d63d3b5d08","16711926","1677408623","2023-02-26 10:50:23","Bought","0xed2ab4948ba6a909a7751dec4f34f303eb8c7236","BoredApeYachtClub","2457","721","1","71 ETH ($116,544.37)","X2Y2"
"0x21af4340edd61c7b8f35292dce58ab3cee4a9befc7593e130a49c5de883cf3a3","16711986","1677409343","2023-02-26 11:02:23","Bought","0xed2ab4948ba6a909a7751dec4f34f303eb8c7236","BoredApeYachtClub","2045","721","1","71.9 ETH ($118,021.69)","Blur"
"0x21af4340edd61c7b8f35292dce58ab3cee4a9befc7593e130a49c5de883cf3a3","16711986","1677409343","2023-02-26 11:02:23","Bought","0xed2ab4948ba6a909a7751dec4f34f303eb8c7236","BoredApeYachtClub","4165","721","1","71.95 ETH ($118,103.77)","Blur"
"0x21af4340edd61c7b8f35292dce58ab3cee4a9befc7593e130a49c5de883cf3a3","16711986","1677409343","2023-02-26 11:02:23","Bought","0xed2ab4948ba6a909a7751dec4f34f303eb8c7236","BoredApeYachtClub","5245","721","1","71.95 ETH ($118,103.77)","Blur"
"0x21af4340edd61c7b8f35292dce58ab3cee4a9befc7593e130a49c5de883cf3a3","16711986","1677409343","2023-02-26 11:02:23","Bought","0xed2ab4948ba6a909a7751dec4f34f303eb8c7236","BoredApeYachtClub","6280","721","1","72 ETH ($118,185.84)","Blur"
"0x152050c44cb2c326016710686728eff5e9a63721789ead410e89cf29f3e059ae","16711988","1677409367","2023-02-26 11:02:47","Bought","0x728b3de78c3bd3e9c970524ca6aae1f8d6a61996","BoredApeYachtClub","4519","721","1","72.49 ETH ($118,990.16)","Blur"
"0x44c1fd2149c4e53291d9f0a79ce91dc0794d0333cffd5dd4e38b3001af3182d4","16711995","1677409451","2023-02-26 11:04:11","Bought","0xed2ab4948ba6a909a7751dec4f34f303eb8c7236","BoredApeYachtClub","2605","721","1","74.3719 ETH ($122,079.24)","Blur"
"0x44c1fd2149c4e53291d9f0a79ce91dc0794d0333cffd5dd4e38b3001af3182d4","16711995","1677409451","2023-02-26 11:04:11","Bought","0xed2ab4948ba6a909a7751dec4f34f303eb8c7236","BoredApeYachtClub","3949","721","1","72.69 ETH ($119,318.45)","Blur"
"0x846a380185cfa8fe2c525ae3d2f07865572b5fb38f4771a704cb1e8b7dfbfa86","16712014","1677409679","2023-02-26 11:07:59","Bought","0x3cac6990065c5ac861d77f923e95dc8cdd3a1412","BoredApeYachtClub","1353","721","1","75 ETH ($123,110.25)","OpenSea"
"0x2833a962f6bea0d7d2bf8077b3f845d291804486cc5ca7df1b7b717be799fed4","16712891","1677420335","2023-02-26 14:05:35","Bought","0xd5ee00b7babd9374d32159cd7cd82bb99ef831fd","BoredApeYachtClub","9483","721","1","72.69 ETH ($119,318.45)","Blur"
"0xb2b9754f3e77f37b8fbbb846299f9119d97558e454bf1a9bcd8223dbdc524640","16713221","1677424355","2023-02-26 15:12:35","Bought","0x65249532663d15a76007688a8bfa1b109973ad41","BoredApeYachtClub","4817","721","1","73.75 ETH ($121,058.41)","Blur"
"0x54a4317732d75e9196d8b90b06006d181af61728fc3e2c070b826123ac87e31d","16713553","1677428423","2023-02-26 16:20:23","Bought","0xed2ab4948ba6a909a7751dec4f34f303eb8c7236","BoredApeYachtClub","7440","721","1","72.99 ETH ($119,810.90)","Blur"
"0x1b879190aa113835859e80b86f6901f56505cbda4bb34bac3837e33113c41572","16713684","1677430019","2023-02-26 16:46:59","Bought","0xed2ab4948ba6a909a7751dec4f34f303eb8c7236","BoredApeYachtClub","3772","721","1","73.5 ETH ($120,648.05)","Blur"
"0x5ed1b6f53ba0ac3c346b9b3890b8b7093cb01fb2916b7c99741c76e0ee42a7dc","16713959","1677433355","2023-02-26 17:42:35","Bought","0x39fdd7ad9e0e8513c039fcd88829f7c0cbe974db","BoredApeYachtClub","9109","721","1","72.05 Blur Pool ($118,267.91)","Blur"
"0x18f45ebe50d26da831c0a6d111e14facd167dc2cad127b1f685d6eb60b23aa08","16714526","1677440195","2023-02-26 19:36:35","Bought","0x594c6ed60fa2471de8757b34b116d68b68824017","BoredApeYachtClub","4847","721","1","72.24 Blur Pool ($118,579.79)","Blur"
"0x18f45ebe50d26da831c0a6d111e14facd167dc2cad127b1f685d6eb60b23aa08","16714526","1677440195","2023-02-26 19:36:35","Bought","0x594c6ed60fa2471de8757b34b116d68b68824017","BoredApeYachtClub","9074","721","1","72.24 Blur Pool ($118,579.79)","Blur"
"0x13bcfd9ce5f7dbda25ba0d9db81ac2aaea94a67a048de48061d26dcc2430bbaa","16714580","1677440843","2023-02-26 19:47:23","Bought","0x571123c9cf8cf7f4dc1a8d4e4287044b1557d489","BoredApeYachtClub","9074","721","1","73.65 ETH ($120,894.27)","Blur"
"0x96deb12e4488bcfc3570038459d7c1e76a3b8032f3e445d37e2ff08a978fa277","16714782","1677443279","2023-02-26 20:27:59","Bought","0x594c6ed60fa2471de8757b34b116d68b68824017","BoredApeYachtClub","6671","721","1","72.71 Blur Pool ($119,351.28)","Blur"
"0x522cddc75b56127db1b0bdbebc03cc965267fa53556af5c92edc20d63b1dd626","16714821","1677443759","2023-02-26 20:35:59","Bought","0x594c6ed60fa2471de8757b34b116d68b68824017","BoredApeYachtClub","4534","721","1","72.75 Blur Pool ($119,416.94)","Blur"
"0x2588ff5badf7e7be7419282339600541e99e4b07ce62a3e22cb3b9a45b247d9c","16714879","1677444455","2023-02-26 20:47:35","Bought","0x7ad6397e2231c9318602e650b32b3deaaf76da7f","BoredApeYachtClub","4003","721","1","72.76 Blur Pool ($119,433.36)","Blur"
"0xd954b3eaab5b3a8fa3425b92f663924add21b1810a5c97f4d1d74e8c87b23d38","16714881","1677444479","2023-02-26 20:47:59","Bought","0x571123c9cf8cf7f4dc1a8d4e4287044b1557d489","BoredApeYachtClub","9074","721","1","72.76 Blur Pool ($119,433.36)","Blur"
"0xacee8f5eccb86fe951d8de9619f062d5a9f8afaefd2657c25e659f93ce71cf45","16715092","1677447047","2023-02-26 21:30:47","Bought","0xf89dc311f1e0ce66e6417c76db27c2cfdefd623e","BoredApeYachtClub","6671","721","1","72.79 Blur Pool ($119,482.60)","Blur"
"0x2734042283235396d651510bfb86faa85f6b645e9303e4ab0ae7d30ac02ce76d","16715586","1677453035","2023-02-26 23:10:35","Bought","0xed2ab4948ba6a909a7751dec4f34f303eb8c7236","BoredApeYachtClub","2045","721","1","72.82 Blur Pool ($119,531.85)","Blur"
"0xf81bf427052d1f4bcc61e664e2c7f73dad6a8fc83463e19b6cdaa4e85ca81f0d","16715659","1677453911","2023-02-26 23:25:11","Bought","0x1b9921b6614b001144c11f8ca8bbd1b307d59562","BoredApeYachtClub","1495","721","1","72.81 Blur Pool ($119,515.43)","Blur"
"0x1f4819c5dbb41a09a6454779bc34014d510ce14393f9abcd7062362aca2989ef","16715674","1677454103","2023-02-26 23:28:23","Bought","0x63b1b55d056d84c2f252822c1646765c513beda7","BoredApeYachtClub","5101","721","1","72.81 Blur Pool ($119,515.43)","Blur"
"0x408fc81cf8d375679c89ada2f81ad92a5fbae3351de555e1742680b541fe60a5","16715678","1677454151","2023-02-26 23:29:11","Bought","0x728b3de78c3bd3e9c970524ca6aae1f8d6a61996","BoredApeYachtClub","3402","721","1","72.81 Blur Pool ($119,515.43)","Blur"
"0xd17aac2e79edcf94935833dccb239a7eea64d2b5dacc1cb967769bc134a53a3c","16715703","1677454451","2023-02-26 23:34:11","Bought","0x728b3de78c3bd3e9c970524ca6aae1f8d6a61996","BoredApeYachtClub","4519","721","1","72.78 Blur Pool ($119,466.19)","Blur"
"0xcd6c360574208fc70e5375ae49b64992e1b8996f69fd7c71248c144cd5e17c93","16715722","1677454679","2023-02-26 23:37:59","Bought","0x2244deba8c0e788a60b30b805ff970e082bdbc5a","BoredApeYachtClub","1524","721","1","72.78 Blur Pool ($119,466.19)","Blur"
"0x0892cf5155e91de2b6efc44e1ea5f21afc97fb1969ba6703ae2e21855ae73bf0","16715779","1677455399","2023-02-26 23:49:59","Bought","0x1bf16abda9cb3fe5bb3ac68cce47ccea16bdf6b4","BoredApeYachtClub","9109","721","1","72.78 Blur Pool ($119,466.19)","Blur"
"0x95fe9b46496f85f3d8c74c873940e0696ef3725b41277169446b991bf4e69b7e","16715810","1677455771","2023-02-26 23:56:11","Bought","0x77e3e957082ca648c1c5b0f3e6aec00ab1245186","BoredApeYachtClub","4847","721","1","72.78 Blur Pool ($119,466.19)","Blur"
"0x95fe9b46496f85f3d8c74c873940e0696ef3725b41277169446b991bf4e69b7e","16715810","1677455771","2023-02-26 23:56:11","Bought","0x77e3e957082ca648c1c5b0f3e6aec00ab1245186","BoredApeYachtClub","9074","721","1","72.78 Blur Pool ($119,466.19)","Blur"
"0x6588bd5840a129a70e6ea4fd8da855e5a6364c54032f2f59bf7c60b9383cb48c","16715885","1677456695","2023-02-27 00:11:35","Bought","0xd5b8bbc8d67172d2e7ffbb4890411ab5e0211554","BoredApeYachtClub","2974","721","1","72.78 Blur Pool ($118,882.49)","Blur"
"0x31e2a3a620107e3a385789f803e689acd2f5c3cf0605b4020a50efff1ef2a573","16715942","1677457379","2023-02-27 00:22:59","Bought","0x515a6c0e816f1096a5eaaf2b0516b9738c137c8c","BoredApeYachtClub","2045","721","1","72.76 Blur Pool ($118,849.82)","Blur"
"0xb29ab02780ecc5e5b7729754f4bf4f580f33fe9248ce033de98ad22efb2cf901","16715960","1677457595","2023-02-27 00:26:35","Bought","0xfaf9f55e72d088f68cc01b2ff505abc11f6597b9","BoredApeYachtClub","1495","721","1","72.72 Blur Pool ($118,784.48)","Blur"
"0x0f48f47e225b7bc24a376bd3f76485df7d4e680f077346584fddd853935061e2","16716188","1677460367","2023-02-27 01:12:47","Bought","0xed2ab4948ba6a909a7751dec4f34f303eb8c7236","BoredApeYachtClub","5914","721","1","72.14 Blur Pool ($117,837.08)","Blur"
"0x20059e349394781160f952cb7a67aad33132a76ddfa12ec7fe0d8d6ca33a9f78","16716192","1677460415","2023-02-27 01:13:35","Bought","0xed2ab4948ba6a909a7751dec4f34f303eb8c7236","BoredApeYachtClub","4675","721","1","71.51 Blur Pool ($116,808.01)","Blur"
"0x20059e349394781160f952cb7a67aad33132a76ddfa12ec7fe0d8d6ca33a9f78","16716192","1677460415","2023-02-27 01:13:35","Bought","0xed2ab4948ba6a909a7751dec4f34f303eb8c7236","BoredApeYachtClub","7440","721","1","71.5 Blur Pool ($116,791.68)","Blur"
"0x20059e349394781160f952cb7a67aad33132a76ddfa12ec7fe0d8d6ca33a9f78","16716192","1677460415","2023-02-27 01:13:35","Bought","0xed2ab4948ba6a909a7751dec4f34f303eb8c7236","BoredApeYachtClub","6966","721","1","71.5 Blur Pool ($116,791.68)","Blur"
"0x7d28fdb30142fc4cb78414467ceefeac729ddabd7b57ef9e599273c3768f1622","16716195","1677460451","2023-02-27 01:14:11","Bought","0xed2ab4948ba6a909a7751dec4f34f303eb8c7236","BoredApeYachtClub","7350","721","1","71.5 Blur Pool ($116,791.68)","Blur"
"0x074561d10e030738cce8f35e2c1565411bfe6bf6d8181410f9d748b7751adf0d","16716312","1677461879","2023-02-27 01:37:59","Bought","0xb9818a4ccb133974cdde0bc26c72d1e097b6a68b","BoredApeYachtClub","7114","721","1","114.95 ETH ($187,765.08)","OpenSea"
"0xb459d59c82dd840f336042768b2511501c747a07691cb28b029683ba246d137a","16716330","1677462095","2023-02-27 01:41:35","Bought","0x571123c9cf8cf7f4dc1a8d4e4287044b1557d489","BoredApeYachtClub","3747","721","1","69 ETH ($112,708.05)","OpenSea"
"0x338a974a6349d35f13895e67941e6bd469573fd74b6c2dc099313885874963db","16716687","1677466427","2023-02-27 02:53:47","Bought","0x9a8084819c6673e087b1529e3d8a2eced8794394","BoredApeYachtClub","3747","721","1","70.8 Blur Pool ($115,648.26)","Blur"
"0xd080704f02780be66e5c23ea65abc029563af501c35b6ee8eedf5f0dfc5e6adf","16716712","1677466727","2023-02-27 02:58:47","Bought","0xb3a01b87ef2641f74671fc198ff31960ff54caa3","BoredApeYachtClub","1495","721","1","70.75 Blur Pool ($115,566.59)","Blur"
"0xbbb7e0e5ea73a9cdd06af875c7c64b90e5c6decda34a8697597a68ed63a20cc9","16716717","1677466787","2023-02-27 02:59:47","Bought","0xed2ab4948ba6a909a7751dec4f34f303eb8c7236","BoredApeYachtClub","9879","721","1","70.52 Blur Pool ($115,190.89)","Blur"
"0xbbb7e0e5ea73a9cdd06af875c7c64b90e5c6decda34a8697597a68ed63a20cc9","16716717","1677466787","2023-02-27 02:59:47","Bought","0xed2ab4948ba6a909a7751dec4f34f303eb8c7236","BoredApeYachtClub","5623","721","1","70.32 Blur Pool ($114,864.20)","Blur"
"0x61014a933c2b8a1f95f6836166a9695622a713728cfb15804acb038a54ae72de","16716770","1677467423","2023-02-27 03:10:23","Bought","0x4d41baacfd4e2632f8f562193e94c0960e7da549","BoredApeYachtClub","9760","721","1","140.14875 WETH ($228,925.98)","OpenSea"
"0xb24c58a6ba660130513f78c20e8086a9f9ae573436d20677fae87160860ff1c7","16716884","1677468827","2023-02-27 03:33:47","Bought","0xed2ab4948ba6a909a7751dec4f34f303eb8c7236","BoredApeYachtClub","603","721","1","69 ETH ($112,708.05)","X2Y2"
"0x60758abacc449e78f05f84741819688187258ef03c7927b48e1398f27be81e1c","16717046","1677470783","2023-02-27 04:06:23","Bought","0x020ca66c30bec2c4fe3861a94e4db4a498a35872","BoredApeYachtClub","7350","721","1","68.92 Blur Pool ($112,577.37)","Blur"
"0x60758abacc449e78f05f84741819688187258ef03c7927b48e1398f27be81e1c","16717046","1677470783","2023-02-27 04:06:23","Bought","0x020ca66c30bec2c4fe3861a94e4db4a498a35872","BoredApeYachtClub","4675","721","1","68.9 Blur Pool ($112,544.71)","Blur"
"0x60758abacc449e78f05f84741819688187258ef03c7927b48e1398f27be81e1c","16717046","1677470783","2023-02-27 04:06:23","Bought","0x020ca66c30bec2c4fe3861a94e4db4a498a35872","BoredApeYachtClub","5914","721","1","68.81 Blur Pool ($112,397.69)","Blur"
"0x60758abacc449e78f05f84741819688187258ef03c7927b48e1398f27be81e1c","16717046","1677470783","2023-02-27 04:06:23","Bought","0x020ca66c30bec2c4fe3861a94e4db4a498a35872","BoredApeYachtClub","2045","721","1","68.81 Blur Pool ($112,397.69)","Blur"
"0x60758abacc449e78f05f84741819688187258ef03c7927b48e1398f27be81e1c","16717046","1677470783","2023-02-27 04:06:23","Bought","0x020ca66c30bec2c4fe3861a94e4db4a498a35872","BoredApeYachtClub","4847","721","1","68.8 Blur Pool ($112,381.36)","Blur"
"0x60758abacc449e78f05f84741819688187258ef03c7927b48e1398f27be81e1c","16717046","1677470783","2023-02-27 04:06:23","Bought","0x020ca66c30bec2c4fe3861a94e4db4a498a35872","BoredApeYachtClub","1524","721","1","68.65 Blur Pool ($112,136.34)","Blur"
"0x7a16c1eb1c5035ff68af588c4399dce2a7115dec5aa03ebaa10a2235cc0cdd8e","16717049","1677470819","2023-02-27 04:06:59","Bought","0x020ca66c30bec2c4fe3861a94e4db4a498a35872","BoredApeYachtClub","4003","721","1","68.65 Blur Pool ($112,136.34)","Blur"
"0x7f4ceedab9c8fe7a9ff1c90256bae80f0cc4f78dd763a766ff3521086837ee0f","16717058","1677470927","2023-02-27 04:08:47","Bought","0x020ca66c30bec2c4fe3861a94e4db4a498a35872","BoredApeYachtClub","7440","721","1","68.51 Blur Pool ($111,907.66)","Blur"
"0xd619860f35c9c7e481f71883389fb4a6601e0c647955d4667e893d68ce790d3e","16717235","1677473087","2023-02-27 04:44:47","Bought","0xed2ab4948ba6a909a7751dec4f34f303eb8c7236","BoredApeYachtClub","5955","721","1","68.51 Blur Pool ($111,907.66)","Blur"
"0xd619860f35c9c7e481f71883389fb4a6601e0c647955d4667e893d68ce790d3e","16717235","1677473087","2023-02-27 04:44:47","Bought","0xed2ab4948ba6a909a7751dec4f34f303eb8c7236","BoredApeYachtClub","8345","721","1","68.36 Blur Pool ($111,662.64)","Blur"
"0xd619860f35c9c7e481f71883389fb4a6601e0c647955d4667e893d68ce790d3e","16717235","1677473087","2023-02-27 04:44:47","Bought","0xed2ab4948ba6a909a7751dec4f34f303eb8c7236","BoredApeYachtClub","3949","721","1","68.36 Blur Pool ($111,662.64)","Blur"
"0xd619860f35c9c7e481f71883389fb4a6601e0c647955d4667e893d68ce790d3e","16717235","1677473087","2023-02-27 04:44:47","Bought","0xed2ab4948ba6a909a7751dec4f34f303eb8c7236","BoredApeYachtClub","2457","721","1","68.35 Blur Pool ($111,646.31)","Blur"
"0xd970a33e2447c99190cc973356ca1976c1e18795a39bbc941f435fdde2cbbd81","16717239","1677473147","2023-02-27 04:45:47","Bought","0xed2ab4948ba6a909a7751dec4f34f303eb8c7236","BoredApeYachtClub","603","721","1","68.31 Blur Pool ($111,580.97)","Blur"
"0xa90295c85c8c5d65054f5c30eefaefae2ef28b3413d733ef7898f180019c7767","16717243","1677473195","2023-02-27 04:46:35","Bought","0xed2ab4948ba6a909a7751dec4f34f303eb8c7236","BoredApeYachtClub","9514","721","1","68.3 Blur Pool ($111,564.64)","Blur"
"0x8ea302403a605964828e4089ffb35770fd9b7fbae3118bff6f21e65751fd7a30","16717347","1677474443","2023-02-27 05:07:23","Bought","0xfaf9f55e72d088f68cc01b2ff505abc11f6597b9","BoredApeYachtClub","2045","721","1","68.3 Blur Pool ($111,564.64)","Blur"
"0x69d951d482ae4335e754eb7adc42676790963a24b9a67e6a6542f84d0af8be8b","16717361","1677474611","2023-02-27 05:10:11","Bought","0xce429156fd7a69ee9c5ebdbaad7428c42823afec","BoredApeYachtClub","7440","721","1","68.29 Blur Pool ($111,548.30)","Blur"
"0xef20e663be492c3a721fe564ab957a902aef3d52fd9b4796b1f8a10fb98a8ae2","16717364","1677474647","2023-02-27 05:10:47","Bought","0xb70c67d6da9db6ffe565c20339e18edb69140cb8","BoredApeYachtClub","5914","721","1","68.28 Blur Pool ($111,531.97)","Blur"
"0xc2e589492c10d51ecb0762ac6b9e9d3027ae9c670aa0ccf6ad0ae9da0e01e2f4","16717538","1677476747","2023-02-27 05:45:47","Bought","0x9fa09b6bc07bf4a70357072134130be3d9a4dbcc","BoredApeYachtClub","8990","721","1","68.28 Blur Pool ($111,531.97)","Blur"
"0x3d386b9e7d1e848373a0601f4f2ac1bd02dbbc0e4075bb4b5d9e3f2e41b2f60e","16717556","1677476963","2023-02-27 05:49:23","Bought","0x774bb9306df1cd921eb842b1388c78f75e6ef79f","BoredApeYachtClub","8345","721","1","69.5 ETH ($113,524.78)","Blur"
"0xe59257e354b541cb40c7d281e8acc23210813b5f0442a18e8239860de463d50b","16717619","1677477731","2023-02-27 06:02:11","Bought","0x493a401122d858324517c5ec95145dc970c2c363","BoredApeYachtClub","4847","721","1","69.5 ETH ($113,524.78)","Blur"
"0x507482d96a140241c6d63b1fd90a67c6a33eb6d8361d85344189bc59a9b08bb0","16717638","1677477959","2023-02-27 06:05:59","Bought","0xe72d4a09f4dad0db25fb0d8afafc4acffce1cd07","BoredApeYachtClub","1198","721","1","122,300 USDC ","OpenSea"
"0x3b33562a1d7f544d9b1fb91a509d493788fa702efe1a41330246be3d6951122b","16718058","1677483023","2023-02-27 07:30:23","Bought","0x020ca66c30bec2c4fe3861a94e4db4a498a35872","BoredApeYachtClub","7440","721","1","68.61 Blur Pool ($112,071.00)","Blur"
"0x3b33562a1d7f544d9b1fb91a509d493788fa702efe1a41330246be3d6951122b","16718058","1677483023","2023-02-27 07:30:23","Bought","0x020ca66c30bec2c4fe3861a94e4db4a498a35872","BoredApeYachtClub","9514","721","1","68.61 Blur Pool ($112,071.00)","Blur"
"0x4fb2210ad4941c18370dd7e774dfa233e2232ae636811d50e5ddc81b75e37dc9","16718242","1677485279","2023-02-27 08:07:59","Bought","0x020ca66c30bec2c4fe3861a94e4db4a498a35872","BoredApeYachtClub","2457","721","1","68.15 Blur Pool ($111,319.62)","Blur"
"0x4fb2210ad4941c18370dd7e774dfa233e2232ae636811d50e5ddc81b75e37dc9","16718242","1677485279","2023-02-27 08:07:59","Bought","0x020ca66c30bec2c4fe3861a94e4db4a498a35872","BoredApeYachtClub","3949","721","1","68.15 Blur Pool ($111,319.62)","Blur"
"0x67d3c46899914177561f839eef96235df54f5d01c531cabfee2b09008af4ed90","16718247","1677485339","2023-02-27 08:08:59","Bought","0x020ca66c30bec2c4fe3861a94e4db4a498a35872","BoredApeYachtClub","5955","721","1","68.14 Blur Pool ($111,303.28)","Blur"
"0x1c10e528f95494408a90d371236801f5d9ab2422421388747999d3f9411059c8","16718419","1677487403","2023-02-27 08:43:23","Bought","0x515a6c0e816f1096a5eaaf2b0516b9738c137c8c","BoredApeYachtClub","8990","721","1","68.15 Blur Pool ($111,319.62)","Blur"
"0xc520b08f845902b50795992ea90e8fd4a1248401a48382e0761b827bc7b7437d","16718593","1677489515","2023-02-27 09:18:35","Bought","0x0273b3440386d8d01d33e75d662122d710907ba4","BoredApeYachtClub","5955","721","1","68.3 Blur Pool ($111,564.64)","Blur"
"0x6859c63ed1a795e8dacd38ab9cc393dff8e98ba55c0d1c150e716d2322b642a4","16719022","1677494735","2023-02-27 10:45:35","Bought","0x020ca66c30bec2c4fe3861a94e4db4a498a35872","BoredApeYachtClub","8990","721","1","68.14 Blur Pool ($111,303.28)","Blur"
"0xa97bc60538db50b6b7921e71bd55d390f922026efcdbfbf7e1578e1f8473afe4","16719036","1677494903","2023-02-27 10:48:23","Bought","0x515a6c0e816f1096a5eaaf2b0516b9738c137c8c","BoredApeYachtClub","2457","721","1","68.14 Blur Pool ($111,303.28)","Blur"
"0xb568b042bb6615abc7973d9bd4114f36d5a2d1e1aaec9ce4cd2b7c4cb555de94","16719050","1677495071","2023-02-27 10:51:11","Bought","0xed2ab4948ba6a909a7751dec4f34f303eb8c7236","BoredApeYachtClub","3244","721","1","68.13 Blur Pool ($111,286.95)","Blur"
"0xb568b042bb6615abc7973d9bd4114f36d5a2d1e1aaec9ce4cd2b7c4cb555de94","16719050","1677495071","2023-02-27 10:51:11","Bought","0xed2ab4948ba6a909a7751dec4f34f303eb8c7236","BoredApeYachtClub","4289","721","1","68.11 Blur Pool ($111,254.28)","Blur"
"0xb568b042bb6615abc7973d9bd4114f36d5a2d1e1aaec9ce4cd2b7c4cb555de94","16719050","1677495071","2023-02-27 10:51:11","Bought","0xed2ab4948ba6a909a7751dec4f34f303eb8c7236","BoredApeYachtClub","4675","721","1","68.11 Blur Pool ($111,254.28)","Blur"
"0xb568b042bb6615abc7973d9bd4114f36d5a2d1e1aaec9ce4cd2b7c4cb555de94","16719050","1677495071","2023-02-27 10:51:11","Bought","0xed2ab4948ba6a909a7751dec4f34f303eb8c7236","BoredApeYachtClub","6280","721","1","68.1 Blur Pool ($111,237.95)","Blur"
"0xc2e8a2dfc6b7a9df5878bc44764fe7a475ce410b4ff7de2441c00fb2de972dac","16719371","1677499007","2023-02-27 11:56:47","Bought","0x020ca66c30bec2c4fe3861a94e4db4a498a35872","BoredApeYachtClub","2457","721","1","68.08 Blur Pool ($111,205.28)","Blur"
"0x27fe5d494d70917af8bde9faf85a5b0408c2a998a72cb9d9099e1233bd133700","16719385","1677499187","2023-02-27 11:59:47","Bought","0xed2ab4948ba6a909a7751dec4f34f303eb8c7236","BoredApeYachtClub","3041","721","1","68.09 Blur Pool ($111,221.61)","Blur"
"0x27fe5d494d70917af8bde9faf85a5b0408c2a998a72cb9d9099e1233bd133700","16719385","1677499187","2023-02-27 11:59:47","Bought","0xed2ab4948ba6a909a7751dec4f34f303eb8c7236","BoredApeYachtClub","3747","721","1","68.08 Blur Pool ($111,205.28)","Blur"
"0x27fe5d494d70917af8bde9faf85a5b0408c2a998a72cb9d9099e1233bd133700","16719385","1677499187","2023-02-27 11:59:47","Bought","0xed2ab4948ba6a909a7751dec4f34f303eb8c7236","BoredApeYachtClub","465","721","1","68.05 Blur Pool ($111,156.27)","Blur"
"0x27fe5d494d70917af8bde9faf85a5b0408c2a998a72cb9d9099e1233bd133700","16719385","1677499187","2023-02-27 11:59:47","Bought","0xed2ab4948ba6a909a7751dec4f34f303eb8c7236","BoredApeYachtClub","5411","721","1","68.02 Blur Pool ($111,107.27)","Blur"
"0x27fe5d494d70917af8bde9faf85a5b0408c2a998a72cb9d9099e1233bd133700","16719385","1677499187","2023-02-27 11:59:47","Bought","0xed2ab4948ba6a909a7751dec4f34f303eb8c7236","BoredApeYachtClub","633","721","1","68.02 Blur Pool ($111,107.27)","Blur"
"0x27fe5d494d70917af8bde9faf85a5b0408c2a998a72cb9d9099e1233bd133700","16719385","1677499187","2023-02-27 11:59:47","Bought","0xed2ab4948ba6a909a7751dec4f34f303eb8c7236","BoredApeYachtClub","6774","721","1","68.02 Blur Pool ($111,107.27)","Blur"
"0x27fe5d494d70917af8bde9faf85a5b0408c2a998a72cb9d9099e1233bd133700","16719385","1677499187","2023-02-27 11:59:47","Bought","0xed2ab4948ba6a909a7751dec4f34f303eb8c7236","BoredApeYachtClub","8068","721","1","68 Blur Pool ($111,074.60)","Blur"
"0x0fda0b73209a5343c553b9ec004b7bc1007d3b10e924200de5acbc2976f09963","16719391","1677499259","2023-02-27 12:00:59","Bought","0x515a6c0e816f1096a5eaaf2b0516b9738c137c8c","BoredApeYachtClub","3949","721","1","68 Blur Pool ($111,074.60)","Blur"
"0xb84a40ecccbb0f598a872cbb559e3f664aad392ad646062860487e59b8e9e87e","16719392","1677499271","2023-02-27 12:01:11","Bought","0xed2ab4948ba6a909a7751dec4f34f303eb8c7236","BoredApeYachtClub","4560","721","1","67.5 Blur Pool ($110,257.88)","Blur"
"0x7fb6af9ba7432fa082b43dedd917b85f59857ceb083365b507ea01669344367d","16719395","1677499307","2023-02-27 12:01:47","Bought","0xed2ab4948ba6a909a7751dec4f34f303eb8c7236","BoredApeYachtClub","4268","721","1","67.5 Blur Pool ($110,257.88)","Blur"
"0x82b8f67788123ec08e9256c02e7559276e621bc4a8218c4c53020a4caf0f2145","16719395","1677499307","2023-02-27 12:01:47","Bought","0x515a6c0e816f1096a5eaaf2b0516b9738c137c8c","BoredApeYachtClub","603","721","1","67.5 Blur Pool ($110,257.88)","Blur"
"0x65a7243c7d914c670e47c90b924da08c5e05a856a5119a1edc6634a81c17920a","16719692","1677502883","2023-02-27 13:01:23","Bought","0x63e0605491bda6e4c1c37cf818a45b836faf46ee","BoredApeYachtClub","3949","721","1","67.14 Blur Pool ($109,669.83)","Blur"
"0xdb25f569ad418632cae7b5482be0950a13dfff10feaeadb0d319bf86b3368f25","16719697","1677502955","2023-02-27 13:02:35","Bought","0xa4fb0e1f6ad0a87a3ec2427ca3a944c42d19d1ca","BoredApeYachtClub","4560","721","1","67 Blur Pool ($109,441.15)","Blur"
"0xdb25f569ad418632cae7b5482be0950a13dfff10feaeadb0d319bf86b3368f25","16719697","1677502955","2023-02-27 13:02:35","Bought","0xa4fb0e1f6ad0a87a3ec2427ca3a944c42d19d1ca","BoredApeYachtClub","4268","721","1","67 Blur Pool ($109,441.15)","Blur"
"0x02eebcd9f3e3edbf17f56e1fd46a1a1402b9d5829b933c07678d2d464890dc06","16719904","1677505463","2023-02-27 13:44:23","Bought","0xed2ab4948ba6a909a7751dec4f34f303eb8c7236","BoredApeYachtClub","4289","721","1","66.23 Blur Pool ($108,183.39)","Blur"
"0x05edca036ba311b551690cbda929a64d562eef79db4caedf3fef122e6ca577a9","16719908","1677505511","2023-02-27 13:45:11","Bought","0xed2ab4948ba6a909a7751dec4f34f303eb8c7236","BoredApeYachtClub","8733","721","1","66.22 Blur Pool ($108,167.06)","Blur"
"0xd7d82b5249c517dca507e9481d474176740e73aae08fce700410841be5b7c948","16719935","1677505835","2023-02-27 13:50:35","Bought","0xed2ab4948ba6a909a7751dec4f34f303eb8c7236","BoredApeYachtClub","3102","721","1","66.09 Blur Pool ($107,954.71)","Blur"
"0xd7d82b5249c517dca507e9481d474176740e73aae08fce700410841be5b7c948","16719935","1677505835","2023-02-27 13:50:35","Bought","0xed2ab4948ba6a909a7751dec4f34f303eb8c7236","BoredApeYachtClub","2149","721","1","66.08 Blur Pool ($107,938.38)","Blur"
"0xd7d82b5249c517dca507e9481d474176740e73aae08fce700410841be5b7c948","16719935","1677505835","2023-02-27 13:50:35","Bought","0xed2ab4948ba6a909a7751dec4f34f303eb8c7236","BoredApeYachtClub","9086","721","1","66.06 Blur Pool ($107,905.71)","Blur"
"0x16b5a3d2e3f701a26557c03e7ef297dea14b5bd8f5cacb7e115844c26d12d3e1","16719958","1677506111","2023-02-27 13:55:11","Bought","0x020ca66c30bec2c4fe3861a94e4db4a498a35872","BoredApeYachtClub","3041","721","1","65.81 Blur Pool ($107,497.34)","Blur"
"0x900ae9efcfd94f1661da7d4decf593dd72ccf9fbe31b79137d9509feacfe1a8d","16719964","1677506183","2023-02-27 13:56:23","Bought","0x77e3e957082ca648c1c5b0f3e6aec00ab1245186","BoredApeYachtClub","2457","721","1","65.78 Blur Pool ($107,448.34)","Blur"
"0xfde65b5001d6de694be121b667db3e5ef85344ead5ba759c37f34e164a2444c7","16720037","1677507071","2023-02-27 14:11:11","Bought","0xf93a61e145157f5f70e1ec71fe2836497b12ef0e","BoredApeYachtClub","4534","721","1","65.77 Blur Pool ($107,432.01)","Blur"
"0xab12521f502a970399395a39adad9ea098bf2400a1eac26641354382caaab531","16720039","1677507095","2023-02-27 14:11:35","Bought","0xf93a61e145157f5f70e1ec71fe2836497b12ef0e","BoredApeYachtClub","603","721","1","67.69 ETH ($110,568.23)","Blur"
"0xb27b41a79782f1698e60003c89b7750b030ba34c07885fb4d270a8fd69e0210b","16720116","1677508019","2023-02-27 14:26:59","Bought","0x020ca66c30bec2c4fe3861a94e4db4a498a35872","BoredApeYachtClub","3949","721","1","65.71 Blur Pool ($107,334.00)","Blur"
"0x91fd47f0ed2f1c2e667995d95268b8e0e21e4d75fcec5a1e496771d7efd96de4","16720217","1677509231","2023-02-27 14:47:11","Bought","0x020ca66c30bec2c4fe3861a94e4db4a498a35872","BoredApeYachtClub","4289","721","1","66 Blur Pool ($107,807.70)","Blur"
"0x1ce213fb4a9cf46ef04cce57b545fea70427a0df769f4460e5b49b7e54fdc69a","16720238","1677509483","2023-02-27 14:51:23","Bought","0x020ca66c30bec2c4fe3861a94e4db4a498a35872","BoredApeYachtClub","3102","721","1","65.75 Blur Pool ($107,399.34)","Blur"
"0x24eade29150d999f26b2825a90622f3c954ea51a9ed7e6f5e4a3f6b4ed02826d","16720356","1677510899","2023-02-27 15:14:59","Bought","0x620f922aa9a5dac6fbfb1fcc95834fb5e7bbea66","BoredApeYachtClub","4534","721","1","67.5 ETH ($110,257.88)","Blur"
"0x124730f8f57591de7c152cae778210439dbfe0da670b6cd164bad902440641cb","16720507","1677512747","2023-02-27 15:45:47","Bought","0xed2ab4948ba6a909a7751dec4f34f303eb8c7236","BoredApeYachtClub","1522","721","1","66.52 Blur Pool ($108,657.09)","Blur"
"0x124730f8f57591de7c152cae778210439dbfe0da670b6cd164bad902440641cb","16720507","1677512747","2023-02-27 15:45:47","Bought","0xed2ab4948ba6a909a7751dec4f34f303eb8c7236","BoredApeYachtClub","4421","721","1","66.52 Blur Pool ($108,657.09)","Blur"
"0x124730f8f57591de7c152cae778210439dbfe0da670b6cd164bad902440641cb","16720507","1677512747","2023-02-27 15:45:47","Bought","0xed2ab4948ba6a909a7751dec4f34f303eb8c7236","BoredApeYachtClub","4165","721","1","66.52 Blur Pool ($108,657.09)","Blur"
"0x124730f8f57591de7c152cae778210439dbfe0da670b6cd164bad902440641cb","16720507","1677512747","2023-02-27 15:45:47","Bought","0xed2ab4948ba6a909a7751dec4f34f303eb8c7236","BoredApeYachtClub","9538","721","1","66.4 Blur Pool ($108,461.08)","Blur"
"0x8ded684e6c21cb51957d9487f5ec00daf8c762f25031f49471b6f221ff322e9e","16720601","1677513875","2023-02-27 16:04:35","Bought","0x515a6c0e816f1096a5eaaf2b0516b9738c137c8c","BoredApeYachtClub","8990","721","1","66.2 Blur Pool ($108,134.39)","Blur"
"0x212a5a0dc625f0b0e31d5f2de53d70d74fbed09e2381aaf0ee8a756bf6878057","16720625","1677514163","2023-02-27 16:09:23","Bought","0xd64e1f3a2df4c153f26e7cb79e42673df385d239","BoredApeYachtClub","3661","721","1","67 ETH ($109,441.15)","X2Y2"
"0xa56b4e152f3a1902dc4c1cb21eab0f5ee9a67bc5d6a344defb2bc18f3269ef80","16720637","1677514307","2023-02-27 16:11:47","Bought","0x0e2fc0b302bde3110858cd882cfc9690e67e2d13","BoredApeYachtClub","5351","721","1","66.1 Blur Pool ($107,971.05)","Blur"
"0xc3f8ea1894a26be89ef484e0ee8bc97a1837a2a1463500dbe45afe79f60a48bf","16720744","1677515591","2023-02-27 16:33:11","Bought","0x56e106c1aa3ba30888a6c6a577ac895bb01111ac","BoredApeYachtClub","4268","721","1","67.12 ETH ($109,637.16)","Blur"
"0x65b9e34f75686dba7f561a9784a33db14f365e0a678f80309378637cb0335381","16720862","1677517019","2023-02-27 16:56:59","Bought","0xec0b510f89c910b76ddc6c58f767b4813436b9bd","BoredApeYachtClub","3147","721","1","67.75 ETH ($110,666.24)","Blur"
"0x9dcdbfd56a1125ba0fa8afed5f3d11592c814267bb37a7d0712dca1b65c41b86","16721026","1677518999","2023-02-27 17:29:59","Bought","0xc5c758ca460ca1485ff199bef353d0ec5c483867","BoredApeYachtClub","1522","721","1","66.4 Blur Pool ($108,461.08)","Blur"
"0x6fc45fb4250da5463cb7afc4f7303e7d4f28a3cc09ae45786047be4714ee6c10","16721679","1677526919","2023-02-27 19:41:59","Bought","0xb12821443a13e10cbb046d910dff4e2a61257e6c","BoredApeYachtClub","2368","721","1","67.09 ETH ($109,588.16)","Blur"
"0x5385d287f4418b2582b09c0d08ba720b459379bf8ba421bd4b633042a8d3fda5","16722276","1677534131","2023-02-27 21:42:11","Bought","0x5705b71c9581208fbab754562447185b6895f3ac","BoredApeYachtClub","7932","721","1","131.67 WETH ($215,076.36)","OpenSea"
"0x283db8d62169ff8bf957b89ed73f05b07e599d73dd6ad577f46974d076e9fcd8","16723214","1677545483","2023-02-28 00:51:23","Bought","0x77e3e957082ca648c1c5b0f3e6aec00ab1245186","BoredApeYachtClub","3041","721","1","66.43 Blur Pool ($106,600.89)","Blur"
"0x10a4c17bb83e959cefda351847920cc85e6a69df717b2d00756805082dcdee6f","16723222","1677545579","2023-02-28 00:52:59","Bought","0xb918ca253da1eb8c89d4dfac5d3e01a033d0493f","BoredApeYachtClub","4560","721","1","67.9999 ETH ($109,120.12)","OpenSea"
"0x627030ebe6025d7b2e1f9087037b1b76585bc78070973f7176066d4c5e56a370","16723243","1677545843","2023-02-28 00:57:23","Bought","0xed2ab4948ba6a909a7751dec4f34f303eb8c7236","BoredApeYachtClub","7932","721","1","66.5 ETH ($106,713.22)","X2Y2"
"0xcac7295204939207725975acd20ddd3b8c33d0b77a0207deb401ab70f313c63c","16723550","1677549563","2023-02-28 01:59:23","Bought","0xed2ab4948ba6a909a7751dec4f34f303eb8c7236","BoredApeYachtClub","6801","721","1","67.3367 ETH ($108,055.88)","Blur"
"0x25c106a3b00385d0c76ff0ad23ff489925128ef7dd544c0ef832469656986973","16723555","1677549623","2023-02-28 02:00:23","Bought","0xed2ab4948ba6a909a7751dec4f34f303eb8c7236","BoredApeYachtClub","4421","721","1","68.68 ETH ($110,211.48)","Blur"
"0x25c106a3b00385d0c76ff0ad23ff489925128ef7dd544c0ef832469656986973","16723555","1677549623","2023-02-28 02:00:23","Bought","0xed2ab4948ba6a909a7751dec4f34f303eb8c7236","BoredApeYachtClub","6280","721","1","68.5 ETH ($109,922.64)","Blur"
"0xf48f6327deec206e775501d35f4495e9d425256942df46854cc1f645ef1e1d74","16723567","1677549779","2023-02-28 02:02:59","Bought","0xed2ab4948ba6a909a7751dec4f34f303eb8c7236","BoredApeYachtClub","6424","721","1","69.69 ETH ($111,832.24)","OpenSea"
"0xcaca675fa657176ec469a0ac214e92d0b761ddf5aaa74ff7bc9e15ed059ce297","16723879","1677553535","2023-02-28 03:05:35","Bought","0xed2ab4948ba6a909a7751dec4f34f303eb8c7236","BoredApeYachtClub","731","721","1","69 Blur Pool ($110,724.99)","Blur"
"0xcaca675fa657176ec469a0ac214e92d0b761ddf5aaa74ff7bc9e15ed059ce297","16723879","1677553535","2023-02-28 03:05:35","Bought","0xed2ab4948ba6a909a7751dec4f34f303eb8c7236","BoredApeYachtClub","9425","721","1","69 Blur Pool ($110,724.99)","Blur"
"0xcaca675fa657176ec469a0ac214e92d0b761ddf5aaa74ff7bc9e15ed059ce297","16723879","1677553535","2023-02-28 03:05:35","Bought","0xed2ab4948ba6a909a7751dec4f34f303eb8c7236","BoredApeYachtClub","4429","721","1","69 Blur Pool ($110,724.99)","Blur"
"0xcaca675fa657176ec469a0ac214e92d0b761ddf5aaa74ff7bc9e15ed059ce297","16723879","1677553535","2023-02-28 03:05:35","Bought","0xed2ab4948ba6a909a7751dec4f34f303eb8c7236","BoredApeYachtClub","3634","721","1","69 Blur Pool ($110,724.99)","Blur"
"0xcaca675fa657176ec469a0ac214e92d0b761ddf5aaa74ff7bc9e15ed059ce297","16723879","1677553535","2023-02-28 03:05:35","Bought","0xed2ab4948ba6a909a7751dec4f34f303eb8c7236","BoredApeYachtClub","5351","721","1","69 Blur Pool ($110,724.99)","Blur"
"0x39448df7d9f40f7f875d2bb1381d71cf729e599994237588eb9a1afb9fb469cc","16723960","1677554531","2023-02-28 03:22:11","Bought","0xf9c320f50118107ef06bcf7fdf91916746cecfd7","BoredApeYachtClub","3661","721","1","71.9 ETH ($115,378.65)","OpenSea"
"0xa13515982cee251394a10e463d6a132084c489ceb4a4ef94f03c2b82c81896fd","16724883","1677565763","2023-02-28 06:29:23","Bought","0x2ca212af7e65631d46a1cf406427f257d2976a71","BoredApeYachtClub","3041","721","1","68.1 Blur Pool ($109,280.75)","Blur"
"0x5d70f21212e67244107fc16a76c6a6c1f6b0ffce65b42b47659edfc8a768709c","16725982","1677579095","2023-02-28 10:11:35","Bought","0x594c6ed60fa2471de8757b34b116d68b68824017","BoredApeYachtClub","7116","721","1","68.15 Blur Pool ($109,360.99)","Blur"
"0xbead998bf3b17539c1502b2852c8495d4bc2e2bcf80cefdc99b64c3a4d17fcf3","16726835","1677589463","2023-02-28 13:04:23","Bought","0x79142fc6961755a263d3ff0a1d4415a00b8cabdd","BoredApeYachtClub","4289","721","1","68.15 Blur Pool ($109,360.99)","Blur"
"0xdb2b50443df517a7dbf4687d409a0507ce0932e41c93cf01e1a84cabfb8b673f","16726855","1677589703","2023-02-28 13:08:23","Bought","0x571123c9cf8cf7f4dc1a8d4e4287044b1557d489","BoredApeYachtClub","1100","721","1","82.08 ETH ($131,714.60)","Blur"
"0x6f5b6f5bc6c155aba9bb6d09bd3d5fea2eae21f0b14f13d5f0c837a9acd91b60","16726923","1677590519","2023-02-28 13:21:59","Bought","0xc584bd46352ce4ba448d90df0f68bf5304acb80d","BoredApeYachtClub","6813","721","1","70.41 ETH ($112,987.63)","OpenSea"
"0x6f5b6f5bc6c155aba9bb6d09bd3d5fea2eae21f0b14f13d5f0c837a9acd91b60","16726923","1677590519","2023-02-28 13:21:59","Bought","0xc584bd46352ce4ba448d90df0f68bf5304acb80d","BoredApeYachtClub","6573","721","1","70.59 ETH ($113,276.48)","OpenSea"
"0x7aeea96d917760324185a910b9b2d510fcf92d5d8dfcaeb0c0a2fe1456ce0425","16726928","1677590591","2023-02-28 13:23:11","Bought","0xd64e1f3a2df4c153f26e7cb79e42673df385d239","BoredApeYachtClub","9514","721","1","69.2 ETH ($111,045.93)","Blur"
"0x399f94a6ac5c5fde5313b404d734d2d75ffe0579ce16aa07179cb92d36d0c813","16726930","1677590615","2023-02-28 13:23:35","Bought","0xc5c758ca460ca1485ff199bef353d0ec5c483867","BoredApeYachtClub","9982","721","1","68.75 ETH ($110,323.81)","Blur"
"0x27a0d01ef4a801acaca2c7f6c0f070828e22516897a3ec49005ddab9741651b8","16726951","1677590867","2023-02-28 13:27:47","Bought","0x803c2f7754c802f21a85520c43550f9755f43717","BoredApeYachtClub","4165","721","1","69.24 ETH ($111,110.12)","Blur"
"0xce05f8fb2286b3ab22ec7acf66a76ea07982db0b3139ec33ca204d7f2b18bc79","16726967","1677591059","2023-02-28 13:30:59","Bought","0xed2ab4948ba6a909a7751dec4f34f303eb8c7236","BoredApeYachtClub","1522","721","1","69.3467 ETH ($111,281.34)","Blur"
"0xce05f8fb2286b3ab22ec7acf66a76ea07982db0b3139ec33ca204d7f2b18bc79","16726967","1677591059","2023-02-28 13:30:59","Bought","0xed2ab4948ba6a909a7751dec4f34f303eb8c7236","BoredApeYachtClub","2045","721","1","70.5126 ETH ($113,152.27)","Blur"
"0xce05f8fb2286b3ab22ec7acf66a76ea07982db0b3139ec33ca204d7f2b18bc79","16726967","1677591059","2023-02-28 13:30:59","Bought","0xed2ab4948ba6a909a7751dec4f34f303eb8c7236","BoredApeYachtClub","3634","721","1","70.3518 ETH ($112,894.24)","Blur"
"0xce05f8fb2286b3ab22ec7acf66a76ea07982db0b3139ec33ca204d7f2b18bc79","16726967","1677591059","2023-02-28 13:30:59","Bought","0xed2ab4948ba6a909a7751dec4f34f303eb8c7236","BoredApeYachtClub","3747","721","1","69.9186 ETH ($112,199.08)","Blur"
"0xce05f8fb2286b3ab22ec7acf66a76ea07982db0b3139ec33ca204d7f2b18bc79","16726967","1677591059","2023-02-28 13:30:59","Bought","0xed2ab4948ba6a909a7751dec4f34f303eb8c7236","BoredApeYachtClub","4165","721","1","70.18 ETH ($112,618.55)","Blur"
"0xce05f8fb2286b3ab22ec7acf66a76ea07982db0b3139ec33ca204d7f2b18bc79","16726967","1677591059","2023-02-28 13:30:59","Bought","0xed2ab4948ba6a909a7751dec4f34f303eb8c7236","BoredApeYachtClub","5914","721","1","69.5678 ETH ($111,636.14)","Blur"
"0xce05f8fb2286b3ab22ec7acf66a76ea07982db0b3139ec33ca204d7f2b18bc79","16726967","1677591059","2023-02-28 13:30:59","Bought","0xed2ab4948ba6a909a7751dec4f34f303eb8c7236","BoredApeYachtClub","8733","721","1","70.77 ETH ($113,565.33)","Blur"
"0xce05f8fb2286b3ab22ec7acf66a76ea07982db0b3139ec33ca204d7f2b18bc79","16726967","1677591059","2023-02-28 13:30:59","Bought","0xed2ab4948ba6a909a7751dec4f34f303eb8c7236","BoredApeYachtClub","9425","721","1","70.3518 ETH ($112,894.24)","Blur"
"0xce05f8fb2286b3ab22ec7acf66a76ea07982db0b3139ec33ca204d7f2b18bc79","16726967","1677591059","2023-02-28 13:30:59","Bought","0xed2ab4948ba6a909a7751dec4f34f303eb8c7236","BoredApeYachtClub","9538","721","1","70.2 ETH ($112,650.64)","Blur"
"0xce05f8fb2286b3ab22ec7acf66a76ea07982db0b3139ec33ca204d7f2b18bc79","16726967","1677591059","2023-02-28 13:30:59","Bought","0xed2ab4948ba6a909a7751dec4f34f303eb8c7236","BoredApeYachtClub","9760","721","1","70.769 ETH ($113,563.72)","Blur"
"0x9eb48321e090eb1301fd58bc5a20816d6369e7f1f1ff031404840ea864a16a5b","16726970","1677591095","2023-02-28 13:31:35","Bought","0xed2ab4948ba6a909a7751dec4f34f303eb8c7236","BoredApeYachtClub","4675","721","1","71.25 ETH ($114,335.59)","Blur"
"0xedf6b435de66446c7f124c86dbea90509477fc13bc233c8fe6a1b403e144865c","16727064","1677592235","2023-02-28 13:50:35","Bought","0xed2ab4948ba6a909a7751dec4f34f303eb8c7236","BoredApeYachtClub","7116","721","1","70.7 Blur Pool ($113,453.00)","Blur"
"0xedf6b435de66446c7f124c86dbea90509477fc13bc233c8fe6a1b403e144865c","16727064","1677592235","2023-02-28 13:50:35","Bought","0xed2ab4948ba6a909a7751dec4f34f303eb8c7236","BoredApeYachtClub","1325","721","1","70.5 Blur Pool ($113,132.06)","Blur"
"0x50e7e99bc373362b7853f33e966d91d7276ee542da376954b6ffedccd8ef396f","16727071","1677592319","2023-02-28 13:51:59","Bought","0xed2ab4948ba6a909a7751dec4f34f303eb8c7236","BoredApeYachtClub","5245","721","1","70.5 Blur Pool ($113,132.06)","Blur"
"0xfd0fb1cee81aa4207dd7e409f7d7cd367401d94a5ab7184021c3c446b5433c07","16727128","1677593003","2023-02-28 14:03:23","Bought","0x2ca212af7e65631d46a1cf406427f257d2976a71","BoredApeYachtClub","731","721","1","69.98 Blur Pool ($112,297.61)","Blur"
"0xfd0fb1cee81aa4207dd7e409f7d7cd367401d94a5ab7184021c3c446b5433c07","16727128","1677593003","2023-02-28 14:03:23","Bought","0x2ca212af7e65631d46a1cf406427f257d2976a71","BoredApeYachtClub","5351","721","1","69.98 Blur Pool ($112,297.61)","Blur"
"0xfd0fb1cee81aa4207dd7e409f7d7cd367401d94a5ab7184021c3c446b5433c07","16727128","1677593003","2023-02-28 14:03:23","Bought","0x2ca212af7e65631d46a1cf406427f257d2976a71","BoredApeYachtClub","4429","721","1","69.98 Blur Pool ($112,297.61)","Blur"
"0xaa9105399748213dc2a3a8216a6970edc42f393ce245d93eecb8a15cf52d3bec","16727150","1677593279","2023-02-28 14:07:59","Bought","0xed2ab4948ba6a909a7751dec4f34f303eb8c7236","BoredApeYachtClub","6161","721","1","71 ETH ($113,934.41)","X2Y2"
"0x2faf907defaaaf394fa4b9c05fb58c9576f83dae8b2d95447639861db4c7f653","16727213","1677594035","2023-02-28 14:20:35","Bought","0xd7329c8e3879f65bd35806d8d8a1059b4919fb63","BoredApeYachtClub","1100","721","1","71.8 ETH ($115,218.18)","Blur"
"0x69169dac9a6f7ddd56b8df62ef74916ec8ee53c76ac12bc1d1cd47a78f7dc0be","16727857","1677601847","2023-02-28 16:30:47","Bought","0x386ff06e8f928be5ad16f7093a9381d38bdc83e3","BoredApeYachtClub","339","721","1","80 ETH ($128,376.80)","X2Y2"
"0xa06a1acbf987fc2ce58c7c909405a8724795cd9ced4f2bab8def4d10b3f0f27f","16728038","1677604031","2023-02-28 17:07:11","Bought","0x4d41baacfd4e2632f8f562193e94c0960e7da549","BoredApeYachtClub","2438","721","1","139.86945 WETH ($224,449.91)","OpenSea"
"0x56ef52cf99bce2535485abac82f77a0fe62ae269e0bf36633fc1a20d5b524c8d","16728122","1677605075","2023-02-28 17:24:35","Bought","0xea4dea9c2cd76d97780ff062c7a0a3bcd388aff1","BoredApeYachtClub","465","721","1","70.25 Blur Pool ($112,730.88)","Blur"
"0xab317a53ebbaba1ebb7e1b6fb737c1bf42afc7458ef845ab4f2202514bf7c92e","16728128","1677605147","2023-02-28 17:25:47","Bought","0xc5c758ca460ca1485ff199bef353d0ec5c483867","BoredApeYachtClub","9982","721","1","70.25 Blur Pool ($112,730.88)","Blur"
"0xa133c508e3fbc2f9d3abc941163e8396211641fdfff3d000eece30fe3c15821d","16728185","1677605831","2023-02-28 17:37:11","Bought","0x5f20abebe0ba11a9dc0f08e654e416bbee8979f9","BoredApeYachtClub","7644","721","1","70.25 Blur Pool ($112,730.88)","Blur"
"0xd1ac044c4ce0da86a676d73f2fcc1004c525b481403bbdb4038c1ac748c44ac4","16728190","1677605891","2023-02-28 17:38:11","Bought","0x5381af5547394fdf7b5829f6a292e42360881ffe","BoredApeYachtClub","7440","721","1","70.24 Blur Pool ($112,714.83)","Blur"
"0xd1ac044c4ce0da86a676d73f2fcc1004c525b481403bbdb4038c1ac748c44ac4","16728190","1677605891","2023-02-28 17:38:11","Bought","0x5381af5547394fdf7b5829f6a292e42360881ffe","BoredApeYachtClub","7350","721","1","70.24 Blur Pool ($112,714.83)","Blur"
"0xdb0ab11ccfcb5fa366f2dcfe1b67a1991dabc33bd78010f911450f92322dff50","16729501","1677621863","2023-02-28 22:04:23","Bought","0xb12821443a13e10cbb046d910dff4e2a61257e6c","BoredApeYachtClub","2368","721","1","70.24 Blur Pool ($112,714.83)","Blur"
"0x5a4f5ff3842d2ed57549e1386617829a65f71c0267f518007163ec568c4d0d6b","16729634","1677623471","2023-02-28 22:31:11","Bought","0xed2ab4948ba6a909a7751dec4f34f303eb8c7236","BoredApeYachtClub","2438","721","1","70.4 ETH ($112,971.58)","X2Y2"
"0xe999583b41505aef3d7fdb72f7909a17a060467da99139a758a5097c72f76675","16729732","1677624671","2023-02-28 22:51:11","Bought","0xdf75ea94f54c3d35cae64e32a7858e7af7bf9d34","BoredApeYachtClub","5955","721","1","70.5 Blur Pool ($113,132.06)","Blur"
"0xbe08111310f5237205d0928e2b4af9160c43230379c059e8e1c0a80ba18c3273","16729880","1677626459","2023-02-28 23:20:59","Bought","0xc584bd46352ce4ba448d90df0f68bf5304acb80d","BoredApeYachtClub","9130","721","1","71.5 ETH ($114,736.77)","OpenSea"
"0xbe08111310f5237205d0928e2b4af9160c43230379c059e8e1c0a80ba18c3273","16729880","1677626459","2023-02-28 23:20:59","Bought","0xc584bd46352ce4ba448d90df0f68bf5304acb80d","BoredApeYachtClub","7904","721","1","72.25 ETH ($115,940.30)","OpenSea"
"0xbe08111310f5237205d0928e2b4af9160c43230379c059e8e1c0a80ba18c3273","16729880","1677626459","2023-02-28 23:20:59","Bought","0xc584bd46352ce4ba448d90df0f68bf5304acb80d","BoredApeYachtClub","9514","721","1","72.9 ETH ($116,983.36)","OpenSea"
"0xaa0ca7ca4c512fc4b21efce0e36eafb33b8675e8098f1d833b76bfae569ae08f","16730053","1677628583","2023-02-28 23:56:23","Bid Won","0x386ff06e8f928be5ad16f7093a9381d38bdc83e3","BoredApeYachtClub","356","721","1","72 WETH ($115,539.12)","LooksRare"
