"Txn Hash","Blockno","UnixTimestamp","DateTime (UTC)","Action","Buyer","NFT","Token ID","Type","Quantity","Price","Market"
"0xc001b5dd4a1e3e7aea40126b8db3bf3727a8a864c3ded5746eea41b865ce1180","15253439","1659314032","2022-08-01 00:33:52","Bought","0x611c67ec71202613da55d00ddc04ccdb02060fcc","BoredApeYachtClub","5075","721","1","81 WETH ($132,080.22)","OpenSea"
"0xf02cfba0ec8642280b1c0ff2396d6952d00797acb2e126c1d63eb721d98488e4","15254447","1659328036","2022-08-01 04:27:16","Bought","0x4545657ae3be916318b50c89e683674b822d1d1f","BoredApeYachtClub","5110","721","1","88 WETH ($143,494.56)","OpenSea"
"0x6c3ecef5c5ccf7082f751eefd30c4b7926a22f517f28a090bcc1188976bc4964","15255450","1659341337","2022-08-01 08:08:57","Bought","0x611c67ec71202613da55d00ddc04ccdb02060fcc","BoredApeYachtClub","517","721","1","80 WETH ($130,449.60)","OpenSea"
"0x35272f64b1b350c328b18edcd844ab51fcb1a289f27ecb56d878e6c6f76eb52d","15256807","1659358989","2022-08-01 13:03:09","Bought","0xad0404dcebaac8796b5d5ca5be034b1ba9927ac9","BoredApeYachtClub","3282","721","1","95 ETH ($154,908.90)","OpenSea"
"0xd20213c3539dbbdedffa7495a01a598405d9d1b9a070592858796f6a0b05eee9","15257433","1659367096","2022-08-01 15:18:16","Bought","0x5207948d16d4d78893692d369ae62888aa398f58","BoredApeYachtClub","2288","721","1","80.1 WETH ($130,612.66)","OpenSea"
"0xe0ff99f8fffe5d4f7dcf79ce9aae7144f0cb26881f0737d08ea65fd73408cba4","15258099","1659376111","2022-08-01 17:48:31","Bought","0xe64fc2ec479fbaf11a2865102255e1f044fa72cc","BoredApeYachtClub","918","721","1","80 WETH ($130,449.60)","OpenSea"
"0x9b911c7510688c7fc4c74bfe1f46539c634e31fd89a31125e621fcf1a9f2a380","15258987","1659387960","2022-08-01 21:06:00","Bought","0xed2ab4948ba6a909a7751dec4f34f303eb8c7236","BoredApeYachtClub","2163","721","1","71 ETH ($115,774.02)","X2Y2"
"0xd0a16f1137014484253f57e6460f3845f15a70649f90f4485d2c7b1b2c8b54c2","15260645","1659410280","2022-08-02 03:18:00","Bought","0xb3d9fc7ed24284af0c00066aa3c62652e19fc586","BoredApeYachtClub","2316","721","1","80 WETH ($130,488.80)","OpenSea"
"0x85d7fd0b68094a024e14a6904c707c171ee6fe24d44aa53a934338f2326806ba","15260776","1659412150","2022-08-02 03:49:10","Bought","0xed2ab4948ba6a909a7751dec4f34f303eb8c7236","BoredApeYachtClub","8922","721","1","75 ETH ($122,333.25)","X2Y2"
"0xe0a37fe0c373ea230ee9358205264f57ea2947ef15334025ce418bff992940a7","15261229","1659418362","2022-08-02 05:32:42","Bought","0x7a277cf6e2f3704425195caae4148848c29ff815","BoredApeYachtClub","2518","721","1","78 ETH ($127,226.58)","X2Y2"
"0x29c02a42a9189f3c3937d8028762dbf3054018beeba7819177e4b5dbfb5bbddd","15261234","1659418412","2022-08-02 05:33:32","Bought","0xdd94fe8f7e96d579e82f67d5b0ef6df493f72d80","BoredApeYachtClub","7232","721","1","87 ETH ($141,906.57)","X2Y2"
"0x10f522a0224a6e07adca02b19f9ebd92ce5ece2ad43bda059070856abd522ca1","15261988","1659428769","2022-08-02 08:26:09","Bought","0xf72e6ff2afafa1f8cf8b35ec3a1ec8c691f44e13","BoredApeYachtClub","7722","721","1","98 ETH ($159,848.78)","OpenSea"
"0xcebeacf97a74f163e1a98b944798448cb215427a2017fe67c1f040f0d571c0a3","15262173","1659431230","2022-08-02 09:07:10","Bought","0x324e19b661b932e064ea0db7a043737dc5e98321","BoredApeYachtClub","2031","721","1","120 WETH ($195,733.20)","OpenSea"
"0xfd062d20fb68638990d2a7cd5bc529397ca9b006488cdef66039a3ca10201453","15266134","1659484112","2022-08-02 23:48:32","Bought","0xaf0f4479af9df756b9b2c69b463214b9a3346443","BoredApeYachtClub","3939","721","1","76.686700000000001864 WETH ($125,084.44)","OpenSea"
"0x0e3daa702c3cf3d60f9ce270d91c8c90b74936f5ed5177958b383ad779e748d2","15267301","1659500465","2022-08-03 04:21:05","Bought","0xdc3ed2238350aacb484aa6b0d17c4fc3353f0046","BoredApeYachtClub","918","721","1","79.5 ETH ($128,685.06)","X2Y2"
"0xc215ce844c893fd082737e6d39d0fc8aed7bfb253d352461b8c190e05c7f37be","15268117","1659510890","2022-08-03 07:14:50","Bought","0x9e2344a4fb70e54ca31dc43ce8bce7fee75fb41d","BoredApeYachtClub","314","721","1","79 ETH ($127,875.72)","X2Y2"
"0x66e7ad9de47aaf1ec361c40bc2abc09ce0e1eb257a4738599a21086e99794936","15268260","1659512658","2022-08-03 07:44:18","Bought","0x762489d40b2f61ec1284b6ca22340edacd1fe40c","BoredApeYachtClub","6622","721","1","118 ETH ($191,004.24)","OpenSea"
"0x1092cde8c63b29a2cd1722914cf224e33d6b08ca84db7af4c0c278fcb55debb4","15269458","1659529656","2022-08-03 12:27:36","Bought","0xe51416ef43f4820aaa2b36ddd9cfe1278106190f","BoredApeYachtClub","4251","721","1","77 ETH ($124,638.36)","X2Y2"
"0xf407b385758ff47db0d9d2252261393626332b7ea35e0646c65f664dcb7827e6","15269469","1659529869","2022-08-03 12:31:09","Bought","0x63f7e811a4dd446cc34a19fb7cc66fbd5af0fd06","BoredApeYachtClub","6784","721","1","74 ETH ($119,782.32)","X2Y2"
"0x92834229137f6122032b123bd6ba9cca8cc1ff52d3ef13e29bf46b3b2a5b3df4","15270221","1659540165","2022-08-03 15:22:45","Bought","0x33d4b1c41ba877e97cb366e4c53e426cc898896b","BoredApeYachtClub","8914","721","1","76 ETH ($123,019.68)","X2Y2"
"0xa8602bd19857819004d0a2d17837287bd547a28b3b8cf4092baadb3d53d93598","15272242","1659567089","2022-08-03 22:51:29","Bought","0x17331428346e388f32013e6bec0aba29303857fd","BoredApeYachtClub","1757","721","1","76.71 WETH ($124,168.94)","OpenSea"
"0x622e604c615814ecdb357e528366051acccebf7d85220bb5f190d998fa041ce4","15273808","1659588270","2022-08-04 04:44:30","Bought","0x2d66b7ea0c89158d7274aef1019423d968f7864f","BoredApeYachtClub","7596","721","1","79.8 ETH ($128,315.21)","X2Y2"
"0x404868685c5d6f1cba5d329f34fc9d98e18522a564c0c037326f466de19b49e4","15273825","1659588466","2022-08-04 04:47:46","Bought","0x1c61d8ccbe890256069c428eaf91cae491e7d98a","BoredApeYachtClub","9608","721","1","76.7 WETH ($123,330.53)","OpenSea"
"0x4b5646e3af92d859264198fbe0697291f84b5c0665bd9da6f02778ae2b1363a2","15274683","1659599845","2022-08-04 07:57:25","Bid Won","0x725b4b5b72f137d5347cf3f26e3b6e86e8a61c87","BoredApeYachtClub","3528","721","1","84.42 WETH ($135,743.98)","LooksRare"
"0x6b9bc353426a3f74cbafc536b30c5e8e92365bf5fbc435ae26ac935f4541374c","15275258","1659607588","2022-08-04 10:06:28","Bought","0xf0af9b380f35a98fce68c62c1ae5b4d2ac4d8ee1","BoredApeYachtClub","6783","721","1","90 ETH ($144,716.40)","OpenSea"
"0xba2249f35508f62b36aef9c86dca6eef6f8df3fe506c70847ae0bdc72c2ed619","15276146","1659619547","2022-08-04 13:25:47","Bought","0xed2ab4948ba6a909a7751dec4f34f303eb8c7236","BoredApeYachtClub","339","721","1","90 ETH ($144,716.40)","OpenSea"
"0x3ca370102f6e2ecfecbbe77f80dd021f82c6b4f4e2c24215c740bb4110c3c6e9","15276276","1659621443","2022-08-04 13:57:23","Bought","0xe3182e0ef507589b142606ad78748ebf3849b228","BoredApeYachtClub","2593","721","1","85 ETH ($136,676.60)","OpenSea"
"0xb27280b2b7fd2864f539750f3a9cbf1cc68c257f76ee4dc575986c9cf7452373","15277787","1659641951","2022-08-04 19:39:11","Bought","0xdf6d32981752c438a8adfc801576e4e4dac204c0","BoredApeYachtClub","314","721","1","86.69 ETH ($139,394.05)","X2Y2"
"0x34116423767080aa51e455774718a9e8f44012d52f6c3d9c33246f8b2022b6ef","15278223","1659647891","2022-08-04 21:18:11","Bought","0x37009f9ae9dcc0a6d59204e1aeaf9da4968caec8","BoredApeYachtClub","8297","721","1","105 WETH ($168,835.80)","OpenSea"
"0x197ab5b30c22e439d2c6898f315db740d30719c20e53d9b722a4eb57f0211e29","15278513","1659651984","2022-08-04 22:26:24","Bought","0x5db11f0d94c55e0b2ff22bbc19de1a5d2bbc7234","BoredApeYachtClub","6409","721","1","96.69 ETH ($155,473.65)","OpenSea"
"0xdb894130f38c01022fc123ee557789c1db6a08429321dce01862d7b85aabf369","15279613","1659666268","2022-08-05 02:24:28","Bought","0x5e1c1531966e72d648e6ed042b6ae44527935b05","BoredApeYachtClub","339","721","1","93 ETH ($161,520.54)","X2Y2"
"0x2eb34cfc1970a0034b21af17e299ffb37799493db2c90a593e960f2193bc0669","15279722","1659667711","2022-08-05 02:48:31","Bought","0x5062643314417a88ae40bbdc8b15f21c4abb288b","BoredApeYachtClub","7133","721","1","90 ETH ($156,310.20)","X2Y2"
"0x34b4ff67013f047cd00156b5c530a2463dad0e30c81589eff2e795ed3868f1a5","15279730","1659667800","2022-08-05 02:50:00","Bought","0x133290dd301119ca34b2e8601ba1d4c10c11a5ae","BoredApeYachtClub","3097","721","1","91 ETH ($158,046.98)","X2Y2"
"0x1e37204709efdd8d34f47af413449e3556fc29e4f34fd3cd996b9d65224705a0","15279843","1659669373","2022-08-05 03:16:13","Bought","0x2717c9f20fe37dcc734de14e7093dd664262b006","BoredApeYachtClub","8153","721","1","83.9 ETH ($145,715.84)","OpenSea"
"0xcde01b50405eebb485ba838f24422939f65f996e0956067291d13a95ca3f3629","15282273","1659701954","2022-08-05 12:19:14","Bought","0x1ca6d035777044e5e975478f1cdd9fcfad031ea2","BoredApeYachtClub","2316","721","1","86.69 ETH ($150,561.46)","OpenSea"
"0x2d41761483938546e1df7fc75353501612555d8be9a363f5ca6c1a8ca8544790","15283085","1659712495","2022-08-05 15:14:55","Bought","0x01477733654da24e03f497c7fe8d1a5e25b7795a","BoredApeYachtClub","6567","721","1","195 ETH ($338,672.10)","X2Y2"
"0xe22c7b3396b58abb1e0605e767e3bf152882c4ed2b7497d2b197ef3f25b8cd08","15283130","1659713039","2022-08-05 15:23:59","Bought","0x41963e09247348110f9b25300b0b6652f67a4bee","BoredApeYachtClub","2288","721","1","91 ETH ($158,046.98)","0x Protocol"
"0xf1094aec3148fc38f94ee3121d2afd48ed1cf37f7e2b2ecbe634bf9c082cf9dd","15283134","1659713140","2022-08-05 15:25:40","Bought","0xd164fb7d03e0487a750dee5e5e299ac0f648a7aa","BoredApeYachtClub","4009","721","1","78 WETH ($135,468.84)","OpenSea"
"0x90e82e41275b100ecec55f2a0ddb17059adc28edd1c6d619462d86c6d2da4975","15283147","1659713323","2022-08-05 15:28:43","Bought","0xd5f8f3c066ce7c1d6f5e65ea80d93e91650d8248","BoredApeYachtClub","2758","721","1","80.00001 WETH ($138,942.42)","OpenSea"
"0x7f25288054864f6aa9689201a107fc9de9c11b98ccefe930e695dafc16ea78cf","15283150","1659713420","2022-08-05 15:30:20","Bought","0x9e2344a4fb70e54ca31dc43ce8bce7fee75fb41d","BoredApeYachtClub","4270","721","1","85 WETH ($147,626.30)","OpenSea"
"0x0991d70c74812307dd11c9e9a070643820a9dbcca3122e3980046af27dd5230b","15283153","1659713445","2022-08-05 15:30:45","Bought","0xdd94fe8f7e96d579e82f67d5b0ef6df493f72d80","BoredApeYachtClub","166","721","1","75 WETH ($130,258.50)","OpenSea"
"0xdd105c79deb5d05473f3e08a051ee5c6efc5e03690d977447be4e081a29cdcbb","15283167","1659713648","2022-08-05 15:34:08","Bought","0xe64fc2ec479fbaf11a2865102255e1f044fa72cc","BoredApeYachtClub","7613","721","1","79.6 WETH ($138,247.69)","OpenSea"
"0xf0f2e478e7ff90ba977e37106a9f140b8602f1a7dcfa5e87ef479176022cec5a","15283484","1659717961","2022-08-05 16:46:01","Bought","0xaa6831ebe702c0b856c70c18cc9649df04a9820e","BoredApeYachtClub","7613","721","1","79.6 ETH ($138,247.69)","X2Y2"
"0xa46d84730435521c0c4a4d0c61643c31578a34adb4b645448fbabba9a10e8803","15283498","1659718066","2022-08-05 16:47:46","Bought","0x27a86c2f925612f6633b0455e48dd62a1c3a00e3","BoredApeYachtClub","7479","721","1","97.5 WETH ($169,336.05)","OpenSea"
"0xf9aa2886ad67e60404c5eee2cd814422b70c2a6f6fd7fcb2236383c7f4f4789a","15284232","1659728035","2022-08-05 19:33:55","Bought","0xaa6831ebe702c0b856c70c18cc9649df04a9820e","BoredApeYachtClub","4270","721","1","85 ETH ($147,626.30)","X2Y2"
"0x1489493c77981012c850c9575a4b30bb3dbc3b81527ef7bf6dc3d688a1b9d026","15284663","1659734120","2022-08-05 21:15:20","Bought","0x170247f993225388a155a0ad1bb93b1a932616cf","BoredApeYachtClub","3939","721","1","80.75 ETH ($140,244.99)","X2Y2"
"0xa29e9d188ab80eb18896221e791b34fa3c20b220ce16ae8dfe3ee48bbaa7642e","15285670","1659746843","2022-08-06 00:47:23","Bought","0xa71a7a02efe2171940373472a3b1cd6966e2d95c","BoredApeYachtClub","2758","721","1","87.6 ETH ($148,102.69)","X2Y2"
"0x04961ab3cbcfb0f783839a73c773a3bed02c4523fcd7e036c89f7160cd88416d","15286146","1659753781","2022-08-06 02:43:01","Bid Won","0xf6ac93c5bf408a6330a4572df31dad61985d8049","BoredApeYachtClub","166","721","1","81 WETH ($136,944.27)","LooksRare"
"0x926466be1ac4be3b8bfb5e07eb835019d9097ef8c6f6196b7030e658bd9c9e84","15286246","1659755222","2022-08-06 03:07:02","Bought","0xeb8a171db1a54553abcbb78f956a0a100ce34c3f","BoredApeYachtClub","5075","721","1","88.9 ETH ($150,300.56)","OpenSea"
"0x5e297aeaf2cf810d5523c349e2d2b2d6a2b32bbdc37bbfafb7b9ff2ebe0cddd2","15286849","1659763294","2022-08-06 05:21:34","Bought","0xf15849b7a773746dda3efc72e171c83de06c5c68","BoredApeYachtClub","4607","721","1","114 ETH ($192,736.38)","OpenSea"
"0x1ab159a4f2eee3997ce1af81e114c1db70da1cb3077d3b7d9ac13c390e522725","15289734","1659802735","2022-08-06 16:18:55","Bought","0xaa6831ebe702c0b856c70c18cc9649df04a9820e","BoredApeYachtClub","4009","721","1","78 ETH ($131,872.26)","X2Y2"
"0x93cb63ca9feab9156da2a2fa300cf49dae8d11b154234c5709afb725acb92e6e","15290403","1659811461","2022-08-06 18:44:21","Bought","0xc3a1528df68db9b0e1f28edd7b3c4958550702d1","BoredApeYachtClub","713","721","1","82.5 ETH ($139,480.28)","X2Y2"
"0xf5f4e9be57d09eea7014ce6cbd8de43063722e1355c656a09c78a917afe9d020","15290975","1659818618","2022-08-06 20:43:38","Bought","0xd164fb7d03e0487a750dee5e5e299ac0f648a7aa","BoredApeYachtClub","9012","721","1","77 WETH ($130,181.59)","OpenSea"
"0xe0609c99dc6fadb928aa370d20c98ed4a05cd3c5f1eb78dd0ae269de9fc043bc","15291265","1659822426","2022-08-06 21:47:06","Bought","0x33d4b1c41ba877e97cb366e4c53e426cc898896b","BoredApeYachtClub","29","721","1","112 ETH ($189,355.04)","X2Y2"
"0x09e9a3009a19488b6e60b05c9a9e2d1b9f738e92b7f9274ef1b3e9b5c192f456","15292970","1659846374","2022-08-07 04:26:14","Bought","0x2ac3f94d54bf3762f392cdde06d036c98d3c9ee8","BoredApeYachtClub","640","721","1","134 ETH ($227,872.36)","X2Y2"
"0xcf835af920ab9c38e556071126c4fef2464d4021cb256dcd70a6ae4d14acc9e3","15293018","1659846916","2022-08-07 04:35:16","Bought","0x611c67ec71202613da55d00ddc04ccdb02060fcc","BoredApeYachtClub","9546","721","1","76 WETH ($129,241.04)","LooksRare"
"0x5a9a271f1d9fa561020203c0ae948ff7a25932c6138e6275c39009237aeab0c5","15294176","1659862111","2022-08-07 08:48:31","Bought","0x04fd71a7c80dee02cec42ca7c6941d0940cbf55f","BoredApeYachtClub","7139","721","1","81.8 ETH ($139,104.17)","OpenSea"
"0xb8dd5273099972f6974c61e6800001c08fb85c234592d9fa6acb3690d606e21c","15294599","1659867884","2022-08-07 10:24:44","Bought","0x01c9e12c365dd28bd169efea6e5b7939a687c856","BoredApeYachtClub","7440","721","1","79.99 ETH ($136,026.19)","X2Y2"
"0x60a33fff3f6acf709b6cb69e44521f4eb98a29a648f057091fff3d27b0fb1ab0","15294854","1659871232","2022-08-07 11:20:32","Bought","0x5b6732f098d27d3f97fd3b8e3cbb194dd3c9d324","BoredApeYachtClub","8635","721","1","83.99 ETH ($142,828.35)","OpenSea"
"0xc024c7fdd0af547e112c9f92ad550b2d516cdce42c4bfa55b2a6795bc46fc404","15296033","1659886476","2022-08-07 15:34:36","Bought","0xdd94fe8f7e96d579e82f67d5b0ef6df493f72d80","BoredApeYachtClub","713","721","1","86 ETH ($146,246.44)","X2Y2"
"0x166c752fbefb6e381539c7f30bf333d4f2135784a6b69fe4aa4957939c2ea92f","15296926","1659898221","2022-08-07 18:50:21","Bought","0x27e88a965fd9365da85a02c8f8abd536776e6b5f","BoredApeYachtClub","2758","721","1","87.6 ETH ($148,967.30)","X2Y2"
"0x44f4d406a541c094417d608fb2fcfad31a8a956ba1bfa01eeb14edc1665a2aaa","15297157","1659901472","2022-08-07 19:44:32","Bought","0x488db2810beba8dad806c7d237751075dc48364c","BoredApeYachtClub","3138","721","1","88 ETH ($149,647.52)","X2Y2"
"0x359f8e7e0aa4d6679e645179ba17878e2796b2c980b2c34eaa5b75b97b781d1b","15297181","1659901743","2022-08-07 19:49:03","Bought","0x0b98a13cbd817f002badbb5b9b575a007a5ed126","BoredApeYachtClub","9426","721","1","115 ETH ($195,562.10)","OpenSea"
"0xd3798904088dbfd454f485a0a91916db7bb3e02b83542ef3dcda6e4d5921cd84","15297608","1659907634","2022-08-07 21:27:14","Bought","0xd8dea6275144b0b5cb742771344a91f48eab4335","BoredApeYachtClub","6897","721","1","78.01 WETH ($132,659.13)","OpenSea"
"0x5d5de2272d2c1d14e9276058b0f07d4fd747d2130883b3ac91112a0a0d688d3d","15302520","1659974841","2022-08-08 16:07:21","Bought","0x1c2c829671f13e15e0f538c6d0360845f8aa60ce","BoredApeYachtClub","6784","721","1","80 ETH ($142,239.20)","X2Y2"
"0x8cc2e91e3d636270adb5c62163cf8a6f9a30302cad279a48ee2b815ca868b97f","15304239","1659997362","2022-08-08 22:22:42","Bought","0x8e02c045c6690749393e9c3b8fd6befa651cb718","BoredApeYachtClub","7607","721","1","86 ETH ($152,907.14)","OpenSea"
"0x864a21feca2b179a1fed26942d1828a0e6e9ab31f8c1d7c67f894e6562805ee7","15305720","1660017089","2022-08-09 03:51:29","Bought","0x81269781e647eb0843dc3a8febc55a38ce69b4eb","BoredApeYachtClub","9611","721","1","80 ETH ($136,272.80)","X2Y2"
"0x6e63650e103392e354f3467a4dbf5d3d414e3c501cb92cdcce138e3c0900e762","15305940","1660020172","2022-08-09 04:42:52","Bought","0xc343b96d534ec8144f212a689d619d4571283219","BoredApeYachtClub","7440","721","1","84.99 ETH ($144,772.82)","X2Y2"
"0xc289f1d5f04cb42d51ef63ce36abcc78c99d260ea542ad6d86f8cf639fadc603","15307102","1660036000","2022-08-09 09:06:40","Bought","0x0e616785638663c88a493a82972e2f9cadaab4bc","BoredApeYachtClub","7925","721","1","84 ETH ($143,086.44)","OpenSea"
"0x7a77ffd0088c66467b2a36b9df2a912c8b38a38b7bcebe0d9dff2dbe7f8c6be3","15307107","1660036082","2022-08-09 09:08:02","Bought","0x0e616785638663c88a493a82972e2f9cadaab4bc","BoredApeYachtClub","6026","721","1","84.5 ETH ($143,938.15)","OpenSea"
"0x471dc6c2e1b8c729181f34a50b4eb9aabe969ac611149c575ae187647d186c99","15307118","1660036178","2022-08-09 09:09:38","Bought","0x0e616785638663c88a493a82972e2f9cadaab4bc","BoredApeYachtClub","1721","721","1","84.213 ETH ($143,449.27)","OpenSea"
"0x2bdf1e32ff1a2f2fa954a98ecdf4be01392dced9fa8b7e439bad0e63c2743990","15307258","1660037933","2022-08-09 09:38:53","Bought","0x15c0f2ebfee4592f21ae2777036111144439de06","BoredApeYachtClub","8668","721","1","95 ETH ($161,823.95)","OpenSea"
"0x7c72b414b41720db23ff8c17c9184726737a337f94d4e682ddb860764b62dba9","15308071","1660049248","2022-08-09 12:47:28","Bought","0xed2ab4948ba6a909a7751dec4f34f303eb8c7236","BoredApeYachtClub","4251","721","1","79.5 ETH ($135,421.10)","X2Y2"
"0xefa404795797ec322de986c716a562f094e693b367b0843e0bd2db62dfafe250","15308505","1660055059","2022-08-09 14:24:19","Bought","0x019ffbf2cbeec4b6fc8934498f3fc12072fed360","BoredApeYachtClub","1815","721","1","92.69 WETH ($157,889.07)","OpenSea"
"0xf113c66b78c6a81036f6d341f9c043527428558a44f1f6333a74494b76311533","15308698","1660057581","2022-08-09 15:06:21","Bought","0x7661f05aa6042043ca691f3704ec6abafeef4595","BoredApeYachtClub","2665","721","1","105 ETH ($178,858.05)","X2Y2"
"0x0426d82ffbfbaab94ede3940dc996c7514b3c63b9c18ecc743ac54fa3c201773","15310987","1660088730","2022-08-09 23:45:30","Bought","0xeb8a171db1a54553abcbb78f956a0a100ce34c3f","BoredApeYachtClub","9108","721","1","85 ETH ($144,789.85)","OpenSea"
"0x984ea12279e1b55c04b86c19d0dc67ec66776a13044b3368d0dacea42030fccb","15315199","1660146290","2022-08-10 15:44:50","Bid Won","0x13e9c3976b72b5f8d02828e63f0e93172f331282","BoredApeYachtClub","3969","721","1","128 WETH ($237,318.40)","X2Y2"
"0x010ea748e4954654ae736807e32bd4d5997643e0146463e9c4c4dd6dc76cc7d6","15315645","1660151904","2022-08-10 17:18:24","Bought","0xc3a1528df68db9b0e1f28edd7b3c4958550702d1","BoredApeYachtClub","7644","721","1","80.1 ETH ($148,509.41)","X2Y2"
"0x54e9110e70a2e49bcc205b969df5f2b7fd49f8a4575c2f9b7b6e1da1ba0bf9c3","15315654","1660152040","2022-08-10 17:20:40","Bought","0x18599718e19e294dc19c7261129d3595a15d9c51","BoredApeYachtClub","6148","721","1","79 ETH ($146,469.95)","X2Y2"
"0x34ffdc0045582793e8f427393417b9dd640787c8a66d9425cdb2a49cd47c3504","15315913","1660155485","2022-08-10 18:18:05","Bought","0xcc5a7686906307673baa0e3c6022767638433cc7","BoredApeYachtClub","5082","721","1","108 ETH ($200,237.40)","X2Y2"
"0x9451af84e9d5dead6a5af3a75a607a6f865a623538060439ce19b4f835293324","15316219","1660159884","2022-08-10 19:31:24","Bought","0x019ffbf2cbeec4b6fc8934498f3fc12072fed360","BoredApeYachtClub","5705","721","1","129.69 WETH ($240,451.74)","OpenSea"
"0xef86505b25993f3d5430a9b0dda1f41e1e3e52567381390d3781c5f638111148","15316231","1660160040","2022-08-10 19:34:00","Bought","0x37b3a715a9507c85c1845168ff1801799dacf808","BoredApeYachtClub","6693","721","1","83 ETH ($153,886.15)","X2Y2"
"0xc1d3e7f0d3a230a696eb56453aa1cc63df1c0a9724c21550a81ad7befd4f6997","15316450","1660163066","2022-08-10 20:24:26","Bought","0x63f7e811a4dd446cc34a19fb7cc66fbd5af0fd06","BoredApeYachtClub","4591","721","1","79 ETH ($146,469.95)","X2Y2"
"0x27a2f48b422cc09921cdae7dd780abfd1db357d900cc5328a0939b620bde9818","15317911","1660182624","2022-08-11 01:50:24","Bought","0xb0de41cf75e0396f859384d5f34e8d6f0b41e994","BoredApeYachtClub","5491","721","1","150 WETH ($282,159.00)","OpenSea"
"0x5c8cdf922417c40000e8ff11741bc2e67c7f3bccd3c6e8678f0086ccd5dad09e","15319892","1660209873","2022-08-11 09:24:33","Bought","0xd7cdb08eadd3d730540817a348b62d15bf45df10","BoredApeYachtClub","4170","721","1","85 ETH ($159,890.10)","X2Y2"
"0x455a62972f0460d44a3764ffcf1cfff2a881ba371f67254a77c789129625c764","15321790","1660235884","2022-08-11 16:38:04","Bought","0x96c80ab80a920efd32485bc2fb9dfec601f357e6","BoredApeYachtClub","4317","721","1","88.88 ETH ($167,188.61)","OpenSea"
"0x0cfaefcf910a68fc02f0a074b9d9974d478d60e18665b4d8b2ae6943b8330e76","15322926","1660251545","2022-08-11 20:59:05","Bought","0x019ffbf2cbeec4b6fc8934498f3fc12072fed360","BoredApeYachtClub","7863","721","1","344 ETH ($647,084.64)","X2Y2"
"0x45897a460c518d08cb2662677df063f7c803dcb9aeee55b6557a587c07d508a9","15323955","1660265423","2022-08-12 00:50:23","Bought","0x138b9057d61e893b72b33ab2d17f24ac87bd33cb","BoredApeYachtClub","8607","721","1","101 ETH ($197,885.26)","X2Y2"
"0x1c4776955c1cefef468f97e27df488dc632f3ff0917aa550c9f0f96466621748","15327258","1660311163","2022-08-12 13:32:43","Bought","0x90851375e3bf3065071279be6cc147f6f456c261","BoredApeYachtClub","6092","721","1","80 ETH ($156,740.80)","OpenSea"
"0x0cc4ce42a01059d371f524db03089f160265a4149710e82321dd39c1552ef5f9","15328181","1660324188","2022-08-12 17:09:48","Bought","0xd7cdb08eadd3d730540817a348b62d15bf45df10","BoredApeYachtClub","3138","721","1","86.5 ETH ($169,475.99)","X2Y2"
"0x325d437138010a89b01a5957350e1e5149d211736fe088d98b33941d8a350ca6","15328987","1660334061","2022-08-12 19:54:21","Bought","0xdf8c6f93385fb3fa8dde90ce1c0f9c2f8cd5a9f3","BoredApeYachtClub","1833","721","1","150 ETH ($293,889.00)","X2Y2"
"0x52c0ff4fc3158ead16f137ef6d1da6338225b885a2d10459eff99ac2e2b0ed36","15330188","1660350289","2022-08-13 00:24:49","Bought","0x381a5a8fc76809462dde80c372bdea454840a22b","BoredApeYachtClub","4884","721","1","84.8 ETH ($168,267.79)","OpenSea"
"0x8107dec91b71e8539d1c5d00a9cea94b34af32d8fd932204eafaa4cb8be1233c","15331566","1660368623","2022-08-13 05:30:23","Bought","0xdd94fe8f7e96d579e82f67d5b0ef6df493f72d80","BoredApeYachtClub","326","721","1","75 ETH ($148,821.75)","X2Y2"
"0x4cb38c9023e8f2d6d094c31b29badb79473260924d8ac27b72af9e3a07e4e2e5","15331850","1660372497","2022-08-13 06:34:57","Bought","0xb4011753221e622583f04ed759c55a6fd9e41c47","BoredApeYachtClub","8373","721","1","78 WETH ($154,774.62)","OpenSea"
"0x7f77fa51bce87c4ed9eb99110fc725de8fe7f8181137be994e8347282b3cfd25","15332276","1660378121","2022-08-13 08:08:41","Bought","0x611c67ec71202613da55d00ddc04ccdb02060fcc","BoredApeYachtClub","9012","721","1","73 ETH ($144,853.17)","X2Y2"
"0xf2bb594532a9568746c43e131dd54043d754d9174e930725f487288023a30dea","15334375","1660407072","2022-08-13 16:11:12","Bought","0x1be2655c587c39610751176ce3c6f3c7018d61c1","BoredApeYachtClub","1298","721","1","90 ETH ($178,586.10)","OpenSea"
"0x773e10191bf98cdb13a8758d6e44b8e2396d91d2ba0f03d45303941f6591d5d3","15336647","1660437758","2022-08-14 00:42:38","Bought","0xeb8a171db1a54553abcbb78f956a0a100ce34c3f","BoredApeYachtClub","7033","721","1","79 ETH ($152,945.58)","OpenSea"
"0xbd210521f7c77383bf3347eef0d924a46e9388c51ddd95aa35c9a7942a30a63b","15337025","1660443046","2022-08-14 02:10:46","Bought","0x66fe05d3febfd4b17f009f036f4135c18d9e22e3","BoredApeYachtClub","3211","721","1","101 ETH ($195,538.02)","X2Y2"
"0xf87fa31b26247000ce5f6188e2c9a3a35fa1cb6008e403bce8db6745e44c1c05","15337695","1660452487","2022-08-14 04:48:07","Bought","0x019ffbf2cbeec4b6fc8934498f3fc12072fed360","BoredApeYachtClub","159","721","1","111.69 WETH ($216,234.07)","OpenSea"
"0xb3a0068df6514ce8fdaf9b0e278d26b554741de896b99cd9e23c3c7035503772","15340098","1660484765","2022-08-14 13:46:05","Bought","0xdbfb45ac11ce31757e09e96e0820831c6cff37af","BoredApeYachtClub","949","721","1","145 ETH ($280,722.90)","X2Y2"
"0x165256c32edcf0a248cfc62f16163de77ffd71e838180dd6055aa76ab2ee08c9","15342191","1660513372","2022-08-14 21:42:52","Bought","0x19fffb371b95574df860e90b6a5b69256629b585","BoredApeYachtClub","7644","721","1","80.5 ETH ($155,849.61)","X2Y2"
"0x825a0f89278416fbb7571ad815d9630494071ed53ca9d0659f1807519ed605a6","15342673","1660519992","2022-08-14 23:33:12","Bought","0xdd94fe8f7e96d579e82f67d5b0ef6df493f72d80","BoredApeYachtClub","7151","721","1","72.2 WETH ($139,780.64)","OpenSea"
"0x14f63c38eb7320c72b12cfbaacd3941633637a990fa57d3e4f9361f206194cab","15343394","1660530103","2022-08-15 02:21:43","Bought","0x453b2267024761f81a90a813d51e3c412189b833","BoredApeYachtClub","8826","721","1","75 WETH ($142,473.00)","OpenSea"
"0xdf6a900bd91e55016540cc91a5928b20832b449f8723df908eb9715256495467","15344761","1660549020","2022-08-15 07:37:00","Bought","0x4fcc15929e7227fc2004de64524e0005d607f693","BoredApeYachtClub","4292","721","1","92 ETH ($174,766.88)","X2Y2"
"0x7b3a418cbb86b2d4a7ec1ed7cb87eed962be85347853d124360a63c859058b7b","15345055","1660552789","2022-08-15 08:39:49","Bought","0x20eae4e55954f10ee6df088afd2094e323408df5","BoredApeYachtClub","2789","721","1","83.8 ETH ($159,189.83)","OpenSea"
"0x29ba838a7ea35f910900e53d8d996f88f390dbcc0b73becacf2c08bebf469c2d","15345920","1660565285","2022-08-15 12:08:05","Bought","0x1f02b716be53513c40e686f94c0a6546d2d89372","BoredApeYachtClub","1911","721","1","137.5 ETH ($261,200.50)","OpenSea"
"0xa38b63e5e0f2b292c85c727feb0dfbcb774e86e0d8c8e2d42a8a14c449def0c0","15346054","1660567175","2022-08-15 12:39:35","Bought","0xb7ef760f30d139097ba547bd6f0dfaecbf148452","BoredApeYachtClub","6148","721","1","76.25 ETH ($144,847.55)","X2Y2"
"0x846d698b604227cc6da11e6d88fb2479430120001d60ddac006d4ec04f78aaf5","15347385","1660585325","2022-08-15 17:42:05","Bought","0x18599718e19e294dc19c7261129d3595a15d9c51","BoredApeYachtClub","2191","721","1","79 ETH ($150,071.56)","X2Y2"
"0x9a21d0272077379c4d571fe67d79ad447f06307b3679e623faaea2075e5fb06b","15347458","1660586369","2022-08-15 17:59:29","Bought","0xed2ab4948ba6a909a7751dec4f34f303eb8c7236","BoredApeYachtClub","9012","721","1","63 WETH ($119,677.32)","LooksRare"
"0x7eeb368feb195e68292d0963c97a7b5dc6c38f2e2d22526f5c6c81336a1474c6","15348158","1660595867","2022-08-15 20:37:47","Bought","0xed2ab4948ba6a909a7751dec4f34f303eb8c7236","BoredApeYachtClub","9546","721","1","64.6464 WETH ($122,804.89)","LooksRare"
"0x69f9f22893fe45a3761d1765aa5431ca06975e6fd307b57e8546ca897b9c0d72","15348408","1660599395","2022-08-15 21:36:35","Bought","0x9e2344a4fb70e54ca31dc43ce8bce7fee75fb41d","BoredApeYachtClub","2978","721","1","70.1 WETH ($133,164.76)","OpenSea"
"0x8087fbf63e88c811db2b1f38a53b632134b19baf752b71ea03a2277b152afb7e","15348770","1660604366","2022-08-15 22:59:26","Bought","0x019ffbf2cbeec4b6fc8934498f3fc12072fed360","BoredApeYachtClub","5463","721","1","78 ETH ($148,171.92)","X2Y2"
"0xb22bb1c7fb2527212ecfd780996fc9450f609e4acfd0d6d806a7a29d0a70bc90","15348983","1660607191","2022-08-15 23:46:31","Bought","0x6410ab5a08cb0bee653617b23894857381c8cfa9","BoredApeYachtClub","5935","721","1","78 WETH ($148,171.92)","OpenSea"
"0x3f88c39bd44f4a58b3d76e09cf8c0a06e95f0aa8860b10e1f452cbaeee389291","15349169","1660609502","2022-08-16 00:25:02","Bought","0xed2ab4948ba6a909a7751dec4f34f303eb8c7236","BoredApeYachtClub","5681","721","1","70 ETH ($131,401.20)","X2Y2"
"0xdaaa8e835bd2a339e7d0bccca9f5c7e043fbb7c4009c78581a44f7e87e2c4c75","15349299","1660611263","2022-08-16 00:54:23","Bought","0xed2ab4948ba6a909a7751dec4f34f303eb8c7236","BoredApeYachtClub","4793","721","1","71 ETH ($133,278.36)","X2Y2"
"0x7815ba04ed37e6a0738df6c56ef3037de54fa881043ebf77dadb500f3bfea64c","15350047","1660621375","2022-08-16 03:42:55","Bought","0x416d859290ae95e1e0e4ab828d74dcacf9b6d3f0","BoredApeYachtClub","4351","721","1","89 ETH ($167,067.24)","OpenSea"
"0x288c44e47eeb00c7c44c3fc75c0d776b04c8b1cdc50997c5591ec9658f60b1e2","15350441","1660626828","2022-08-16 05:13:48","Bought","0x2a134320bc6e0963ab8d98ae78d135cceae7c243","BoredApeYachtClub","9314","721","1","79.95 ETH ($150,078.94)","OpenSea"
"0xd3d3cc11ae35184b80506413478d1839c598b6b032d873facae0c781f71341b9","15350539","1660628053","2022-08-16 05:34:13","Bid Won","0x3bad83b5e9a026774f3928d1f27d9d6c0590da85","BoredApeYachtClub","2978","721","1","78.8 WETH ($147,920.21)","LooksRare"
"0xce4bc3d7d68ba753d89a7f325937e940953f85fd664d84fffd5ed60ff667956a","15350814","1660631933","2022-08-16 06:38:53","Bought","0x6bf0af4d0a7a68d6a5db527eae6af078dba362f7","BoredApeYachtClub","5930","721","1","80.5264 ETH ($151,160.94)","OpenSea"
"0xa8a91b49787da55d2ea8242cd3187eae9942738878c157a3f90d0e7bc56d02ac","15351198","1660637204","2022-08-16 08:06:44","Bought","0x3c05c8c71fc3bd1e095a71f1ab58a9142b41e8ad","BoredApeYachtClub","3113","721","1","92.6316 ETH ($173,884.33)","OpenSea"
"0x032d94086d1ddfafc99b673bb5cde14e27f81c1ff5e65062425d5eec12138b2c","15351771","1660644694","2022-08-16 10:11:34","Bought","0xd66382822d6089f9bbb4a4afa98864c3d73cd6a3","BoredApeYachtClub","1136","721","1","79.9 ETH ($149,985.08)","OpenSea"
"0xc996855ae537034a84de009a3f1de16955034cac3d89f53502de79c4db416508","15353255","1660665008","2022-08-16 15:50:08","Bought","0xaf0f4479af9df756b9b2c69b463214b9a3346443","BoredApeYachtClub","9535","721","1","71.925100000000000477 WETH ($135,014.92)","OpenSea"
"0x5d09b8c9bafa4f93e0c0cf48a724dd3d6064eb3e4f92578ac3c53507ddb16025","15353447","1660667921","2022-08-16 16:38:41","Bought","0xed2ab4948ba6a909a7751dec4f34f303eb8c7236","BoredApeYachtClub","9535","721","1","75 ETH ($140,787.00)","X2Y2"
"0x8124dfa7ecc7877d6644911c9d559dc952b43d1cd8d3df3fffe3387ea234c635","15353806","1660672876","2022-08-16 18:01:16","Bought","0x5c41c2b9e14c9ed3c369b6bd87d5b95806a34502","BoredApeYachtClub","5586","721","1","82 ETH ($153,927.12)","X2Y2"
"0xb260cbe7a30ea917fa2f166880f9d76e163e174b8877b61d6a9436eed04ab285","15355490","1660695173","2022-08-17 00:12:53","Bought","0x254637b844f903dc2e3fa104b1066a2c1d956ed2","BoredApeYachtClub","6611","721","1","73.5 ETH ($134,801.94)","X2Y2"
"0x4b52a08b3c558205a81a8eea2c8b273d7cefc140211e843533c032b9fca2d0c6","15355957","1660701848","2022-08-17 02:04:08","Bought","0xe67112647b7aea8b7490f27e1c75208868138df2","BoredApeYachtClub","8880","721","1","105 ETH ($192,574.20)","OpenSea"
"0xd62d90f88b62f4c922686bd2c9799b340bf5a76ad17fb4ec338e3b600a51110f","15356036","1660703167","2022-08-17 02:26:07","Bought","0x85e59a136696fa544714eb32625f2f56f3b1c96d","BoredApeYachtClub","5383","721","1","777 ETH ($1,425,049.08)","OpenSea"
"0x62f595c68efd2992b4f5e858aadd534450f45e9a536052c51433d52e4b28e168","15358106","1660730848","2022-08-17 10:07:28","Bought","0xe43192c078e391d6243e7e45828c0669162bb9e7","BoredApeYachtClub","4497","721","1","70.8004 WETH ($129,850.77)","OpenSea"
"0xac674f9f7b936c6d73f30eb3627cfae9d38a967535d1b4bd5d3a9db41bac0e21","15358108","1660730873","2022-08-17 10:07:53","Bought","0xaf0f4479af9df756b9b2c69b463214b9a3346443","BoredApeYachtClub","9425","721","1","70.800299999999992905 WETH ($129,850.58)","OpenSea"
"0x5aed01b80b500fcbfb834a26347303cddf4d60d4fe3ff0e5b127ab84c790da2e","15359557","1660750583","2022-08-17 15:36:23","Bought","0x45db20765822ab1f7921b739bd1cdec7e92bc5f3","BoredApeYachtClub","2256","721","1","81 ETH ($148,557.24)","OpenSea"
"0xa81b2751951f8199403e2b1338c0bf6300b64de028353783a69cafa9dd9d95df","15359618","1660751407","2022-08-17 15:50:07","Bought","0x45db20765822ab1f7921b739bd1cdec7e92bc5f3","BoredApeYachtClub","8380","721","1","88.69 ETH ($162,661.01)","OpenSea"
"0x3ed74c57114859620cc9fccfb7a6e956f48ac8d9ea65038494afbd50dba792c1","15359643","1660751768","2022-08-17 15:56:08","Bought","0x488db2810beba8dad806c7d237751075dc48364c","BoredApeYachtClub","9119","721","1","79.69 ETH ($146,154.65)","OpenSea"
"0x2b6a438a7878b52eaf4fee06781d170e995cd7aafb6cb06781a5e473b1186f36","15360709","1660766446","2022-08-17 20:00:46","Bought","0xc0110e59566128907454329f83a9d432ad5f293a","BoredApeYachtClub","5887","721","1","73 WETH ($133,884.92)","OpenSea"
"0x365bb5dd5c99ad4f96c8dff17ca67138028d9c472d8df1cc121cc6c8b6743645","15361181","1660773146","2022-08-17 21:52:26","Bought","0x19fffb371b95574df860e90b6a5b69256629b585","BoredApeYachtClub","1060","721","1","68 ETH ($124,714.72)","X2Y2"
"0x4622132d41132d0732108ac2979cd12dd8268b2398d9c23f1156796615ec0040","15361285","1660774885","2022-08-17 22:21:25","Bid Won","0x6c7e534f8c4dffb7ea52fc3d4aa7a16b4a575fe0","BoredApeYachtClub","8922","721","1","68.681 WETH ($125,963.70)","X2Y2"
"0x67a7f0da9a0425b00414824d8bbcf250e17b844034398488834b32f980558461","15361410","1660776463","2022-08-17 22:47:43","Bought","0x92fb2111190b08fcb0825de12b55d3069ed86e54","BoredApeYachtClub","9010","721","1","71.5 WETH ($131,133.86)","OpenSea"
"0xfbe31b2f9d9c16fb7a6e5074feb6f3f93a8b97c4cf33975367f636a1edfc4938","15361729","1660780910","2022-08-18 00:01:50","Bought","0xe80ede77b1d15c37104cd43cf2ecb221e1cd0818","BoredApeYachtClub","2255","721","1","85 ETH ($156,940.60)","X2Y2"
"0xb421c0ebfe013d213fb8bfc8b4dfb5d0a967daf764e2bf27b01609591acce2da","15361978","1660784229","2022-08-18 00:57:09","Bought","0x70219c18604debf89379d566a622bde2c5bc7621","BoredApeYachtClub","7038","721","1","99 ETH ($182,789.64)","OpenSea"
"0xc32f075d7675674e304a55c570d2604e0d4b83a450d878346c1364bb2536499f","15362460","1660790666","2022-08-18 02:44:26","Bought","0x851b0a003bf1ca98ee84028848da1ed69a50cca7","BoredApeYachtClub","5681","721","1","75.024305555555555556 ETH ($138,521.88)","OpenSea"
"0x862fc9d39934da8358890c2f932b357f9e9e82181ad8fd21eabf4b166b4901df","15362481","1660790932","2022-08-18 02:48:52","Bought","0xd9d7046933bd3d0a3e869959ef95e4c41522c1bf","BoredApeYachtClub","2846","721","1","78 ETH ($144,016.08)","X2Y2"
"0x840ef269083243ef6457788db569d06a970e92a9e55edd0aa8551979b46ab839","15362580","1660792291","2022-08-18 03:11:31","Bought","0x92fb2111190b08fcb0825de12b55d3069ed86e54","BoredApeYachtClub","9473","721","1","72.1 WETH ($133,122.56)","OpenSea"
"0x6b8c383d1bc8567e4b9b1c49755bc63c5a53b268f2bfbec62bbde8d7a03744a2","15362688","1660793656","2022-08-18 03:34:16","Bid Won","0x8d48e5794e054001db3dc5c9e94050299e6d1636","BoredApeYachtClub","2674","721","1","68 WETH ($125,552.48)","X2Y2"
"0x3fba22e4477bf4a88683503efd10b8702aff02d1c461656ee3955b8451eb492b","15362746","1660794450","2022-08-18 03:47:30","Bid Won","0xdd94fe8f7e96d579e82f67d5b0ef6df493f72d80","BoredApeYachtClub","8057","721","1","67 WETH ($123,706.12)","X2Y2"
"0x26bd12b94c15281e563525a7548ce489faf3e2f1902a46f00970e06fbf453657","15362776","1660794762","2022-08-18 03:52:42","Bid Won","0x2eecfb5ba541b53bc5f3988e702960d975774985","BoredApeYachtClub","887","721","1","67.342 WETH ($124,337.58)","X2Y2"
"0xf9a7cf2a709e892dddfdedcca4ebacd370935be177a173f49e9c46eefa0edbdd","15363796","1660808911","2022-08-18 07:48:31","Bought","0x01a23eba5023064d505dd45fbfa683a601c7685b","BoredApeYachtClub","6255","721","1","95 WETH ($175,404.20)","OpenSea"
"0xb0c193d420671e5799b00559a55abbe27c498f3438da454c4126c0c84b25ea9e","15365321","1660830136","2022-08-18 13:42:16","Bought","0xdcd779088250f18fe1a91a067b15f92f5f273061","BoredApeYachtClub","8057","721","1","65 ETH ($120,013.40)","X2Y2"
"0xb6a0cd9e3abf7e24a40b6ca8aa3839c806f09304ce3462a2d2de398cebc13d5f","15366558","1660847338","2022-08-18 18:28:58","Bought","0x3b33ff04962cfd91325ad8f1e3c033b8428331a0","BoredApeYachtClub","9535","721","1","77 ETH ($142,169.72)","X2Y2"
"0xf755319cf3ef9da3d994f133f072fcb39d238224ac30230ecbd0435b8b0ee5ce","15367262","1660856907","2022-08-18 21:08:27","Bought","0x36e3b8036faa6888d00209ffa20602b958e53740","BoredApeYachtClub","4052","721","1","81 WETH ($149,555.16)","OpenSea"
"0x0f83459ed044240373c580056fd45902137702a95f33a443be48e354055416d6","15367504","1660859896","2022-08-18 21:58:16","Bought","0x81366570393146da8b4bf20bfed61e398c740701","BoredApeYachtClub","8887","721","1","97 ETH ($179,096.92)","X2Y2"
"0xe3a90d19eb51b1eabca2406e10083fa656db23d34b7c1ceb282d027217f8e987","15367754","1660863147","2022-08-18 22:52:27","Bought","0xf6aa70e2a9fd61b53f7520b7713503cad293f318","BoredApeYachtClub","8083","721","1","99 ETH ($182,789.64)","OpenSea"
"0xf39762e89ab3e92140dee603088605d3adb154f9545f0816bbf0c29d9e5af01a","15368305","1660870781","2022-08-19 00:59:41","Bought","0xbf45c33ec9cc59c0de50d33d87e13e61df25dbef","BoredApeYachtClub","9095","721","1","71 ETH ($114,242.55)","OpenSea"
"0xc3d6c78f286251650ee79a11d01104a1567882e4c93f927579167e11248e591f","15368570","1660874501","2022-08-19 02:01:41","Bought","0x1ef555e2245900303562793ba1356a283276bb8e","BoredApeYachtClub","3646","721","1","67 WETH ($107,806.35)","LooksRare"
"0x8e6664d20b3406384a91ee85cea6160dfabae2405bba63d35c09c6bfedb597eb","15368753","1660876711","2022-08-19 02:38:31","Bought","0x57ab29c581c57a6c020aaa8252ed437c5e7ab464","BoredApeYachtClub","6501","721","1","70.49 ETH ($113,421.93)","OpenSea"
"0x4f9de06de1f7cbbf698acfdf6d5116d885611be366f167de0f242856df2ddee6","15368973","1660879584","2022-08-19 03:26:24","Bought","0x5e84a35da90d8c45fd86b6b2dd6e04403cf6c55b","BoredApeYachtClub","9598","721","1","72 ETH ($115,851.60)","OpenSea"
"0x951211a5b07cbcb08a481582fcd7c31fe5c47a64c94f7b55a25b9b62261dd70b","15370349","1660899170","2022-08-19 08:52:50","Bought","0x0f53b7c31c8def281d3b5eacb67157c7d2c71a0e","BoredApeYachtClub","6648","721","1","99.69 ETH ($160,406.19)","OpenSea"
"0xc043bd16002a5604c305db20237a041254edae5e2dd8cb68239e2c4a6a71e6b1","15371286","1660911981","2022-08-19 12:26:21","Bid Won","0x0dd02e913c3e9bd3735d26b5b89f755974d2ed19","BoredApeYachtClub","2327","721","1","73 WETH ($117,460.65)","LooksRare"
"0x4ef0f926259761b475d4ff58b1f3c4e3cc0210fd342d75bb88384e9d92be257b","15371694","1660917587","2022-08-19 13:59:47","Bought","0x3b69035f18e923ad2144f775a6156931f9b15d2d","BoredApeYachtClub","7816","721","1","69 WETH ($111,024.45)","OpenSea"
"0xbb8dee2d6ffdf2de7ea5461c504f2efd70daf0f42a43e12d49139889a86e65fe","15372703","1660931053","2022-08-19 17:44:13","Bought","0xce053019efc36c7a184c96cae17c7ccca71c9874","BoredApeYachtClub","5071","721","1","65 ETH ($104,588.25)","OpenSea"
"0xc88cc2a078b7c876a0444f8b42fff97043a2b6cef495a9682b743fbf3f374ab3","15372703","1660931053","2022-08-19 17:44:13","Bought","0xf811cd28c8657abfe3af0190a62a9b59c711adcb","BoredApeYachtClub","7346","721","1","77.7777 ETH ($125,148.21)","X2Y2"
"0x789d049b5a49e85cc6da34d8866f3f0b3ffeed4bce30598ff30b13a76ebef3cc","15372819","1660932603","2022-08-19 18:10:03","Bought","0xae883438e3ac3978e9bae7ea2a12f2137d132ade","BoredApeYachtClub","2754","721","1","74 ETH ($119,069.70)","OpenSea"
"0xa5c96d5d20c0abed4234417040dacb48b4039a95cdcb311e563f27d966a20fdc","15372933","1660934178","2022-08-19 18:36:18","Bought","0xce053019efc36c7a184c96cae17c7ccca71c9874","BoredApeYachtClub","9836","721","1","72 WETH ($115,851.60)","OpenSea"
"0x1dc7ed2b05bc4a0b627e332a8754f3fd4ca15b70d3490a1afd32172d22a2fb69","15373997","1660949355","2022-08-19 22:49:15","Bought","0xdd94fe8f7e96d579e82f67d5b0ef6df493f72d80","BoredApeYachtClub","2749","721","1","62 WETH ($99,761.10)","OpenSea"
"0x5cb696ff1f8969002ecbc2bf3948b99675396a736e134ad86c4138c47fb2b64b","15374245","1660952664","2022-08-19 23:44:24","Bought","0x76ade2f654eb9490275114310fde8dac0d0eed87","BoredApeYachtClub","8081","721","1","74.55 ETH ($119,954.68)","OpenSea"
"0x5b8272551d719b9e52b0cf37222393ba2129678551369394fc7700044c13a0eb","15374475","1660955574","2022-08-20 00:32:54","Bought","0x0e2d7a391ae9178d8716ea04f5abcd475f245031","BoredApeYachtClub","6123","721","1","70 ETH ($110,301.10)","OpenSea"
"0x914ace5af7e71558fcb65b7dc2130e37b2a726ed560f047c358fcad83e79e1e0","15374491","1660955772","2022-08-20 00:36:12","Bought","0x3f15a8d593a6626b23ead270f7b1085ae23ba469","BoredApeYachtClub","2749","721","1","65 ETH ($102,422.45)","X2Y2"
"0xb073f0f186f2ecc51661586e6f0f269ddcf1857287e6f4c64a5b06b0933bf820","15375087","1660963908","2022-08-20 02:51:48","Bought","0xce053019efc36c7a184c96cae17c7ccca71c9874","BoredApeYachtClub","2091","721","1","66.69 ETH ($105,085.43)","OpenSea"
"0x0709e14633f9801e5267f1b149f111a6e95b49e64d07ddde5793343786fd5015","15375310","1660966930","2022-08-20 03:42:10","Bought","0xc7a3fc4e2618cccab5e01963d7e2a8a208812f59","BoredApeYachtClub","5092","721","1","71.69 ETH ($112,964.08)","OpenSea"
"0xcb058bdaaf0981ecc8e4a8d94fe683d7ea412a0de0006642a434be55b98090ad","15376190","1660978712","2022-08-20 06:58:32","Bought","0x130ca48dabf46aa98a6f9607aaa89309dea03729","BoredApeYachtClub","9767","721","1","70.8 WETH ($111,561.68)","LooksRare"
"0x43dc82a2feba6906826c3ec5360099563ef98ee252b248e77f4bc0cebbcf4b53","15376402","1660981812","2022-08-20 07:50:12","Bought","0x47df5af83a06775918ae423310da17d1f6fe639e","BoredApeYachtClub","887","721","1","70.69 ETH ($111,388.35)","OpenSea"
"0xb1ffa7ecdb663f54ebc202c0b7e2275e6720c325710afaca44c21c7872280c60","15376877","1660988305","2022-08-20 09:38:25","Bought","0xea8eac204838ea4da2aac95543a9773cb715d332","BoredApeYachtClub","887","721","1","0 ETH ","OpenSea"
"0xb4ecf40bbd9a5d27f7cc793559e19f1c653cdc76c319b611dd9036cd98fa8943","15377480","1660996447","2022-08-20 11:54:07","Bid Won","0xed2ab4948ba6a909a7751dec4f34f303eb8c7236","BoredApeYachtClub","887","721","1","61.6969 WETH ($97,217.66)","X2Y2"
"0x64edbc15d78e7b0dd86330975f69c653c6504ed0dca3401e14169ad7bd9c565e","15377772","1661000801","2022-08-20 13:06:41","Bought","0x4c05908d02467840c3bdb9c1848f3c13090eabdf","BoredApeYachtClub","2502","721","1","64 ETH ($100,846.72)","OpenSea"
"0x5a7aa5ea514272560c4b43d325da83af2e78091011cd63c76ef0ac499adec12a","15377774","1661000824","2022-08-20 13:07:04","Bought","0x4c05908d02467840c3bdb9c1848f3c13090eabdf","BoredApeYachtClub","7249","721","1","70 ETH ($110,301.10)","OpenSea"
"0xe9b683398a7bc732656ab3fc166139b3b1d40c148530ba02cb61bc7358b4e1a1","15377778","1661000869","2022-08-20 13:07:49","Bought","0x4c05908d02467840c3bdb9c1848f3c13090eabdf","BoredApeYachtClub","6329","721","1","72 ETH ($113,452.56)","OpenSea"
"0xec79666268ce1315d51d24e522dcb498c0b2cea1223d71d896d473fa8b3f28ad","15378590","1661012113","2022-08-20 16:15:13","Bought","0x1ed3b397504a52fe86bda23cf3d4c016d680e8a9","BoredApeYachtClub","2553","721","1","111 WETH ($174,906.03)","OpenSea"
"0x6f772be9f61f878332bf570e58c6c60af4389356ff5f9ffd805e60c9c3860e4f","15379001","1661017534","2022-08-20 17:45:34","Bid Won","0xa2f385e27ecb1682b0f2f1a5272f4c22843488eb","BoredApeYachtClub","8167","721","1","65.69 WETH ($103,509.70)","LooksRare"
"0xa6330f5fba41be475fa41f20c5d0011a99a62d64c8ecf1cc878e973e7ba30023","15379259","1661021195","2022-08-20 18:46:35","Bought","0xbda35c85e2e732398f0b334d6570f6c7041566a7","BoredApeYachtClub","2465","721","1","75 ETH ($118,179.75)","OpenSea"
"0x6a2b2b59c1057ef57003062afc57cbc0c1b476b8e1b0a4e52a7757ae0dcb54d8","15379366","1661022683","2022-08-20 19:11:23","Bought","0x651151ac05247883beb377d2da936d5bc0adf93b","BoredApeYachtClub","6756","721","1","92 ETH ($144,967.16)","OpenSea"
"0x1cf38e63d6e45ea409e8e3696824ebef873d1d6849bf8c0159858188934772b1","15380249","1661034439","2022-08-20 22:27:19","Bought","0x01477733654da24e03f497c7fe8d1a5e25b7795a","BoredApeYachtClub","5151","721","1","73 ETH ($115,028.29)","X2Y2"
"0x17bf8566c114fba802a1512bbad719c1ddf7242c768541692f5cbf92f60660b4","15380682","1661040170","2022-08-21 00:02:50","Bought","0xb425debae63f4f2a452866ef9d7401af884af7d0","BoredApeYachtClub","7381","721","1","119 ETH ($192,525.34)","OpenSea"
"0xcbff9411af91c078e3a07615f185cdc1dc3b71f5b1a46619f52ef76d9ad322ba","15380935","1661043482","2022-08-21 00:58:02","Bought","0xe6a57651b2e3f38f176c75e977ede51d4ddf6629","BoredApeYachtClub","5923","721","1","65.8 ETH ($106,455.19)","X2Y2"
"0xaf83fc69b9533ec59a13083be9640bf5c6aa58b3a516942c7abc56a3f9f90874","15381445","1661050382","2022-08-21 02:53:02","Bought","0x900d60684b0ba29d8c209cafa4fb9a202de8e0ac","BoredApeYachtClub","9054","721","1","69.5 ETH ($112,441.27)","OpenSea"
"0x43b7fd2f879e33648f02708b114b6e43e2512351ce6d5e9fd1b1d69a713d5cfa","15383898","1661083493","2022-08-21 12:04:53","Bought","0x050a3bf4cc6898bddb35824a5a130a8c16f05000","BoredApeYachtClub","2414","721","1","67.98 ETH ($109,982.12)","OpenSea"
"0xa25a371731e8cb80c3d2e7222b1a3998311b8f057eae2139da966e36f5ef3bca","15384203","1661088142","2022-08-21 13:22:22","Bought","0xd296e124b9bfe56d285a66c3f8306aeaf3c78465","BoredApeYachtClub","7339","721","1","67 WETH ($108,396.62)","OpenSea"
"0x5336d2638d66eef1e08f6b0632f00a9291a97b2acbf6fab129f7cbe0ebe92f43","15384309","1661089671","2022-08-21 13:47:51","Bought","0x2b73a6001e30338c35d4c02152b6a5afebb2be89","BoredApeYachtClub","6487","721","1","67.99 ETH ($109,998.30)","OpenSea"
"0x25f15e479b539bda11ec2e8e2293b08283c8186d7aa727ce5c77c6f0b4cf561a","15384415","1661091228","2022-08-21 14:13:48","Bought","0x98d33badf4d7a96358e3db2d80f28802afdc9692","BoredApeYachtClub","6834","721","1","65 WETH ($105,160.90)","OpenSea"
"0x68a666c5a9aaa4a128ed32c88285319d0c1dec70be2b9626ef924e36fd275d25","15384498","1661092432","2022-08-21 14:33:52","Bought","0xc4d598704ad40a8efeb1a6b0db9aea2bd37231ae","BoredApeYachtClub","2436","721","1","72 ETH ($116,485.92)","OpenSea"
"0x8c582347c052f0d2ac7390632f2f5959db2060805f3d8596633b1161aa04523c","15384543","1661093113","2022-08-21 14:45:13","Bought","0xdd94fe8f7e96d579e82f67d5b0ef6df493f72d80","BoredApeYachtClub","8682","721","1","63.2 WETH ($102,248.75)","OpenSea"
"0x6dcce1ddf7b19c5bb1cc2402c652f2a2682d07ec44b6a5110decc87e3a897327","15384765","1661096698","2022-08-21 15:44:58","Bought","0x75cfed3969e79a5e8dd05cbcd116b2c1d3822ae2","BoredApeYachtClub","3921","721","1","61.8 WETH ($99,983.75)","OpenSea"
"0xfc0b31b912b709e3ecaac30b0f5adde0a70ba30fc62ded647b475ae66c1befe4","15385127","1661101342","2022-08-21 17:02:22","Bought","0x1d62df39f4d20119eceef66bfee23c0afe49ceb8","BoredApeYachtClub","9960","721","1","85 ETH ($137,518.10)","X2Y2"
"0xd187f0df41c2e54e381ffc60f2608837974f1642d112dcc0da1e64dab8f7fa23","15385134","1661101424","2022-08-21 17:03:44","Bought","0xf4e76b7272831fe4c4353c79e0f63a81c00651c2","BoredApeYachtClub","9045","721","1","66.99 ETH ($108,380.44)","OpenSea"
"0x752ce83c97353c1b145ee526a0395d95e613d7f2b11328c31ad475297e9a0558","15385199","1661102381","2022-08-21 17:19:41","Bought","0xc6cf5a020bcfc65c6f8181c04cbb5ef5050fe28e","BoredApeYachtClub","3552","721","1","64.2 WETH ($103,866.61)","OpenSea"
"0xea67cbf4b08cf2010ff251d27986466bf0b1863561a9b83da4b79447eb35b7a1","15385466","1661105823","2022-08-21 18:17:03","Bid Won","0xc5543b3a2973dd3b9d156376e1e8e7d0dcac3664","BoredApeYachtClub","8922","721","1","65.79 WETH ($106,439.01)","LooksRare"
"0xbe978e537ee2474e89cf4454ef08ad800ebe0615358c39bea8a2aa2a85941a47","15385495","1661106223","2022-08-21 18:23:43","Bought","0x8abc7f5b182fe5546624f894ec1727381cfb45b1","BoredApeYachtClub","9384","721","1","83.69 ETH ($135,398.70)","OpenSea"
"0xa31dabfcc1280143a90ea9a68eef81ba38e01b3ad2dd7cda5d404be02c8804af","15385762","1661109451","2022-08-21 19:17:31","Bought","0x08be9c7e5e42cf243a8a7bc722a58030dfcfb4e8","BoredApeYachtClub","1813","721","1","71.25 ETH ($115,272.53)","OpenSea"
"0xff4a13fd85979df44dd338395ede0fe06ca9aba32b37fb97ad849d6560293c90","15385874","1661110961","2022-08-21 19:42:41","Bought","0xbecd032e040537a3c7ff0608170659886ccf62a1","BoredApeYachtClub","8682","721","1","65 ETH ($105,160.90)","X2Y2"
"0xfcfb38660645bde044d06501cdf023176bcb517ca958060bf8cd83b4d98321f3","15387419","1661131901","2022-08-22 01:31:41","Bought","0xdd94fe8f7e96d579e82f67d5b0ef6df493f72d80","BoredApeYachtClub","6811","721","1","70 ETH ($113,725.50)","X2Y2"
"0xe8cebcad38a3b485fb00712c2bb89fc270d498a52dd68e20faee3f3e43f1aed1","15387629","1661134845","2022-08-22 02:20:45","Bought","0x9f0716bf7e4a4e19867599a54f1108e0c11fec98","BoredApeYachtClub","5718","721","1","150 ETH ($243,697.50)","X2Y2"
"0xf881a8e2e9fb0bb5da0f1e0f16046a43d1af983397bf3b7ce7b1b60f3f7eef89","15387898","1661138593","2022-08-22 03:23:13","Bought","0xdd94fe8f7e96d579e82f67d5b0ef6df493f72d80","BoredApeYachtClub","483","721","1","66 WETH ($107,226.90)","OpenSea"
"0xd4a340335a8e8717b05f22f4ff54592f643e711299e62ab76bfa38911a89cdcf","15388137","1661141757","2022-08-22 04:15:57","Bought","0x1c844fbd946ff35385d636953017cee2781db754","BoredApeYachtClub","483","721","1","66.26 ETH ($107,649.31)","X2Y2"
"0x4d575b0f8e77602df1e6c5790fab731fb99a9249d69e9419004e24a6179da1dd","15388200","1661142673","2022-08-22 04:31:13","Bought","0x20b46ca694b93d6164547e686c6566f14e1d6430","BoredApeYachtClub","6811","721","1","77 ETH ($125,098.05)","X2Y2"
"0xad40691dc75b46811c61bccaa2e455fe97c140f9238879e72940e8ed0126bcb0","15388403","1661145447","2022-08-22 05:17:27","Bought","0x31b9e999b188696d210c562e7dad24a90082d45b","BoredApeYachtClub","6331","721","1","79 ETH ($128,347.35)","OpenSea"
"0x438aee0e98a6486fefe7d082c0001556c1aa2a45149d8eb124585f73d733755e","15388494","1661146819","2022-08-22 05:40:19","Bought","0xdd94fe8f7e96d579e82f67d5b0ef6df493f72d80","BoredApeYachtClub","7729","721","1","67 ETH ($108,851.55)","X2Y2"
"0x8999123c5ec99fd583c63e7356aa9b5c1202683ad6effef8fb2ada092b21598d","15388966","1661153370","2022-08-22 07:29:30","Bought","0x5d5335e6bea4b12dcb942cec1da951ae63f2ae64","BoredApeYachtClub","3758","721","1","64.5 ETH ($104,789.93)","X2Y2"
"0x0d561d2d717e995da120374da15308be999eeb63e1e69d344fc6780439888f16","15389600","1661162192","2022-08-22 09:56:32","Bought","0x50e00ae08678ebd16b79b84439defa046f18eb76","BoredApeYachtClub","9357","721","1","62.520000001 WETH ($101,573.12)","OpenSea"
"0x65b4fa333965916b504d4dcb4dbea424386a93b184f2100a97b6f97f3df73574","15389819","1661165602","2022-08-22 10:53:22","Bought","0x3ea899819660317a8724d5af4e0becf0cdb08ea4","BoredApeYachtClub","3688","721","1","64.01 WETH ($103,993.85)","OpenSea"
"0x534071c59fc6defaec9b666347bb123d3d744170354b53d83e49eb0e25292500","15390307","1661172315","2022-08-22 12:45:15","Bought","0xc6e18d19c5243155c8db4d208753ba7c0ed8d883","BoredApeYachtClub","3688","721","1","69.95 ETH ($113,644.27)","OpenSea"
"0x82c04e32014155874094e8e312efdfcfcb12000d39d9cde02741589d4e24e093","15390611","1661176560","2022-08-22 13:56:00","Bought","0xe73a3bd2801d151c7751b5b518983be67a17b6e3","BoredApeYachtClub","887","721","1","61.6969 ETH ($100,235.87)","X2Y2"
"0x1f3571f1058b0955c509ebd505b54a09d86a1a0fafea98a4bf5eb04b69e7d172","15391343","1661185866","2022-08-22 16:31:06","Bought","0x6189e05a28bef26bcf76f22ab311282d5e843df4","BoredApeYachtClub","7729","721","1","70 ETH ($113,725.50)","X2Y2"
"0xc6426fc897e9539f4666a23fc9b548847f802fd5a91a8147ca00c589f7ea7244","15391960","1661194075","2022-08-22 18:47:55","Bought","0x898a018688989986c6923bcd969c0668eea831cd","BoredApeYachtClub","9521","721","1","64 ETH ($103,977.60)","X2Y2"
"0xb3e6ad5a9b92c94edf963e2793d89e4f7c8701dbb5966269b6702602997146c1","15392325","1661199484","2022-08-22 20:18:04","Bought","0x3d7a5f056c725d94315ade81db021f86d5a69df7","BoredApeYachtClub","7514","721","1","63.069 WETH ($102,465.05)","OpenSea"
"0xa79a1a7ca9e2af404a2a1048c12285fd8df095647ad1345c7b5c43a839f66f7e","15392427","1661200939","2022-08-22 20:42:19","Bought","0x84e33c4803bbf4abbc233133bb5190959102db8c","BoredApeYachtClub","3921","721","1","69.99 ETH ($113,709.25)","OpenSea"
"0xfe14f4c5e2183d929a58357f89e51ad6d928a566b84974da82e39152ca0521c8","15393118","1661210198","2022-08-22 23:16:38","Bought","0x3ea899819660317a8724d5af4e0becf0cdb08ea4","BoredApeYachtClub","621","721","1","64.01 WETH ($103,993.85)","OpenSea"
"0x1d94b2251f9244e2762eb61ca49101c505ee09b9f3d10cf3a91855e0d56ebb1c","15393594","1661216636","2022-08-23 01:03:56","Bought","0x3a0bef9700474a00b10a1063b59685de6e690c08","BoredApeYachtClub","7221","721","1","80 ETH ($133,180.80)","OpenSea"
"0x2a8055d6a8e071df7169e93586f2bfc59343e29419467f5df2c5b96a7e551dfa","15393946","1661221388","2022-08-23 02:23:08","Bought","0x75c8bb1922c7fe0cb2f4d76bf778cfce74b35830","BoredApeYachtClub","5147","721","1","89.8 ETH ($149,495.45)","OpenSea"
"0x9b6873bdab8962ce8c025484786d764a957fbf3ffc34a57af198356c31a73ca9","15394819","1661233413","2022-08-23 05:43:33","Bought","0x23c88c6a03aa2e56bc545458bdee01b4843479ab","BoredApeYachtClub","6728","721","1","65 WETH ($108,209.40)","OpenSea"
"0x274f99b702800b5e20b7e4b06537cd0068610f06ce06b3714d6f50fae2e2dd72","15396234","1661253463","2022-08-23 11:17:43","Bought","0xaf5fc2a71fe35956bcd1ff7bf7ba73aa9e0c9a8b","BoredApeYachtClub","1570","721","1","70 ETH ($116,533.20)","OpenSea"
"0x18d4d4744b871729398773e1da4c6808e720d802b290b16fd501e5f0765a69be","15397900","1661274835","2022-08-23 17:13:55","Bought","0xcbd4fa94fa3ac5782155bc8b414b83220ee1a8d6","BoredApeYachtClub","1702","721","1","66 WETH ($109,874.16)","OpenSea"
"0x1c62661d5610de3e656fb2f1b3d75f737fbfd2c433e3a93585bc388e14b552a5","15397987","1661276102","2022-08-23 17:35:02","Bought","0x385a4a3be821a7ac53dd852a10508afe86ebf5f2","BoredApeYachtClub","7046","721","1","68 ETH ($113,203.68)","X2Y2"
"0x56f522bc60c6628657345e024c32007320fadea5d6cb5a3cff707d3c820cf9ec","15399590","1661298278","2022-08-23 23:44:38","Bought","0x6a86c6b8132c58aa9642f6e01486d4e8f673767a","BoredApeYachtClub","9899","721","1","69.69 ETH ($116,017.12)","OpenSea"
"0x39601fa5f4dacbeff2feeccc456d0220b0e4d2c8225b3ae1534fa2a8d5590d7b","15399868","1661302448","2022-08-24 00:54:08","Bought","0xed2ab4948ba6a909a7751dec4f34f303eb8c7236","BoredApeYachtClub","5306","721","1","82 WETH ($135,834.64)","OpenSea"
"0x80daac43bf430e58641596897f0cbb806201aa59e84930715f6ddd65f3fa295c","15400105","1661305819","2022-08-24 01:50:19","Bought","0xf3a19d467c4aae2e58a7eb229d472d48f9f010c6","BoredApeYachtClub","3859","721","1","85 ETH ($140,804.20)","OpenSea"
"0xd7b83319fd3b62a2b5b272dd5e169292ac62582387d561e180e1b9ee963a0ec9","15400571","1661311956","2022-08-24 03:32:36","Bought","0xdd94fe8f7e96d579e82f67d5b0ef6df493f72d80","BoredApeYachtClub","8487","721","1","85 ETH ($140,804.20)","X2Y2"
"0x6abc903573c0a615797ff9b88564ea59de7bef48966e93d4d181ef42dbb86f18","15401671","1661327221","2022-08-24 07:47:01","Bought","0xcd2854b46c7e553d530eab029712ad205ba6ed02","BoredApeYachtClub","127","721","1","66.99 ETH ($110,970.27)","OpenSea"
"0x25ae50cb6b5e6191ab5e159b854f4ae854ddb2ce3ab85b031f96ff359bda424b","15402704","1661341141","2022-08-24 11:39:01","Bought","0x4c05908d02467840c3bdb9c1848f3c13090eabdf","BoredApeYachtClub","8307","721","1","70 ETH ($115,956.40)","OpenSea"
"0x8fde3c83a613a7a648cc06ed9f0c1e38c5bbe117be4aa5e823414bf7a7aca507","15402723","1661341355","2022-08-24 11:42:35","Bought","0x4c05908d02467840c3bdb9c1848f3c13090eabdf","BoredApeYachtClub","9545","721","1","73 ETH ($120,925.96)","OpenSea"
"0xfa838038bad3d8a1f20b801f0842a5dcd5f6184dbbfcdca24893c62b0eafd521","15402955","1661344599","2022-08-24 12:36:39","Bought","0xed2ab4948ba6a909a7751dec4f34f303eb8c7236","BoredApeYachtClub","1105","721","1","68.99 ETH ($114,283.31)","X2Y2"
"0x0b9f2a29493c3eef297c2de314ffa80e668e2062a55af0a8599d0bf6cc6a6185","15402979","1661344909","2022-08-24 12:41:49","Bought","0xed2ab4948ba6a909a7751dec4f34f303eb8c7236","BoredApeYachtClub","8682","721","1","69 ETH ($114,299.88)","X2Y2"
"0xe9df620784b4729cab83681a56035d036faa76b9dd6abeec85ebfd61a817c732","15403041","1661345845","2022-08-24 12:57:25","Bid Won","0x17331428346e388f32013e6bec0aba29303857fd","BoredApeYachtClub","9483","721","1","66.9 WETH ($110,821.19)","LooksRare"
"0x703ff5eb470010e6967430d4fea8bc5ca778926306e1090e3e153f5ad5edcd32","15403553","1661353138","2022-08-24 14:58:58","Bid Won","0xc5543b3a2973dd3b9d156376e1e8e7d0dcac3664","BoredApeYachtClub","7718","721","1","85 WETH ($140,804.20)","LooksRare"
"0xe6d29486ca24cad29d3af0b38727a2cc4a3d5785c15a6bae6ada7975c8b801f6","15403939","1661358400","2022-08-24 16:26:40","Bought","0x1d62df39f4d20119eceef66bfee23c0afe49ceb8","BoredApeYachtClub","6077","721","1","67.25 WETH ($111,400.97)","OpenSea"
"0x28bc755fe5c9527559208ceed3dce9a900c01305436539838fe29e50edada5b5","15404644","1661368056","2022-08-24 19:07:36","Bought","0x9de29672f5a50cba13bbb711fcc2d3051f5bef63","BoredApeYachtClub","9100","721","1","73.7 ETH ($122,085.52)","OpenSea"
"0xf7d8cfaac19e33099aeadf036071f0e5f93b6bf3c36b61df80dcf81840e96a1b","15404820","1661370502","2022-08-24 19:48:22","Bought","0xed2ab4948ba6a909a7751dec4f34f303eb8c7236","BoredApeYachtClub","3270","721","1","83 ETH ($137,491.16)","X2Y2"
"0xd16100323e836ad0551f6172685a6b94b805867a3bf5b8744f0a6dd8d64cd052","15405157","1661374909","2022-08-24 21:01:49","Bought","0xde112b77a1a72c726d8c914c23dceaa53273c351","BoredApeYachtClub","7227","721","1","100 ETH ($165,652.00)","OpenSea"
"0x4548bcb138425772dcbde3741c6497dc57111e071c5543fdc62900e53ae8eb37","15405475","1661378981","2022-08-24 22:09:41","Bought","0x04754b893895acda31b486c1c54e06fde7738aca","BoredApeYachtClub","6386","721","1","71 ETH ($117,612.92)","X2Y2"
"0x9ae141b4b23924556036eec7115f422a92868048a28141a4d93bdb9b4bd8ea8b","15406398","1661392400","2022-08-25 01:53:20","Bought","0x59265c2f1e8cfc6ce4d918da3df3f160d75568ea","BoredApeYachtClub","3764","721","1","160,000 USDC ","OpenSea"
"0x14fc0e00086a903b4406af7be4fe3aa7cf69ef39175477dcdba3dafc050eb32e","15406403","1661392479","2022-08-25 01:54:39","Bought","0x70219c18604debf89379d566a622bde2c5bc7621","BoredApeYachtClub","3989","721","1","63.5 ETH ($107,686.48)","X2Y2"
"0x7ceddea96e42b8373f59fb711c65d911b10f3c6d38f41ced4e33a1c95e3ba298","15406567","1661394885","2022-08-25 02:34:45","Bought","0xdce40441c7b422144c35c2bb66522a24ac641ac7","BoredApeYachtClub","9873","721","1","77 ETH ($130,580.45)","OpenSea"
"0xedfd39d7df038c1b1fb4eff5dfc93a74ec489eb34c0b762e12f54d6087a442f5","15406605","1661395259","2022-08-25 02:40:59","Bought","0x762b34974ecdbcf8d9015125a48f7b4b6cbaa205","BoredApeYachtClub","8260","721","1","80 ETH ($135,668.00)","OpenSea"
"0x58e57220ac9ba02dfe76589840b79a59f52eddb048ba0745c01c718d626c2e3e","15406630","1661395525","2022-08-25 02:45:25","Bought","0xfb63c5b97b5137ec1382f1b4dfca047e3faf1dd1","BoredApeYachtClub","5288","721","1","80 ETH ($135,668.00)","X2Y2"
"0xd463f480b1db4c4a1db5b1ff13143d74851411d7d0337328cf21efdd83701aaf","15406846","1661398743","2022-08-25 03:39:03","Bought","0x2448247e25220ac04a9048ac563c5edd5b5644ce","BoredApeYachtClub","1071","721","1","100 ETH ($169,585.00)","X2Y2"
"0x4bbba5e847e633181525d3a882ac319ddcaa3d298bad910574f4403301482118","15407022","1661401377","2022-08-25 04:22:57","Bought","0xdd94fe8f7e96d579e82f67d5b0ef6df493f72d80","BoredApeYachtClub","5509","721","1","70 ETH ($118,709.50)","X2Y2"
"0x6f96f1bfaf10613208513ea496b7521dc8b87e6eb1065feffda1dfb7a468c6ff","15408657","1661424279","2022-08-25 10:44:39","Bought","0x9355e3fa0d4b14a14ca160497e20438249b7c360","BoredApeYachtClub","6160","721","1","119 ETH ($201,806.15)","OpenSea"
"0xa216d8d7e44a5252f2ad0805cbe0cd36ec1090af5c59b7189971407b8b2eb2ab","15408740","1661425331","2022-08-25 11:02:11","Bought","0x9355e3fa0d4b14a14ca160497e20438249b7c360","BoredApeYachtClub","8607","721","1","116 ETH ($196,718.60)","OpenSea"
"0x987568742cbb746530c7d6a190d7349ca3872bf10b7d6b8d75c899e3fefea4a7","15408813","1661426378","2022-08-25 11:19:38","Bought","0x543ecff492b72d041ca1bcb142b749612c9a4dcf","BoredApeYachtClub","1994","721","1","85 ETH ($144,147.25)","OpenSea"
"0x30503b12e5841e8184d3335231b648e102ad451cce81c0cbd2022df4bf2e903f","15409428","1661435108","2022-08-25 13:45:08","Bought","0x1d62df39f4d20119eceef66bfee23c0afe49ceb8","BoredApeYachtClub","3847","721","1","75 ETH ($127,188.75)","OpenSea"
"0x6703836f3075af38596ae2b7305ed72b5791679309e5594d4c69c9abfd8d3d25","15409518","1661436344","2022-08-25 14:05:44","Bought","0x9e101e0e18ec8d45d8bfc3e8bd7e319a49b2b142","BoredApeYachtClub","8682","721","1","72.5 ETH ($122,949.13)","X2Y2"
"0x8a9fc226dd57aa5453aa4802e11beab3b0758da6e13efa0c11514e05f7933241","15409537","1661436589","2022-08-25 14:09:49","Bought","0x7eb413211a9de1cd2fe8b8bb6055636c43f7d206","BoredApeYachtClub","2909","721","1","80,000 APE ","OpenSea"
"0x0004ce5ad477d25e1a94aba0478efa59e8939adf5df735ec888ab65c35c89231","15409803","1661440367","2022-08-25 15:12:47","Bought","0x0c1954b61a11aff61b8f2d71d711a6ce96c30249","BoredApeYachtClub","3270","721","1","88 ETH ($149,234.80)","X2Y2"
"0xbc264117d7b463eced52cec0906934dd582090e6b3aff778bb5252c893ab7624","15409820","1661440534","2022-08-25 15:15:34","Bought","0xed2ab4948ba6a909a7751dec4f34f303eb8c7236","BoredApeYachtClub","758","721","1","102.69 ETH ($174,146.84)","X2Y2"
"0xccb28d5e39fac42f5d1023249f440476b7838d9fc449ebe7b4cd6c02a1fe09f7","15409890","1661441377","2022-08-25 15:29:37","Bought","0xf76982fe0c2ac32c9126002b8988f5946421ce4c","BoredApeYachtClub","3508","721","1","79 ETH ($133,972.15)","X2Y2"
"0x45d2d101816dbf4ff20c5fef47ad9660c5b2f1c573442657b48cb0a5dbdd8e3c","15409966","1661442444","2022-08-25 15:47:24","Bought","0xcd626ea91bb5ef17c5f7eefefc505c90985ab88a","BoredApeYachtClub","1033","721","1","79.9 ETH ($135,498.42)","OpenSea"
"0x7f991b99314367dcdb58450b071c2f973d475cd970814dff37bf6ccca4c512c8","15410200","1661445547","2022-08-25 16:39:07","Bought","0xe64fc2ec479fbaf11a2865102255e1f044fa72cc","BoredApeYachtClub","1290","721","1","70 ETH ($118,709.50)","X2Y2"
"0x2c3d1717ae3aae4d2b374aa42d8c6c07019d6c6d1792612b26162cd68e7a0de0","15410320","1661447381","2022-08-25 17:09:41","Bought","0xe8b2f42e13806891c195179cd43a39f126545ec5","BoredApeYachtClub","8826","721","1","79.9999 ETH ($135,667.83)","OpenSea"
"0xc89b04ad3994069f17e1796b31777fb7289af620d457f392a5edfd0a60c96d26","15411226","1661460152","2022-08-25 20:42:32","Bought","0x1d62df39f4d20119eceef66bfee23c0afe49ceb8","BoredApeYachtClub","8867","721","1","72 ETH ($122,101.20)","X2Y2"
"0x7be3327ee219ef98fdcfcecac4fa360a5f88ea22ee6ad3ea757dca3437c21016","15411365","1661461776","2022-08-25 21:09:36","Bought","0x355fa051172523a26548ca17b575dc758a28c53b","BoredApeYachtClub","3989","721","1","105 ETH ($178,064.25)","OpenSea"
"0xbb340355da3f72ea7e3fd54b232cd4cc6c8efe39a0b19ae6dc28cf8c44564fb0","15411872","1661468720","2022-08-25 23:05:20","Bought","0x6cfdad0772edc2ea15076a9706ec7c1f0a791ac1","BoredApeYachtClub","1659","721","1","71 ETH ($120,405.35)","X2Y2"
"0xc48d4525b583bfe9150127b5befc583b8a60171dacec8320a06420c2e506abb7","15411974","1661470045","2022-08-25 23:27:25","Bought","0xf76982fe0c2ac32c9126002b8988f5946421ce4c","BoredApeYachtClub","1659","721","1","73.5 ETH ($124,644.98)","X2Y2"
"0x7f14714309f258bafde50b5883d0b499e332e44ec46ddcb36c2d6d49897702af","15412058","1661471219","2022-08-25 23:46:59","Bought","0xa0fbf1e48454fad9ec154bf5c295246fe721cf0b","BoredApeYachtClub","9244","721","1","90 ETH ($152,626.50)","OpenSea"
"0x7623dacf81a01ce718981927fe15fa536f25f8ca0cc14b413ba16867bc186c6c","15413770","1661494977","2022-08-26 06:22:57","Bought","0x6a7efd5330e44cfed0ada70c00cbadb20ea51ec7","BoredApeYachtClub","1693","721","1","77 ETH ($116,122.93)","X2Y2"
"0xda7aaddd03725b3ab50bf37829c39e0cb846cfd52673f10f07d4374e211169ba","15414560","1661506028","2022-08-26 09:27:08","Bought","0x8b775ee95ee8d84b3f2653a0001df9c53011d393","BoredApeYachtClub","9088","721","1","78 ETH ($117,631.02)","OpenSea"
"0xfdfa04ea37e9a0e777757eeee8c61f88e234e7c2e1ac6fcdac7247850498686b","15414682","1661507556","2022-08-26 09:52:36","Bought","0xe73a3bd2801d151c7751b5b518983be67a17b6e3","BoredApeYachtClub","2553","721","1","115 ETH ($173,430.35)","OpenSea"
"0x0d9ce8f09f7616ec66a5c8fa84b71d8be9d9fd51be396111a7d3cef7b29f289d","15415142","1661514102","2022-08-26 11:41:42","Bought","0xc997cd38e441841e084c8895b81ee12063e9bbb2","BoredApeYachtClub","5509","721","1","72.5 ETH ($109,336.53)","X2Y2"
"0xba8a9384d1865a78bbc0ada12eb16918798c8aec80fbdbbbd108490cf98c98b8","15415526","1661519242","2022-08-26 13:07:22","Bid Won","0xed2ab4948ba6a909a7751dec4f34f303eb8c7236","BoredApeYachtClub","4997","721","1","68 WETH ($102,550.12)","X2Y2"
"0x87baa95ea1097f639da9e79631cd98252b217f29603a0dd67d296f1eb8b51af5","15415539","1661519403","2022-08-26 13:10:03","Bought","0x6d5596d228c44453b0e16d1e4abd3f14724773fb","BoredApeYachtClub","78","721","1","79.4045 ETH ($119,749.13)","X2Y2"
"0x882893ba3e7414834648ce9bbf8e7bbdf341a6fbbf74e2758baa2e7afa5993e7","15415734","1661521871","2022-08-26 13:51:11","Bought","0x594f7ea831b715f8da52bab5425373dd681362a7","BoredApeYachtClub","3097","721","1","89.8989 ETH ($135,575.63)","OpenSea"
"0xca744d742ac1d5e17ced43a1b2e89bca6d052c333758a791c5445d927da873d1","15415913","1661524266","2022-08-26 14:31:06","Bought","0x005018f9716f7c617c183fc3b4dd0eb17f72edc3","BoredApeYachtClub","9982","721","1","78 ETH ($117,631.02)","OpenSea"
"0x385d7c981a4c94419517a1dfab27f5909bab537517ed65eafd11de8744f0558d","15416358","1661530250","2022-08-26 16:10:50","Bought","0xaeaee46b9ad8e1e213cf6d73b7b31ab19a2bb9be","BoredApeYachtClub","3035","721","1","83 ETH ($125,171.47)","X2Y2"
"0xfc3f88cdcfc3ac6cbbc5b1e957197beb24094d9fd2a64972d698091250089b4b","15416412","1661531150","2022-08-26 16:25:50","Bought","0x1ed3b397504a52fe86bda23cf3d4c016d680e8a9","BoredApeYachtClub","9932","721","1","115 WETH ($173,430.35)","OpenSea"
"0xb285e7c00311162968ac1e2be802100cec4473863b8d59c5815841b00a2e6a23","15416604","1661533941","2022-08-26 17:12:21","Bought","0x8e4245aeae295d7c191d09f0a41f25486712ac91","BoredApeYachtClub","3815","721","1","74 ETH ($111,598.66)","X2Y2"
"0x287f5ef69e8b10b80f7f11135a4b107658a7598bdecf7dabf3e8dca983595c99","15416920","1661538561","2022-08-26 18:29:21","Bought","0x92ea894105ef9b3e4f7ff1ec4c33e14bdcbf4779","BoredApeYachtClub","1236","721","1","74 ETH ($111,598.66)","X2Y2"
"0x01886f990220db09290730868f0d2bed5d07550fdda7923f2c9a03d592dd5942","15417069","1661540563","2022-08-26 19:02:43","Bought","0x9868aad1058b6fef702a098e75566582e28ef4a6","BoredApeYachtClub","4521","721","1","80.5 ETH ($121,401.25)","X2Y2"
"0x9bf6cb973cda25b8775460089bb6bc0d966b3c8b61862268d539636ab8d95bd7","15417191","1661542330","2022-08-26 19:32:10","Bought","0x736b78bd08095461b1de06f4eec5b505e5c5f96f","BoredApeYachtClub","8240","721","1","73 ETH ($110,090.57)","X2Y2"
"0x04596c94c240bf78db9d59f75a1773b0a25a7791df3fa5cf4438420cbff29bf6","15417625","1661548133","2022-08-26 21:08:53","Bought","0xc2a59d94b69f7739f77892677ec875f3629a3f94","BoredApeYachtClub","1717","721","1","100 ETH ($150,809.00)","X2Y2"
"0x6c0bc5a6007b8cf074deb7018224032268268a377fe634f7c0eb05b3bb74cba5","15419248","1661571016","2022-08-27 03:30:16","Bought","0xd9adfc200d43ac5b7244edf1546a3ed08d374e99","BoredApeYachtClub","4997","721","1","76 ETH ($113,335.76)","X2Y2"
"0x24b4f67818413937ed4b88a540f6be21070c43d8a42220bfb859dbfef0d95064","15419618","1661576025","2022-08-27 04:53:45","Bought","0x61019d232073420f823ee2cc62c5f944fe787082","BoredApeYachtClub","8789","721","1","82.39 ETH ($122,864.91)","OpenSea"
"0xa5fcb7c6a407713ec1ee14b094f2ef2978938ef1b6c3269681094b5961e6bbd8","15419933","1661580465","2022-08-27 06:07:45","Bought","0x6cfdad0772edc2ea15076a9706ec7c1f0a791ac1","BoredApeYachtClub","9106","721","1","73 ETH ($108,861.98)","X2Y2"
"0x79ca0213f90f66a1c8c9dd396c2fa7380411c6c5d9b93f5baff11ef1c4f479f7","15419996","1661581276","2022-08-27 06:21:16","Bought","0x7a3010b00d9866c80cadafeca573490e432ba3ac","BoredApeYachtClub","9106","721","1","76.69 ETH ($114,364.73)","X2Y2"
"0x44cb3223129cc8220abd8316b999436e993e03f8d3f55d5ebe8f6d21419a3060","15421282","1661599197","2022-08-27 11:19:57","Bought","0x6e0ba269d7858a2db0ace0f435a4299d6c5bd529","BoredApeYachtClub","5076","721","1","79 ETH ($117,809.54)","OpenSea"
"0x000380797d0bc3169a79d8742dd5d47e2c3710ee945b038108b676e2b581b5f6","15421434","1661601288","2022-08-27 11:54:48","Bought","0x1ed3b397504a52fe86bda23cf3d4c016d680e8a9","BoredApeYachtClub","8590","721","1","190 WETH ($283,339.40)","OpenSea"
"0xeaeea27be48300105a69a2b9e6bfa598d466558b4c8965a4395f0df2eb49282c","15421674","1661604809","2022-08-27 12:53:29","Bought","0xd7ec8060c2eef0fcd84f0661f8a7143baf8fdc86","BoredApeYachtClub","9331","721","1","75 ETH ($111,844.50)","OpenSea"
"0x23d5461fa44ba47af4cbcf0712023ed08c43990d7f10491cd43336827a6e9c64","15422306","1661613090","2022-08-27 15:11:30","Bought","0x1ed3b397504a52fe86bda23cf3d4c016d680e8a9","BoredApeYachtClub","9315","721","1","200 ETH ($298,252.00)","X2Y2"
"0xe3896d1c0d5a8911526a3d26ec6dbc99283e82e43d9c18ef470debc1e02cd9b6","15422507","1661615780","2022-08-27 15:56:20","Bought","0xa4c6fceaec927b4f03a769b08cf05a3c8f9b23c2","BoredApeYachtClub","5509","721","1","76 ETH ($113,335.76)","X2Y2"
"0xe887a39b90f07c0cbab6dd7993d8447298f689d433d3044cc351ffeb1b676343","15422668","1661617684","2022-08-27 16:28:04","Bought","0xc997cd38e441841e084c8895b81ee12063e9bbb2","BoredApeYachtClub","2758","721","1","104 ETH ($155,091.04)","X2Y2"
"0xc88e013f9224744457fb265561eea4976153dfde0cde519df855b4bb7f766e37","15422702","1661618347","2022-08-27 16:39:07","Bid Won","0xed2ab4948ba6a909a7751dec4f34f303eb8c7236","BoredApeYachtClub","8922","721","1","73.5 WETH ($109,607.61)","LooksRare"
"0xcc6ed873a109e25472d09eadd2207ea646672e434ac664cec74aeec2b42a49f0","15422955","1661621863","2022-08-27 17:37:43","Bid Won","0xe67112647b7aea8b7490f27e1c75208868138df2","BoredApeYachtClub","3646","721","1","76.65 WETH ($114,305.08)","LooksRare"
"0x2b669fd123cefa439a903b688ca586e89c503bb11574025320838fc39e863d0a","15423564","1661630518","2022-08-27 20:01:58","Bought","0xf6a242191ca16fb561403182a2c7a023f2261eb7","BoredApeYachtClub","7904","721","1","73 ETH ($108,861.98)","X2Y2"
"0x200f02fb9c55e5ed4ba6ca52126c79f0501edb12930cc3d83ff0725818d1d35c","15423909","1661634941","2022-08-27 21:15:41","Bid Won","0xca56db9decd8fa2bd7ae1056cd00845b06cf54b2","BoredApeYachtClub","6898","721","1","76 WETH ($113,335.76)","LooksRare"
"0xfdf50951b2a2162204d57343b09d2373efb72bcf250e56fdfa393218a1e63dab","15423974","1661636060","2022-08-27 21:34:20","Bought","0x08fd09d7f1d61f2a2074dc22fbe27be3b533e65e","BoredApeYachtClub","4305","721","1","89 ETH ($132,722.14)","X2Y2"
"0x71caff5d0cfc206fff71c2509940274013b42206371f2596d26875bde500e8ce","15424065","1661637356","2022-08-27 21:55:56","Bought","0xd76aa530b8c1f0039971eca13ca1850047271af0","BoredApeYachtClub","5586","721","1","90 ETH ($134,213.40)","X2Y2"
"0x7aeaa49262b521ad66817b214eaea90dc32210908f4310094a3876e6f9d7543f","15424130","1661638407","2022-08-27 22:13:27","Bought","0x355d9ae5e1280dae29442f250da325a0f7d5545e","BoredApeYachtClub","6386","721","1","75.69 ETH ($112,873.47)","X2Y2"
"0xa12839a2a4a544233cc24bb2e0dd16f3babf9b0cf750f61f07be765274508209","15424689","1661646166","2022-08-28 00:22:46","Bought","0xdb9edabdf038c3bac8eaa5dfa2faefea942926b1","BoredApeYachtClub","2078","721","1","79.8 ETH ($113,826.72)","X2Y2"
"0xce337fdd688bfccb3ea722b922827ddcbc030860ff316249c4b42746a8b4004a","15424921","1661649237","2022-08-28 01:13:57","Bought","0x9f699b44fe7a50deb67e424331ad64c60c3b2803","BoredApeYachtClub","3499","721","1","79.98 ETH ($114,083.47)","OpenSea"
"0x4f653bf0c9b4da872a9e6bcbe0fb500d4d94b7d9eb581425d7f7334a9d4cf58f","15425175","1661652895","2022-08-28 02:14:55","Bid Won","0x23be357297a2f08f8456ad81f553cbc61ec6272c","BoredApeYachtClub","5935","721","1","81.8 WETH ($116,679.52)","LooksRare"
"0xd7b50ef975522f6bf63b5c3971a6d62e44f190d9aff5e56ca1ed920bc601310d","15425283","1661654454","2022-08-28 02:40:54","Bought","0x408d120d99fe44b5feaba1937ebbea822871080b","BoredApeYachtClub","6136","721","1","86 WETH ($122,670.40)","OpenSea"
"0x8fda71ca47cba4d302d8a6d6cdd7a5512ee2519ea17bf4ecdab680c8915ec49c","15427468","1661685279","2022-08-28 11:14:39","Bought","0x46a13b188365c40e5f4114a4cbd0d2425472d8d2","BoredApeYachtClub","7479","721","1","79 ETH ($112,685.60)","OpenSea"
"0xa7922a9703f0d60daf582fc5580f53cc0f0d1049952dfe32ef3a574a6e3bc39a","15429308","1661710135","2022-08-28 18:08:55","Bought","0xc2a59d94b69f7739f77892677ec875f3629a3f94","BoredApeYachtClub","4351","721","1","84.22 ETH ($120,131.41)","OpenSea"
"0x1fe33425d90365d2e195b6201da32c9e941c80b7abeaeabf660e6983925f6f22","15430441","1661725585","2022-08-28 22:26:25","Bought","0x6cfdad0772edc2ea15076a9706ec7c1f0a791ac1","BoredApeYachtClub","536","721","1","79 ETH ($112,685.60)","X2Y2"
"0x36e0dd39de6f408b672ba16764fbfc2e415ebcbca2c377dfa7cb4e1039380640","15431172","1661735927","2022-08-29 01:18:47","Bid Won","0x47147c03b34e177020905afe309b77636ecac256","BoredApeYachtClub","629","721","1","73 WETH ($113,325.20)","X2Y2"
"0xf551089085b5d650e65b6c267597099646d9385298a752b444ca393ddfca4617","15433674","1661770361","2022-08-29 10:52:41","Bought","0x04754b893895acda31b486c1c54e06fde7738aca","BoredApeYachtClub","7982","721","1","88 ETH ($136,611.20)","X2Y2"
"0x37dac4e528e2edda9a6b1ce90e559e933f1b4984ff93782c86f1a6d83604aeae","15434821","1661785838","2022-08-29 15:10:38","Bought","0xd5a73201c22cf18fcc85c42496ee48eaf62b94fc","BoredApeYachtClub","1060","721","1","79.99 ETH ($124,176.48)","OpenSea"
"0xd4fcf2953eb7b7728b948d4db87fdb63bfc1384ec6fbbb549fec7199a304002e","15436494","1661809131","2022-08-29 21:38:51","Bought","0x84e33c4803bbf4abbc233133bb5190959102db8c","BoredApeYachtClub","5225","721","1","110 ETH ($170,764.00)","OpenSea"
"0xb241f3e23bcf2ac95ee84e062c56115a82340fba366ed16fe15c2291b4f1d457","15440259","1661860976","2022-08-30 12:02:56","Bought","0x87bc2f2ba8c83f412fed5c3151de0ffbdc959984","BoredApeYachtClub","9331","721","1","77.675 ETH ($118,424.86)","X2Y2"
"0x05bbaacfef4a2746bf17a4779ca6aef955eb5abecd340204d6ac0b407203825e","15440955","1661870713","2022-08-30 14:45:13","Bought","0x45db20765822ab1f7921b739bd1cdec7e92bc5f3","BoredApeYachtClub","3056","721","1","89.69 ETH ($136,743.17)","OpenSea"
"0x3b90c0ec543857dc85793e3faf7e8fdd844574e7d90a01c5b598578df0bedba6","15440982","1661871159","2022-08-30 14:52:39","Bought","0x45db20765822ab1f7921b739bd1cdec7e92bc5f3","BoredApeYachtClub","5391","721","1","108 ETH ($164,658.96)","OpenSea"
"0x2eef741f304b5886c6d9f85076c1a46706998e2a449f16b0f9ad6183b6a2d175","15441232","1661874560","2022-08-30 15:49:20","Bought","0x29e2ffcbece02e9b9d0470afa7a7c0b9c81923ff","BoredApeYachtClub","6588","721","1","76.99 ETH ($117,380.49)","OpenSea"
"0x18127e93f1ec46442b53e9ed77dce770e4a37e571399b7074de276203dd78a3e","15441490","1661878152","2022-08-30 16:49:12","Bought","0xbb637a937e864795cb00f6681661904836ac8a59","BoredApeYachtClub","2978","721","1","74 WETH ($112,821.88)","OpenSea"
"0x47b933ff769114f81393dcce8a17fcd5a4a5945d12dcd6e23359bca0891c0b74","15441501","1661878416","2022-08-30 16:53:36","Bought","0xf1aabd530c11eb9385e790d98ebb2b793a3d8165","BoredApeYachtClub","833","721","1","79 ETH ($120,444.98)","X2Y2"
"0xbe3dea2811a679087d6a06ab92a806991cd652c381dd7c5c26c07329f60a9e6e","15441517","1661878639","2022-08-30 16:57:19","Bought","0x133290dd301119ca34b2e8601ba1d4c10c11a5ae","BoredApeYachtClub","5547","721","1","85 ETH ($129,592.70)","X2Y2"
"0x307e2e6244068a083f513a02935100bac5d3a399f1eede8956238c8edfd18f84","15442337","1661889892","2022-08-30 20:04:52","Bought","0x441c8fa5ca2727a4b6a1b28ac2fa486e22345d10","BoredApeYachtClub","5227","721","1","85 ETH ($129,592.70)","X2Y2"
"0xed7cb3ecd485e67c208b4b49ee064195001dc8e3f341bc84573b6edf6f762242","15444812","1661924184","2022-08-31 05:36:24","Bought","0x736b78bd08095461b1de06f4eec5b505e5c5f96f","BoredApeYachtClub","8958","721","1","83.5 ETH ($129,772.36)","X2Y2"
"0xe84fa1c24e86a3b9b36748cde9c96b1d3135adfa444786e45fa4fc3e9420681b","15445987","1661940369","2022-08-31 10:06:09","Bought","0x54585647edaea3066d191024e4599b098f8f19e0","BoredApeYachtClub","9331","721","1","83.25 ETH ($129,383.82)","X2Y2"
"0x652b8978b1c48764737a5052c3c8b14611df6048a7a33951254a09aab4e4f65f","15447526","1661961473","2022-08-31 15:57:53","Bought","0xa797d95027e959d1ae86bc1f4ee2a46a08c7fbea","BoredApeYachtClub","4952","721","1","111.11 ETH ($172,682.72)","OpenSea"
"0xb2b2276d9073807bf64527200a74aa49581394b4f9cdb99d403578167d8fb559","15448013","1661967712","2022-08-31 17:41:52","Bought","0xec7e5a49ee8e95a89a1a881bbf1aae2ec854d790","BoredApeYachtClub","6588","721","1","769.9 ETH ($1,196,547.78)","OpenSea"
"0x297d6c8b6e9670149c1c3034d7924dc812078738e3eec0b22997b84d7535d4bf","15448367","1661973029","2022-08-31 19:10:29","Bought","0xe4e968b3abe7123f18b318e8ad17ce3826b5cff6","BoredApeYachtClub","4673","721","1","109 ETH ($169,403.44)","X2Y2"
