"Txn Hash","Blockno","UnixTimestamp","DateTime (UTC)","Action","Buyer","NFT","Token ID","Type","Quantity","Price","Market"
"0xc8e8e72c4f30789e6fe541adfbd974faa79698d39103e342b7b74ce62135fdee","15053589","1656638351","2022-07-01 01:19:11","Bought","0xb6674e0f123652ff18fa10ce2eca886fc60e07e4","BoredApeYachtClub","7596","721","1","99 WETH ($104,742.99)","OpenSea"
"0x8d74e427c9233dc82cbedabf3897d1ed88f4a15b373e03de9d3c31dcda00c4b2","15053810","1656641213","2022-07-01 02:06:53","Bought","0x7bbb8e8463673d2eefa7a3391257f3e8d7440875","BoredApeYachtClub","9608","721","1","100 ETH ($105,801.00)","OpenSea"
"0x646e23b3f590b69323727ede8f4b8d85b1cd232142a467d0405fc8275667d004","15054365","1656648861","2022-07-01 04:14:21","Bid Won","0x758917f2c8d3192fc9f109fe1ee0556808248cc0","BoredApeYachtClub","1718","721","1","89.99 WETH ($95,210.32)","LooksRare"
"0xf04ec991a4aa45dfbbb51e6162e2386b90fadced60b69ca5764365ac13e12cb1","15054372","1656648956","2022-07-01 04:15:56","Bought","0x486a2d5fcad36de42aa532cdb9afd72f529530aa","BoredApeYachtClub","6940","721","1","103.33 ETH ($109,324.17)","OpenSea"
"0x55bc832c658b7ee63a4876bf42d60eebff5691698d8939860d8575662ed961eb","15055162","1656658991","2022-07-01 07:03:11","Bought","0x75cfed3969e79a5e8dd05cbcd116b2c1d3822ae2","BoredApeYachtClub","3010","721","1","95 ETH ($100,510.95)","OpenSea"
"0x18d25b3afcd94a0334062e92f508e8d05b15ca1126f9d5cbbb6db28faa3d7d3c","15055328","1656661152","2022-07-01 07:39:12","Bought","0x402577c847f47e9f78db69cc32e2c480b633c2a8","BoredApeYachtClub","3438","721","1","96 ETH ($101,568.96)","OpenSea"
"0x16519f0d07e69245284e416f2cffba0cff1bbded1197746c706a92638eed5584","15055587","1656664690","2022-07-01 08:38:10","Bought","0x01477733654da24e03f497c7fe8d1a5e25b7795a","BoredApeYachtClub","8114","721","1","99 ETH ($104,742.99)","OpenSea"
"0x04f245238ed144dc2acbc8018fc67b2e85e2dc88af78d6ef4b030210da28c655","15055686","1656666094","2022-07-01 09:01:34","Bought","0xd6cf266389907b35d98827e507ce5f6894a3c071","BoredApeYachtClub","6148","721","1","94.5 ETH ($99,981.95)","OpenSea"
"0xee5d61fb0577b31953bdd7f735dbac0f65b7d2c646cb308a8ab13b6b706cb270","15056926","1656682966","2022-07-01 13:42:46","Bought","0xde368a72db555d24bbeb5db1069c03bd56d27032","BoredApeYachtClub","6969","721","1","107 ETH ($113,207.07)","X2Y2"
"0x75bb08ec5db3ae95598be12793fe8a838ebb5911479ca79b3efae17f7c3f9ab6","15057341","1656688481","2022-07-01 15:14:41","Bought","0xd946daf3924e24193f3f29de75ea1e1877a3628f","BoredApeYachtClub","3338","721","1","133.69 ETH ($141,445.36)","OpenSea"
"0x0f650f154bf80513aca77eeaac4ee26f38c77562f0a21a8966b60b73b16c3c87","15057435","1656689796","2022-07-01 15:36:36","Bought","0xc81ffa45f7a9e41ba862b48b96f7132c2dcd3a8f","BoredApeYachtClub","2978","721","1","96.69 ETH ($102,298.99)","OpenSea"
"0xd90992aded9981c60165f8b01154d65c4ab7b329e521e7759e78b208b1502019","15057517","1656691001","2022-07-01 15:56:41","Bought","0x87c57cdbc50df7a48efa10eeaf68bf8c0af068ea","BoredApeYachtClub","5622","721","1","93 ETH ($98,394.93)","OpenSea"
"0x1b0f55526be988850dd1836f404974cc907d53ea5d6edcd2c36aa500addabb7c","15057689","1656693306","2022-07-01 16:35:06","Bought","0xdd94fe8f7e96d579e82f67d5b0ef6df493f72d80","BoredApeYachtClub","2368","721","1","87 ETH ($92,046.87)","X2Y2"
"0xa6f3c135a4cb7b20652c68092919da762bc39fac9902d6371fdbaf4dba42ff5d","15058047","1656698078","2022-07-01 17:54:38","Bought","0xed2ab4948ba6a909a7751dec4f34f303eb8c7236","BoredApeYachtClub","2368","721","1","87.25 ETH ($92,311.37)","X2Y2"
"0xdd73db8d4d355807d7f5f511af837f7cfdc74e4be8ef2eabf6bdfdfdb99d6e9c","15058160","1656699724","2022-07-01 18:22:04","Bought","0x01d16da96d759ddde40eb5a8a64355c53dabf9dd","BoredApeYachtClub","2272","721","1","105 ETH ($111,091.05)","X2Y2"
"0xcab7f2ded4d18d4acbde3a447d5e2694f1c9a621f02dcd804d782bd327406154","15058598","1656705442","2022-07-01 19:57:22","Bought","0x1645c62a36c148d910f9363ef64f86cb93d15e62","BoredApeYachtClub","1539","721","1","95 ETH ($100,510.95)","OpenSea"
"0x87e5ea602f4d30d2be9a09ecbbd0d6a56ac481acb3e5fca4532e27df2af875f9","15058853","1656709042","2022-07-01 20:57:22","Bought","0x5e1c1531966e72d648e6ed042b6ae44527935b05","BoredApeYachtClub","1049","721","1","96 ETH ($101,568.96)","OpenSea"
"0x4139dafa9a55ec53aeb24675a5c4b8c68a8ab3f98884993f155668abaedc21d7","15059648","1656719625","2022-07-01 23:53:45","Bought","0x19b3ca5357734c643a11827fa88689880fff3703","BoredApeYachtClub","395","721","1","98.42 ETH ($104,129.34)","X2Y2"
"0x928e8a7038f56e3726f782365960c8fa22da0aadbed909edac48c0332917a170","15059940","1656723681","2022-07-02 01:01:21","Bought","0x73304c0b946580361d1fd6636a453caf0ec9e5c8","BoredApeYachtClub","8487","721","1","129 ETH ($137,474.01)","OpenSea"
"0xcdfde6f434676c29277125ce125044ab9501b053cdc0394c260afeb9869adfed","15060166","1656726553","2022-07-02 01:49:13","Bought","0x0b3560c195dbd9b48dda03f187769cac6d4980f9","BoredApeYachtClub","2680","721","1","125 ETH ($133,211.25)","OpenSea"
"0x75662893694b21afb359855d94d74eab7b410c5eb019c4fe30fb51110c8df842","15063388","1656768813","2022-07-02 13:33:33","Bought","0xc00ddc418d066d3db3a83b1fdf5e1cf6b1702cdf","BoredApeYachtClub","2055","721","1","109 ETH ($116,160.21)","OpenSea"
"0x2260a88698a9d817e3663f3e025216fe65b5d75f2c44b998f05300bee7c4660e","15064241","1656780129","2022-07-02 16:42:09","Bought","0x41e20c8511e1e721cf2d89e3e67d885c5fa9ae31","BoredApeYachtClub","8516","721","1","90 WETH ($95,912.10)","OpenSea"
"0xe4262fe1f65b5e17b702cc4f059d890cc1e21b2f7a13ce49961ea579638b1f2a","15064317","1656781175","2022-07-02 16:59:35","Bought","0x96b2987f33b0a8238c8fb2d1ae9f4de2965c8c16","BoredApeYachtClub","7109","721","1","129 ETH ($137,474.01)","OpenSea"
"0xb56f0af786191d9a78c985b0969f69abda8220f6dbba3bb10bde2f1b08ed76d5","15065967","1656803648","2022-07-02 23:14:08","Bought","0xed2ab4948ba6a909a7751dec4f34f303eb8c7236","BoredApeYachtClub","2208","721","1","86.5 ETH ($92,182.19)","X2Y2"
"0x13e1803958929c4575524e03ad79e5a2e3505af10ad00a51249ad470e09eb687","15067749","1656827366","2022-07-03 05:49:26","Bought","0x46901e907778a950c77971a29ce75a8bfddb1d2f","BoredApeYachtClub","1704","721","1","97 ETH ($104,076.15)","OpenSea"
"0x3f8af3cb2b04ebea176a82da8bb898249f221f14bbfd0b8e72169808aa2009f9","15070064","1656857559","2022-07-03 14:12:39","Bought","0x8aa627d345f6a9833e20eed5d4e2716701e003ac","BoredApeYachtClub","6403","721","1","105 ETH ($112,659.75)","OpenSea"
"0x7748244b9e5ce112577b40de63aabd96befadbecdb1fd04388599232847fa538","15070137","1656858592","2022-07-03 14:29:52","Bought","0x393c817d28f6c520aabeadecdef9ee985b8e1cd6","BoredApeYachtClub","6971","721","1","93.555 ETH ($100,379.84)","OpenSea"
"0x7e384c8b259277e15b79d12253c25dd454e9733f7a66a8d4b005c2610d66214e","15070209","1656859555","2022-07-03 14:45:55","Bought","0x393c817d28f6c520aabeadecdef9ee985b8e1cd6","BoredApeYachtClub","7514","721","1","90.499 ETH ($97,100.90)","OpenSea"
"0xd23693b4a666d0b43af98dfc721a6ed776516c91ce38311021f0fa1483565d53","15070406","1656862157","2022-07-03 15:29:17","Bought","0x581eeec38be03a9b14493bb486dfabfe2e49c59a","BoredApeYachtClub","2491","721","1","86.91 WETH ($93,250.08)","OpenSea"
"0xf2282395fb8d509e596fc26b0cc9fa3cc29415f414244bda6c680619bbaef577","15070702","1656866436","2022-07-03 16:40:36","Bought","0x820425d330f777370acf68e45f884547e98db2c0","BoredApeYachtClub","6","721","1","89 WETH ($95,492.55)","OpenSea"
"0xcc710a1e7901f3f1e83469eaab509858df666179f3c425bb3b0d4bb364011e30","15072029","1656883953","2022-07-03 21:32:33","Bought","0xcd8b2aa9d1f774c0021a425c67846a94c9c0171c","BoredApeYachtClub","9355","721","1","94 ETH ($100,857.30)","X2Y2"
"0x8d9c6170688c0ca1229ff8f6566895bf573299c673549a4a1a067293a76e7ef7","15072923","1656896013","2022-07-04 00:53:33","Bought","0xdd89b924ba6a7d5029b1a3a76f363d1a571e4836","BoredApeYachtClub","5532","721","1","99.5 ETH ($114,406.10)","X2Y2"
"0xeb23c866602ec96291ea07ca570b41b842fd846b91dba70ca9092200f7d278c0","15073500","1656903816","2022-07-04 03:03:36","Bought","0x87a599a9a84bc8f4dfbf22a70b256d63c0371a12","BoredApeYachtClub","8797","721","1","120 WETH ($137,977.20)","OpenSea"
"0xf73134d5314652f9af623f1a45d6f9097a8a905c31681595c9134ac8a87ceb6e","15073839","1656908134","2022-07-04 04:15:34","Bought","0xe64fc2ec479fbaf11a2865102255e1f044fa72cc","BoredApeYachtClub","9695","721","1","89 WETH ($102,333.09)","OpenSea"
"0xd9526563232c5083b5e8d3f6e248960411eb6ce49cf393519debcfff01085d4a","15074203","1656913659","2022-07-04 05:47:39","Bought","0x57ff352012e27df05d278de0a5df686b7369d221","BoredApeYachtClub","4128","721","1","116.5 WETH ($133,952.87)","OpenSea"
"0x417acddbf78b83fd2f77d8bd5f0b02c5d5324a227346d2176ac82d0480d918ba","15076850","1656948621","2022-07-04 15:30:21","Bought","0xba528b2e785b1e05c64b5c48c009fca19bf23df0","BoredApeYachtClub","833","721","1","110 WETH ($126,479.10)","OpenSea"
"0x3a13079b82ab99bd1880e9c2456e8766246e713e7cba0fb61062dc49d55b92b9","15076951","1656949956","2022-07-04 15:52:36","Bought","0x8bbabe07f6b87264b1e63d6c03b10ecd8310d5e3","BoredApeYachtClub","6558","721","1","99 WETH ($113,831.19)","OpenSea"
"0x8982fe7c838b05494c6bc33fcec5137056214d9659484b4cd73f4c38fec8d639","15078800","1656974338","2022-07-04 22:38:58","Bought","0x49db8b5d44b0faca2a2564d528c9e0df94f2a252","BoredApeYachtClub","1049","721","1","96 ETH ($110,381.76)","X2Y2"
"0x9d7dd1770e6bd5caeaa38642a0b86e1ab548825a785b5321650de2d706ae4886","15078955","1656976513","2022-07-04 23:15:13","Bought","0x230cef50d746624aab59597e0031fbb47b7d466f","BoredApeYachtClub","6090","721","1","98 ETH ($112,681.38)","OpenSea"
"0x364f546a887b72946b4c1953d8758cb7e4f24722a84c1565c233fdb5e4d3067d","15079715","1656986612","2022-07-05 02:03:32","Bought","0xe64fc2ec479fbaf11a2865102255e1f044fa72cc","BoredApeYachtClub","2103","721","1","90 ETH ($101,876.40)","X2Y2"
"0x302ac5231958830159af706d0d18f8b9bee82372f5cbc41f913472a0a97ab32f","15079819","1656987808","2022-07-05 02:23:28","Bought","0xed2ab4948ba6a909a7751dec4f34f303eb8c7236","BoredApeYachtClub","3746","721","1","79 ETH ($89,424.84)","X2Y2"
"0x57d8741384ecab6691dd10a51232a4e32b3a315cd0d67cfaccca94ebb51044a2","15081587","1657012203","2022-07-05 09:10:03","Bought","0x756780c141ca928a3593bc56e395ba352e613e98","BoredApeYachtClub","1898","721","1","90.5 ETH ($102,442.38)","OpenSea"
"0x4d2f125db7ddfd857e6aa5596984613ad8d1763654b4cf078aa095c02106e8d8","15082721","1657026742","2022-07-05 13:12:22","Bought","0x01de321ebe92e51b1cf0610cfed109c0877ff980","BoredApeYachtClub","9979","721","1","135 ETH ($152,814.60)","OpenSea"
"0x352c17ac3c1cdd384e71c4aba060e696282d3a69f16cd3b441c785999d43da0d","15083501","1657037217","2022-07-05 16:06:57","Bought","0x3eaa1cbab87b235e1e5ca4585fd37811356ee46a","BoredApeYachtClub","2676","721","1","149 ETH ($168,662.04)","OpenSea"
"0xb6f0439491992a57fbef37b17088de68f11ce1433a5c7e9979db1f1076d428c1","15084897","1657055306","2022-07-05 21:08:26","Bought","0xd75233704795206de38cc58b77a1f660b5c60896","BoredApeYachtClub","2282","721","1","125 ETH ($141,495.00)","OpenSea"
"0xef49c73f7feae2447b6f2a5893860dee4a9fc5189e1983c8028bf85ef0ad61c8","15085140","1657058965","2022-07-05 22:09:25","Bid Won","0x254637b844f903dc2e3fa104b1066a2c1d956ed2","BoredApeYachtClub","4196","721","1","110 WETH ($124,515.60)","LooksRare"
"0xd82f18ae53a088d065b8f59b32c319d891f15d7030a5cffe2d1df180ed3fddcd","15086861","1657082436","2022-07-06 04:40:36","Bought","0x5d5c5199f1cbfc96eb1a89b85de5ed7b82320770","BoredApeYachtClub","7864","721","1","100 ETH ($118,541.00)","X2Y2"
"0xb47b18ff68a48588ec3cba805785837308f93641155646421058c67f13504fe0","15087431","1657089984","2022-07-06 06:46:24","Bought","0x90e00fc9f7e38a8b1e7739a2596e6ebe54126c2f","BoredApeYachtClub","287","721","1","100.69 ETH ($119,358.93)","OpenSea"
"0x0fb2993d14dd84e587453788d5a02c4b013d966f93a78d59bb38d796a21d1f8d","15087494","1657090879","2022-07-06 07:01:19","Bought","0x71911da5fa48c5a1e2c65c55d792e31459d10666","BoredApeYachtClub","8505","721","1","93.88 WETH ($111,286.29)","OpenSea"
"0x63d51b54fc6541d223a1ed970089ef6814fe448208b23cb0838055e291ae1bde","15087643","1657092718","2022-07-06 07:31:58","Bought","0xed2ab4948ba6a909a7751dec4f34f303eb8c7236","BoredApeYachtClub","3037","721","1","85 WETH ($100,759.85)","LooksRare"
"0xd2b85698094def5ad0b096a8fd1316589926803457a5d7502bd6c2821cb9023f","15088409","1657103620","2022-07-06 10:33:40","Bought","0xa7078ddf23d29e9d6e54e34909cd2ac1b33a67c5","BoredApeYachtClub","3009","721","1","193 ETH ($228,784.13)","OpenSea"
"0xd5cdfcbcf9d96d524ec29df7ca99075cc7f341b5f4b9c5f4454eb6c764ec82e9","15088419","1657103740","2022-07-06 10:35:40","Bid Won","0x254637b844f903dc2e3fa104b1066a2c1d956ed2","BoredApeYachtClub","3142","721","1","95 WETH ($112,613.95)","LooksRare"
"0x544c12859ccb4ad84d122df107896a43fd6cbcf92f9671541f3a4ab7edbfc52c","15088831","1657109466","2022-07-06 12:11:06","Bought","0xc75b143301cf47a3ad096ed904f5e3f0831a57fb","BoredApeYachtClub","4146","721","1","84 ETH ($99,574.44)","X2Y2"
"0xf6b334763e3068cd5e67dfec06e4a54925bd0ef23b5f6553bc4281b953af1ec0","15088842","1657109600","2022-07-06 12:13:20","Bought","0xc75b143301cf47a3ad096ed904f5e3f0831a57fb","BoredApeYachtClub","3037","721","1","84 ETH ($99,574.44)","X2Y2"
"0x71b301e69af1c06bbf6ccf1efb92f471c81d910694582a9ca40eacd2731a03e1","15089475","1657117699","2022-07-06 14:28:19","Bought","0x630783ca0857e332ddceec4c6c0f61282b47f78a","BoredApeYachtClub","1512","721","1","87 WETH ($103,130.67)","OpenSea"
"0xfe30c18241e8be79e7ccea9dbc75cb6f950ecd86117a483170b6900fdb7f96dc","15090062","1657125590","2022-07-06 16:39:50","Bought","0x2f8eb0fd71c10b425cb9571d45a3850db70b9543","BoredApeYachtClub","1831","721","1","120 WETH ($142,249.20)","OpenSea"
"0x792397661e1eb7d295073d5e4af3670fb5fc95ba58566532b6ec74d8cfaf9af1","15090779","1657135055","2022-07-06 19:17:35","Bought","0xd7fb6921a3a40e80aa9dd7af2aee94819913317b","BoredApeYachtClub","5532","721","1","118 ETH ($139,878.38)","X2Y2"
"0x365ee4a1786189ebc5470cbf3ff5af7617df396a4cc8942264ef461dbb47e4a0","15090934","1657137214","2022-07-06 19:53:34","Bought","0xb6674e0f123652ff18fa10ce2eca886fc60e07e4","BoredApeYachtClub","5425","721","1","177 WETH ($209,817.57)","OpenSea"
"0xd233e0789992e7cbb3f3e7d12da6abe861df6e778f46a44f1318f8f601d2bb44","15091516","1657144311","2022-07-06 21:51:51","Bought","0x4ecbd69e84c879d9bd834cba9c1c23b20773d4f9","BoredApeYachtClub","5594","721","1","110 WETH ($130,395.10)","OpenSea"
"0xd2813bb2d35f706c447d85433f52f065e5abce688074788931920841ccdaec6d","15091829","1657148451","2022-07-06 23:00:51","Bought","0xed2ab4948ba6a909a7751dec4f34f303eb8c7236","BoredApeYachtClub","7352","721","1","94 ETH ($111,428.54)","X2Y2"
"0x7468be3821dded192469f80c72cfaa907025241b14231019da5199b6b753f94b","15094934","1657189576","2022-07-07 10:26:16","Bought","0x3ce3102e22f4adafdfdd5196025dcbf91fd283de","BoredApeYachtClub","7392","721","1","240 WETH ($296,793.60)","OpenSea"
"0xca5cb5a2c995330600b336b47f341638a4659ac89ecca173847632590a4fff59","15094941","1657189672","2022-07-07 10:27:52","Bought","0xdfa0f4f778b16e7e71c5123e896bbff4d79bdaf2","BoredApeYachtClub","7925","721","1","92 ETH ($113,770.88)","OpenSea"
"0x1e998874c2fb7e9aca599c3229f33ef50a075c2712418c899f80cfe165c99560","15095209","1657193550","2022-07-07 11:32:30","Bought","0xdc5dee5f8e37edf84768d2018ac772431b6aa4c8","BoredApeYachtClub","6695","721","1","95.99 ETH ($118,705.07)","OpenSea"
"0x919ec5e6e449bdda96db675208b1beaf60804dd9adcbc9debe41eb6170196307","15095280","1657194715","2022-07-07 11:51:55","Bought","0x4973a744acab50895e311f1e9f367fa528d318fd","BoredApeYachtClub","8934","721","1","92.88 ETH ($114,859.12)","OpenSea"
"0x199f15fd08d51b2330c30a3429640a7f4ce2af67f4954a95f85756de1f9d3903","15095507","1657197640","2022-07-07 12:40:40","Bid Won","0x8bc6158995acd10de1a78590ee4f0bb695f7ffd2","BoredApeYachtClub","5219","721","1","99 WETH ($122,427.36)","LooksRare"
"0xd511d84fd71622e1aedec5c2fe71acc4d905ed4980364e7d101138e577cfe7e0","15095729","1657200660","2022-07-07 13:31:00","Bought","0xaeaee46b9ad8e1e213cf6d73b7b31ab19a2bb9be","BoredApeYachtClub","7644","721","1","93.7 ETH ($115,873.17)","X2Y2"
"0x556b5f6a634553bdfeeadcf303bb0fec70057909eba5472ee0faee87345ca969","15095761","1657201134","2022-07-07 13:38:54","Bid Won","0x2d6c4d5b3668b15508cdfd367a8de89867e2e4fe","BoredApeYachtClub","1579","721","1","94 WETH ($116,244.16)","LooksRare"
"0xb089b7da30dce35aa484d41979b8c34beeae73d6ee533183e1f21c9591db1fe0","15095788","1657201470","2022-07-07 13:44:30","Bought","0xed2ab4948ba6a909a7751dec4f34f303eb8c7236","BoredApeYachtClub","9935","721","1","81.5 WETH ($100,786.16)","LooksRare"
"0x2200c82874371177da32623a16859ab5d7f3414a02221ac257c075985afc77ee","15096193","1657207129","2022-07-07 15:18:49","Bought","0x024e4fb5632cd32499ce60fe5d892f202e1840c6","BoredApeYachtClub","918","721","1","98 ETH ($121,190.72)","OpenSea"
"0x1281acc87aa62e899d13c6480ab85398b37a7e49287fb589e4d704de55175207","15096323","1657208798","2022-07-07 15:46:38","Bought","0x7c58436fe985c830a0389caf99d133ab55771d39","BoredApeYachtClub","9175","721","1","118 ETH ($145,923.52)","OpenSea"
"0x2ab55eaaa1aa3872845892c8efa593f0773dee557186db4715af96f73f91ac3d","15096516","1657211601","2022-07-07 16:33:21","Bought","0x362b1d6f68d8136bd0595c8e780ade4ed0b60d52","BoredApeYachtClub","3045","721","1","93.99 ETH ($116,231.79)","OpenSea"
"0x99ac1dfab0336a22da60aaf403541a5bc7b49d47bb855b93ccab5ed52e4594b0","15096704","1657213908","2022-07-07 17:11:48","Bid Won","0x807f0c3ecff2ea8c3526110bb3c081fc2f533762","BoredApeYachtClub","1954","721","1","89.55 WETH ($110,741.11)","LooksRare"
"0x9c2de7e4289db755f7c72aec66f88c868c73adf846819b22b46a6cf40f703859","15096821","1657215468","2022-07-07 17:37:48","Bought","0x31340a1e925c277f5182c3dbca754b93d8996e32","BoredApeYachtClub","2256","721","1","94.5 ETH ($116,862.48)","OpenSea"
"0x6a54118f63f7e5849a0ee9875386696cecceecb50ddc164d7f5152cc9516bccb","15097148","1657220006","2022-07-07 18:53:26","Bought","0xdd89b924ba6a7d5029b1a3a76f363d1a571e4836","BoredApeYachtClub","7567","721","1","88.5 ETH ($109,442.64)","X2Y2"
"0x82fff32b6eb4fe4ff17cb5a20d85fa880578ef8011b8e09a477f45f93e13547d","15097321","1657222357","2022-07-07 19:32:37","Bought","0xbd7590f93ebedcf227cecab5eb6ea1027474f371","BoredApeYachtClub","6123","721","1","94.3 ETH ($116,615.15)","OpenSea"
"0x47e3eac8355c5c403e178e5e59b738efecf9ea4cc4422236e1f17a2a3a40a76d","15097745","1657227993","2022-07-07 21:06:33","Bought","0xaf0f4479af9df756b9b2c69b463214b9a3346443","BoredApeYachtClub","5588","721","1","100 ETH ($123,664.00)","OpenSea"
"0x0cd5c0f62984d8ec34991504aedcd9946e5118ee181f54e4322d2ada1fd44114","15097829","1657229313","2022-07-07 21:28:33","Bought","0xed2ab4948ba6a909a7751dec4f34f303eb8c7236","BoredApeYachtClub","5328","721","1","96 ETH ($118,717.44)","OpenSea"
"0xb6fafdb25699a1c5720e592144a262da7bc9b28904bef569fca9359110c5124c","15098241","1657235122","2022-07-07 23:05:22","Bought","0xdb7879023ceccc2c5182283e98ae61e10cb70b77","BoredApeYachtClub","1246","721","1","140 WETH ($173,129.60)","OpenSea"
"0x3821510c876f6137587b003bdb182ab0e5163490815e86148217e177510b1f21","15098628","1657239640","2022-07-08 00:20:40","Bought","0xf76a3c1965b15fa7b109bc7ce18d64246dae6d72","BoredApeYachtClub","2775","721","1","94 ETH ($114,116.00)","OpenSea"
"0x5e61d3cbda00644419647ce22032ad571b70f013c220a051ff1aa4713a335238","15098848","1657242179","2022-07-08 01:02:59","Bought","0xdb48c31ec2d665a7465e2f9690d7a0da42baf45d","BoredApeYachtClub","4930","721","1","84.5 ETH ($102,583.00)","X2Y2"
"0xb2fc30cfc75ccfdb56e28a45ddc1d4c32ec3ff0e68ff8e8d748f53d9de751e1c","15098911","1657243051","2022-07-08 01:17:31","Bought","0xfc192b65c924b8ff11f52d82103153b13d9596c5","BoredApeYachtClub","9935","721","1","91.5 ETH ($111,081.00)","X2Y2"
"0x27d2190f494ebebc27548e96970d5d284f2abaa057c00210ffefc97a385f6e2b","15100013","1657257626","2022-07-08 05:20:26","Bid Won","0x9868aad1058b6fef702a098e75566582e28ef4a6","BoredApeYachtClub","9946","721","1","97 WETH ($117,758.00)","LooksRare"
"0x6c6413183baa430e1f74175fd50bd59f13c5ae4a4e23c273a4cac68ed7a2c77e","15101700","1657280674","2022-07-08 11:44:34","Bought","0x492a626a9a77d658e4160ebcc3b1cec4eef84519","BoredApeYachtClub","9330","721","1","95 ETH ($115,330.00)","OpenSea"
"0x9efd5cf9d0c12cead3c9bbc64855d7d469734731595d386a8f2c10188359752d","15102754","1657294545","2022-07-08 15:35:45","Bid Won","0xca6cd13723b25033c225a5d4c3e4e6c5ed059290","BoredApeYachtClub","5363","721","1","94 WETH ($114,116.00)","LooksRare"
"0x77bd7842b95b3eac1886acbe101d5dce1d364c604a31c1b2794903278447ccf0","15103580","1657305339","2022-07-08 18:35:39","Bought","0xc7a11661ec598aed0d6551dabc5c8947ed110143","BoredApeYachtClub","1163","721","1","100.88 ETH ($122,468.32)","OpenSea"
"0x81594217da9dda77cb729c8117babf74f316fea5f2a2bf1a89fe0a99a6ed3400","15104528","1657317411","2022-07-08 21:56:51","Bought","0x492756f268731985b633bd628f0ba2fd857b6007","BoredApeYachtClub","6388","721","1","869.69 WETH ($1,055,803.66)","OpenSea"
"0x5ef432b0ab0a5f49ecce1e2d6ad2ad573e1df740f944537e448f1c0d8d103f1a","15104612","1657318351","2022-07-08 22:12:31","Bought","0x5d5335e6bea4b12dcb942cec1da951ae63f2ae64","BoredApeYachtClub","5268","721","1","90.91 WETH ($110,364.74)","OpenSea"
"0x78269a65c463891e90cafbf6dca3e349dcf3bb188689345af38edf1c4b7aef96","15105096","1657325106","2022-07-09 00:05:06","Bought","0x2e32935bfd5b2718f99bc8fdf8b37c16811f7d97","BoredApeYachtClub","6148","721","1","98.6 ETH ($119,949.86)","OpenSea"
"0x9cf5e67afab6e09437907f9408c4238045809189c146d03c3d8fc12e87d810a4","15105335","1657328118","2022-07-09 00:55:18","Bid Won","0xd240e313ead8aaebdf724ff031275ae569bf1a2b","BoredApeYachtClub","368","721","1","115 WETH ($139,900.95)","LooksRare"
"0x79485efe439a1c5691140b114fb15662b5b5de3c04a6b68a74d884f3f2a9faaf","15105400","1657329125","2022-07-09 01:12:05","Bought","0xd00c66f16e00f990c85bbd76b3118878b904bef7","BoredApeYachtClub","5672","721","1","95 ETH ($115,570.35)","OpenSea"
"0x3df7bfe4fd16c9f8e71e8ca7e76d67a1b8ed905dead55bfc062f85ca69099883","15105817","1657335263","2022-07-09 02:54:23","Bought","0xd6cf266389907b35d98827e507ce5f6894a3c071","BoredApeYachtClub","9027","721","1","103 ETH ($125,302.59)","OpenSea"
"0x6b8a6ac097d7398beb80b3d736ada1e9e8fbb25ad80e45885c17b6d5f3e86df3","15106114","1657339711","2022-07-09 04:08:31","Bought","0x0f1838b28fa12422f9097e86abcf892807bb64a5","BoredApeYachtClub","4138","721","1","109.99 ETH ($133,806.13)","OpenSea"
"0xd1bb5fdae2fa33f98d258e2cbd28af4318efb2dd490bce3a11c28aab85a6ec4f","15107862","1657363227","2022-07-09 10:40:27","Bought","0x6073ae7059582fb08ae030663c33d026b3ad0766","BoredApeYachtClub","1718","721","1","100 ETH ($121,653.00)","OpenSea"
"0xa23e345d5b491bd0ca930d69facce46ce810c102596d5849ae5bb74cf345e3e5","15108519","1657371969","2022-07-09 13:06:09","Bought","0x997e56f2b12ebd68d0e561149c9a8d32d6742672","BoredApeYachtClub","205","721","1","93.13 WETH ($113,295.44)","OpenSea"
"0x2fb417bbe655b3b17e437d10391bab1416ebb96c6e36c7735fda601a0eb33146","15109264","1657381129","2022-07-09 15:38:49","Bought","0x465dca9995d6c2a81a9be80fbced5a770dee3dae","BoredApeYachtClub","3920","721","1","99 ETH ($120,436.47)","OpenSea"
"0xd153980ecd6976fc1f06a3c41b76a750b73cdc7e9092a36ab2a4ef3acf1bea4a","15109558","1657385028","2022-07-09 16:43:48","Bought","0x0273b3440386d8d01d33e75d662122d710907ba4","BoredApeYachtClub","7644","721","1","98.5 ETH ($119,828.21)","X2Y2"
"0xbd16674b6504007373ee4c57bd782f9f688921899bdf711c6808b64d615ad8d2","15110532","1657398357","2022-07-09 20:25:57","Bought","0x7d864f613e6efbf61614919a953ebb95b31ce373","BoredApeYachtClub","1898","721","1","94.99 ETH ($115,558.18)","OpenSea"
"0xd70a2e9793e3dc521b563e17a0a23549e51bb9749517b2d7f3f945c729e0faec","15110839","1657402278","2022-07-09 21:31:18","Bought","0x5a1db96fd16e559b6c7d7b7cba754d656c7ce5b3","BoredApeYachtClub","858","721","1","104.4 ETH ($127,005.73)","OpenSea"
"0xfd8ba4149faa68c810edfec94c427bcd28428e0e6ac421476f6b25895fa8cdb7","15111277","1657408264","2022-07-09 23:11:04","Bought","0xf0aa926ede618fa4771aee8f60e96859ccdccb16","BoredApeYachtClub","5141","721","1","99.69 ETH ($121,275.88)","OpenSea"
"0x17a5de8a6788b7062911436f61a7eeb0ea232b1e0f760f34acccb8898fc25f2d","15111478","1657411045","2022-07-09 23:57:25","Bought","0x150d8f60f138ce1c02553f85b4c03f39e3a2afa8","BoredApeYachtClub","9695","721","1","114.2 ETH ($138,927.73)","OpenSea"
"0x287f37f4c28e6c2ab760588c152f2437c74849bfc5fb61e37e4d370fa43d5d5d","15111833","1657415574","2022-07-10 01:12:54","Bought","0xda3e7e2a36050600e269d6b41c116ece32ecda0d","BoredApeYachtClub","4251","721","1","93 ETH ($108,559.83)","X2Y2"
"0xe3caf464edc26d5a0c6db329287f724c09f49073fc0b7bacb73c64da35629403","15111933","1657416748","2022-07-10 01:32:28","Bought","0x2441d350a2f2392bb51fafd65faa2e8e0a4bce18","BoredApeYachtClub","472","721","1","97.8 ETH ($114,162.92)","OpenSea"
"0x67929729a8d23c0a551085c77ec13d3e30dd5c4e9de0755b986ac34d3c09b84c","15112066","1657418515","2022-07-10 02:01:55","Bought","0x744c9ca32fc6f7c355083d06019db5d0017a90df","BoredApeYachtClub","5075","721","1","98.8 ETH ($115,330.23)","OpenSea"
"0xb7da235da83de7cdb0da385faab5173846ef1aa30c6a2c9089c5cc5e27e37a90","15112133","1657419331","2022-07-10 02:15:31","Bought","0x3cac6990065c5ac861d77f923e95dc8cdd3a1412","BoredApeYachtClub","2491","721","1","91.6 ETH ($106,925.60)","X2Y2"
"0x22e7ddbed196b38b12dbe70212dceb17b9161215d687b1c4f70e2c4d97efc3e0","15112146","1657419474","2022-07-10 02:17:54","Bid Won","0xf0aa926ede618fa4771aee8f60e96859ccdccb16","BoredApeYachtClub","3947","721","1","99.99 WETH ($116,719.33)","LooksRare"
"0x47110347a27931a6b37c06924e00e6be4865d09f0a1d7ca897a5062f9670e807","15112318","1657421679","2022-07-10 02:54:39","Bought","0x40bcf0ad95b6bc3b4b5bb12da70cf4c65bb77b66","BoredApeYachtClub","8867","721","1","99 ETH ($115,563.69)","X2Y2"
"0x51294a71c47cce412cfcbeeef6e3d087b48e508b43ac7c309a3984260b7d4bb9","15112376","1657422348","2022-07-10 03:05:48","Bought","0x52e1bb7fe65cd596766d375ff02ed341623559e6","BoredApeYachtClub","27","721","1","102.25 ETH ($119,357.45)","X2Y2"
"0xe5704152e4f43ccf1b6b61a258afb20b112d99e210e08e28d842964d2cda702e","15113217","1657433682","2022-07-10 06:14:42","Bought","0x63f4a8f57326d372bbe846d4c560b5c4fe93feee","BoredApeYachtClub","771","721","1","100 ETH ($116,731.00)","OpenSea"
"0x4bb749af7a03a66dd589204bcd0a2d0f9d24d4a556a9d7da6a65ec2e22081e02","15113403","1657436174","2022-07-10 06:56:14","Bought","0xaeaee46b9ad8e1e213cf6d73b7b31ab19a2bb9be","BoredApeYachtClub","7729","721","1","103 ETH ($120,232.93)","X2Y2"
"0x8a701e07e3e373cac33d4e654f8965268f614ca591fcdcc99359ed3d3f024610","15114215","1657446490","2022-07-10 09:48:10","Bought","0xede4a32ddb7353d883399bef2bd9be650cd81bf6","BoredApeYachtClub","2989","721","1","98 ETH ($114,396.38)","OpenSea"
"0x0650b8d7b0c3d9445af718576ae66a7521d6b4e0dac2bfd85a3de6e569ba3418","15114331","1657447987","2022-07-10 10:13:07","Bought","0xe5c9f61b744c92413716134c66f115180dc8d232","BoredApeYachtClub","2296","721","1","118 ETH ($137,742.58)","OpenSea"
"0xb31cb740e43dc87542bc740a44a32de66eedca1758864b11de6535c7336d92b9","15114508","1657450599","2022-07-10 10:56:39","Bought","0xcd46dee6e832e3ffa3fdc394b8dc673d6ca843dd","BoredApeYachtClub","2491","721","1","94.8 ETH ($110,660.99)","X2Y2"
"0x8dc92d73aced07d254b96867d65324fd523654923fca7cbff4431aab1ad41199","15115077","1657458798","2022-07-10 13:13:18","Bid Won","0x90e00fc9f7e38a8b1e7739a2596e6ebe54126c2f","BoredApeYachtClub","4664","721","1","118.88 WETH ($138,769.81)","LooksRare"
"0xb24ea5609f41a986d465a2d83dc48e5860844e5f2c3ca7ef591b939c7757caee","15115511","1657464648","2022-07-10 14:50:48","Bought","0x453721d8f20513944a0edc7230ec2709552f7e17","BoredApeYachtClub","6289","721","1","115 ETH ($134,240.65)","OpenSea"
"0xda5a6620e518dfb4ffbdfcc14349f339d714dce66d960700b21f6f554bb247aa","15115713","1657467048","2022-07-10 15:30:48","Bid Won","0xc75b143301cf47a3ad096ed904f5e3f0831a57fb","BoredApeYachtClub","4604","721","1","110 WETH ($128,404.10)","LooksRare"
"0x045a25783c1b74a37a6b5cd884d9a200781ac29c7d2f12140e36f229a3097fab","15116230","1657473916","2022-07-10 17:25:16","Bought","0x51ceb5fd7bb6ff91c53c21b14064c7677b202262","BoredApeYachtClub","8256","721","1","129 ETH ($150,582.99)","OpenSea"
"0x2ef5222916f59773564ebf8b3a0ec77917c869a7eb562f5d234fd462713dad50","15116872","1657482929","2022-07-10 19:55:29","Bid Won","0xd78338421b0c53de416c3c2c207b5f340979a682","BoredApeYachtClub","3214","721","1","113 WETH ($131,906.03)","LooksRare"
"0x16646623e3f0528b17c68685c36985ca38caa8b146388a0be0c55026ec743445","15116991","1657484529","2022-07-10 20:22:09","Bought","0xaeaee46b9ad8e1e213cf6d73b7b31ab19a2bb9be","BoredApeYachtClub","4007","721","1","103.5 ETH ($120,816.59)","X2Y2"
"0xece67ecffc7b3541888fd81bac5412084de7a23202ba0e6939ff78456adc19d8","15117342","1657489088","2022-07-10 21:38:08","Bought","0xe4e968b3abe7123f18b318e8ad17ce3826b5cff6","BoredApeYachtClub","4673","721","1","110 ETH ($128,404.10)","X2Y2"
"0xb864ca79da5a548139c69c3c9d6bf171d65c74dac5803780f1ea86aaca45d3b6","15117378","1657489462","2022-07-10 21:44:22","Bid Won","0x60a2be9ba9f4bbaeed29db1182a005af3f29c3c5","BoredApeYachtClub","4402","721","1","114 WETH ($133,073.34)","LooksRare"
"0x69effb5a7b6ceee06a07a83fcabc6357931c2d8cd4e123e246f617b21d40138a","15117379","1657489472","2022-07-10 21:44:32","Bought","0x7d9ab80daad7217ed918d21b16e774a56e99550a","BoredApeYachtClub","5604","721","1","100 ETH ($116,731.00)","X2Y2"
"0x8c979e429871fb1c38d53922042fd392ce6bd457c08298904b24a27346d1c08b","15118517","1657504494","2022-07-11 01:54:54","Bid Won","0x2a198f10fd12da7d6c055c0fcb0cd055cafa20bc","BoredApeYachtClub","9680","721","1","100 WETH ($109,567.00)","LooksRare"
"0xba5dfbd24e172365d2e05777bda073a7460e06e6eca50fe7f1881063000bb70d","15118653","1657506214","2022-07-11 02:23:34","Bought","0x6189e05a28bef26bcf76f22ab311282d5e843df4","BoredApeYachtClub","9794","721","1","91 WETH ($99,705.97)","LooksRare"
"0x1fad4dd9ee1dd5ddb8bad2b5b853fd9f31162966c858fbfc20bdd3966adb66fd","15121753","1657548234","2022-07-11 14:03:54","Bought","0x5b3dafc35dcf434153b5df2be2c493df4403aa75","BoredApeYachtClub","449","721","1","105 ETH ($115,045.35)","OpenSea"
"0x2409cd4e350f169bea6d09fd022c535553b91354a1f6e5edf89dffea7210becc","15124089","1657579091","2022-07-11 22:38:11","Bought","0xdd94fe8f7e96d579e82f67d5b0ef6df493f72d80","BoredApeYachtClub","4322","721","1","91 ETH ($99,705.97)","X2Y2"
"0x93a0297af04567225fe1c581602dfe8b3c5441c150172583d3b2554503a0ed16","15124248","1657581053","2022-07-11 23:10:53","Bought","0x7cf5431fbeaac6bb1ff73fd9cb320ddc6dc82816","BoredApeYachtClub","7438","721","1","97 WETH ($106,279.99)","OpenSea"
"0xa7444ff9eccf3ef71bd0663e56b679d5d1be9aa66f24c4d89a139fc2e87b9a58","15124634","1657586070","2022-07-12 00:34:30","Bought","0x758917f2c8d3192fc9f109fe1ee0556808248cc0","BoredApeYachtClub","9152","721","1","107 ETH ($110,998.59)","X2Y2"
"0x2ab01d5f445e51368edf48d745075325e366981fe068ad1c0fb4ab460ccefd32","15124778","1657588093","2022-07-12 01:08:13","Bought","0x128086fb203c4e29af7878d157520abc4cf65da3","BoredApeYachtClub","9988","721","1","127.5 ETH ($132,264.68)","X2Y2"
"0x81a7c5a09e73371c2776dbb8579dc654dd6167f886ccf523191282dfc8343267","15124878","1657589304","2022-07-12 01:28:24","Bought","0x0f2f5b9d6e57a2f42908e3f1d3f46887c45a08cf","BoredApeYachtClub","955","721","1","129.4737 ETH ($134,312.13)","OpenSea"
"0x527d2c02638fd2a9c1be405e2945f3884c017927307dd00faa349542be5f5801","15124980","1657590515","2022-07-12 01:48:35","Bought","0xed2ab4948ba6a909a7751dec4f34f303eb8c7236","BoredApeYachtClub","4322","721","1","93 ETH ($96,475.41)","X2Y2"
"0x70735b605d0e0f8dc4b4380b3bde7118f6cf9f9db39a8ae50313fefc0a8068e9","15125319","1657595015","2022-07-12 03:03:35","Bought","0xfa89ec40699bbfd749c4eb6643dc2b22ff0e2aa6","BoredApeYachtClub","2298","721","1","115 ETH ($119,297.55)","OpenSea"
"0xe260120c1483b0e92c9b939c437ecb7a9d1f3f61036b9fd88cba36c035049370","15125936","1657603187","2022-07-12 05:19:47","Bought","0x90e00fc9f7e38a8b1e7739a2596e6ebe54126c2f","BoredApeYachtClub","2189","721","1","150 ETH ($155,605.50)","OpenSea"
"0x990c0e36a5232e2b375197559130f361413b43314eab3407d630039fe6cf99a9","15127222","1657620985","2022-07-12 10:16:25","Bought","0xd9aef09c7523ef076c4e9d8c36c4c6ad060946f0","BoredApeYachtClub","5588","721","1","117 ETH ($121,372.29)","X2Y2"
"0x2d9e35acb92caa0604011328b965fbb3762dad220d6cca27d71b40ded900a38f","15128085","1657632525","2022-07-12 13:28:45","Bought","0x61b1ace9160098ef4bdf694d5bb74845f90e9b85","BoredApeYachtClub","9833","721","1","97.9 ETH ($101,558.52)","OpenSea"
"0x78bf2dca2bb530e4246c8eceb73b17fe534138bfae0d97caab2d0a3585f116e9","15130213","1657660358","2022-07-12 21:12:38","Bought","0xea25220caf98e0097fb8401d8a44e2d4f2cef093","BoredApeYachtClub","9584","721","1","102 ETH ($105,811.74)","OpenSea"
"0x84fae1b672d2b36aada194d4c80f57e12d35974406e1db67adb2be22e5f3b3f5","15131961","1657684064","2022-07-13 03:47:44","Bought","0x6bc80372b79b58272ec43a60217086007701853f","BoredApeYachtClub","9330","721","1","99.9 ETH ($111,345.54)","OpenSea"
"0xb58070df4730f78007b24d31bd7f525d1eadb23d78e1bb893aa2e715c35b7c4e","15132545","1657691746","2022-07-13 05:55:46","Bought","0x186bad94057591918c3265c4ddb12874324be8ac","BoredApeYachtClub","3553","721","1","129 ETH ($143,779.53)","OpenSea"
"0x0a38b46e6a1c62d4487bc2f1e36d5575c2ece18fdee8b75687bbe9f74d7e4480","15133025","1657698193","2022-07-13 07:43:13","Bid Won","0x75ee251588bd4aa59e8d61a25568b291192d7e8c","BoredApeYachtClub","6166","721","1","98.9 WETH ($110,230.97)","LooksRare"
"0x529f6f947fa0cfb4fdf489267efaf2f492fbaccc2c3a5f00ac33880c9c834134","15134284","1657715593","2022-07-13 12:33:13","Bought","0xcf83f2897f298e5b687c8a5797fc0add698422aa","BoredApeYachtClub","2437","721","1","99 ETH ($110,342.43)","X2Y2"
"0x03004270502a1b1255259f5403b58cf8ccab8d7fc5d73b914392d26df7c23ece","15134439","1657717858","2022-07-13 13:10:58","Bought","0x0bd7b1283902f5f1352fd17d5b4aa03d29484285","BoredApeYachtClub","17","721","1","96 WETH ($106,998.72)","OpenSea"
"0xa1edf237716fca257addb77c63556cfb477267093be5ef96b65c2b3cf0b523e0","15134474","1657718211","2022-07-13 13:16:51","Bought","0xaafa1fe3b8c0b2f0d0305bcc3641dfa326567bce","BoredApeYachtClub","3429","721","1","150 ETH ($167,185.50)","OpenSea"
"0xd8bc9382aa5ba4cccb442d214403c6b4fa8a013eea5fadbb2a585ea79541b216","15134634","1657720411","2022-07-13 13:53:31","Bought","0x01477733654da24e03f497c7fe8d1a5e25b7795a","BoredApeYachtClub","4066","721","1","180 ETH ($200,622.60)","OpenSea"
"0x052dec51ebc92a7865fca0184c1d5fdae59777d0142933fc872b23c752f396d6","15134658","1657720707","2022-07-13 13:58:27","Bought","0x1a491fc7dacae7e270bf9a116c026987d0e6be0a","BoredApeYachtClub","6477","721","1","140 WETH ($156,039.80)","OpenSea"
"0x5b578a32a433acc1678e32a20286c3488ac598756ef8b83b9d74747971fbcf21","15134721","1657721571","2022-07-13 14:12:51","Bought","0x138b9057d61e893b72b33ab2d17f24ac87bd33cb","BoredApeYachtClub","5757","721","1","170 ETH ($189,476.90)","OpenSea"
"0x5b490999fa82ef31c0726c507b032b83c8c0cae4373e9054e03d3d808a1e595e","15135174","1657727858","2022-07-13 15:57:38","Bought","0xba528b2e785b1e05c64b5c48c009fca19bf23df0","BoredApeYachtClub","3690","721","1","120 ETH ($133,748.40)","OpenSea"
"0xbebc7e50f0287bca12cae42e6e5312176cae76244dae852981aa2d16832b9ab3","15135722","1657734972","2022-07-13 17:56:12","Bought","0x0b98a13cbd817f002badbb5b9b575a007a5ed126","BoredApeYachtClub","8163","721","1","102.01 ETH ($113,697.29)","OpenSea"
"0x6a4c46f9af68c47d5f497916e2ae806b341bdf3a235f2ec4425eee8157a0750c","15135754","1657735221","2022-07-13 18:00:21","Bought","0x62050220633afe524d98fe3fccadbeacc2b96110","BoredApeYachtClub","6991","721","1","104 ETH ($115,915.28)","OpenSea"
"0xac0dc396d2c1cc09acfdafb3b03361f86a3270c8efb206d156cce5b714baf02c","15136066","1657739577","2022-07-13 19:12:57","Bought","0x820425d330f777370acf68e45f884547e98db2c0","BoredApeYachtClub","7380","721","1","94.8 WETH ($105,661.24)","OpenSea"
"0x80e5a0f866350c3bd0e417bc90e6a67e38c6806fa0a7ad12ba7e58409cc15441","15136285","1657742340","2022-07-13 19:59:00","Bought","0x6a9c0ab778329560aaf8541549f728bfde9b7905","BoredApeYachtClub","3433","721","1","99.49 ETH ($110,888.57)","OpenSea"
"0xc1f60eac203956e6e967d2e11312790e157520831dd446409a8c8dfd243834e7","15137088","1657752922","2022-07-13 22:55:22","Bought","0xaeaee46b9ad8e1e213cf6d73b7b31ab19a2bb9be","BoredApeYachtClub","8114","721","1","100 ETH ($111,457.00)","X2Y2"
"0x49710ac515889d9347adf43e81360c85002b3fcf96b698e2c192e23d0e08672a","15137139","1657753566","2022-07-13 23:06:06","Bought","0x8d48e5794e054001db3dc5c9e94050299e6d1636","BoredApeYachtClub","4343","721","1","131 WETH ($146,008.67)","OpenSea"
"0x5ef76547c601d661271c9c9c94929eaa7825e18ed6ac241aa79f398f9126f782","15137139","1657753566","2022-07-13 23:06:06","Bought","0xaafa1fe3b8c0b2f0d0305bcc3641dfa326567bce","BoredApeYachtClub","6105","721","1","130 WETH ($144,894.10)","OpenSea"
"0x71fac1d9da2ed867ef0618a97e6b323002f0740ab86c0afb5b76c4376ae3f4ba","15137565","1657759164","2022-07-14 00:39:24","Bought","0x5e1a0d484c5f0de722e82f9dca3a9d5a421d47cb","BoredApeYachtClub","5312","721","1","134 ETH ($159,803.04)","OpenSea"
"0xaca632af443dcfd5caa650f8c2bf4323c99f6f6ce42aac890c31a9be84f9647b","15137676","1657760634","2022-07-14 01:03:54","Bought","0xd6cf266389907b35d98827e507ce5f6894a3c071","BoredApeYachtClub","5051","721","1","101 ETH ($120,448.56)","OpenSea"
"0x2e4df2a2f97782b899fd6c1545a4e76fb6ccac42c76f425d789cf41eed5ae4a2","15137804","1657762392","2022-07-14 01:33:12","Bought","0xed2ab4948ba6a909a7751dec4f34f303eb8c7236","BoredApeYachtClub","6298","721","1","93 ETH ($110,908.08)","X2Y2"
"0x8378618cbf1a918293a89844bccea6df10fe5010c9e455a09605b191eab4d7bf","15142203","1657820736","2022-07-14 17:45:36","Bought","0x2fba149831c6bef142349a2fdc6cf73157b9118f","BoredApeYachtClub","8602","721","1","180.69 ETH ($215,483.67)","X2Y2"
"0xba58410a166d21729b10de88221de7cf5ad571e7a6c4394448f9bc2c1a43c10a","15142255","1657821417","2022-07-14 17:56:57","Bought","0xed2ab4948ba6a909a7751dec4f34f303eb8c7236","BoredApeYachtClub","2518","721","1","94 ETH ($112,100.64)","X2Y2"
"0x6c6c5990f60b5584259cf2741ff52301d499bb14994b6f2057f937542326602d","15143500","1657837789","2022-07-14 22:29:49","Bought","0xfc54e52fe6432867b9fe844d545bc668c680f082","BoredApeYachtClub","2496","721","1","107 ETH ($127,603.92)","X2Y2"
"0x102641ef8c59eae47b2bf4e1040e879904b408aeee428939d815811b32f7f062","15143927","1657843166","2022-07-14 23:59:26","Bought","0xb4745c494a7d0768fdd87a04a86ed472b6eaf094","BoredApeYachtClub","6748","721","1","98.42 ETH ($117,371.76)","X2Y2"
"0x6f53b0c804ad82e7ed91b7be8080db0ecabdf98310ec5a86f03da1cdeacc4d4d","15144275","1657847737","2022-07-15 01:15:37","Bought","0xe64fc2ec479fbaf11a2865102255e1f044fa72cc","BoredApeYachtClub","5110","721","1","93.5 ETH ($115,120.01)","X2Y2"
"0xeb499f8fd8712fb90a15b6ff5006a7278b62ef5ed8d80e1380ae50e4cb7520ca","15144553","1657851786","2022-07-15 02:23:06","Bought","0x5d00f13743ca6928d984d1cbdec016360a195281","BoredApeYachtClub","4544","721","1","130 ETH ($160,059.90)","X2Y2"
"0x33c95737f16370c657b6ab2d1fab3fe30085df9a25510576ed270f768a31b4a2","15144742","1657854228","2022-07-15 03:03:48","Bought","0xed2ab4948ba6a909a7751dec4f34f303eb8c7236","BoredApeYachtClub","4935","721","1","93 ETH ($114,504.39)","X2Y2"
"0xbc681d1acbc3391e6a5ba855dd78550722f53e44579e5c0937ae14b5cd0f9032","15146075","1657872475","2022-07-15 08:07:55","Bid Won","0x611c67ec71202613da55d00ddc04ccdb02060fcc","BoredApeYachtClub","2393","721","1","96 WETH ($118,198.08)","LooksRare"
"0xdcfc4c13f0c01997576f2e35d8c2e7fb32f250d54d1f4ba5a9fbfafef7156cab","15146195","1657874155","2022-07-15 08:35:55","Bid Won","0xbdabdd6690baf04e136c9bd07b8d7b916299e3f9","BoredApeYachtClub","7665","721","1","103 WETH ($126,816.69)","LooksRare"
"0xf44d81e1c7de1e84677c85171754bf0e701e1ff442fa3d78d015b52c000e685e","15147549","1657891994","2022-07-15 13:33:14","Bid Won","0x8bbabe07f6b87264b1e63d6c03b10ecd8310d5e3","BoredApeYachtClub","406","721","1","126 WETH ($155,134.98)","LooksRare"
"0xbfc40dd85898dc4852f43a2f532f669831051088827d5537cf2cd5409d629f66","15147694","1657893875","2022-07-15 14:04:35","Bid Won","0xa12ba135087d528f1a08cac5a3b98ebe4d1bf90f","BoredApeYachtClub","3648","721","1","105 WETH ($129,279.15)","LooksRare"
"0x097d899cb04de5f8b269b125b4805861ce79981016849cea897497d7aba33d5c","15148748","1657907079","2022-07-15 17:44:39","Bought","0xed2ab4948ba6a909a7751dec4f34f303eb8c7236","BoredApeYachtClub","8914","721","1","94 ETH ($115,735.62)","X2Y2"
"0x808b58ad95926ad73e626e2adfa3d7e7165dcb552fcd4bd53d500f5fb5b1771b","15149317","1657915267","2022-07-15 20:01:07","Bought","0xf4fb9fa23edb32215e5284cf7dbfdb5607d51a5b","BoredApeYachtClub","9152","721","1","93 ETH ($114,504.39)","X2Y2"
"0x201ddcba6544e8554855a5f11d895988eee5ad115cfb84b304077bb116253db3","15149320","1657915284","2022-07-15 20:01:24","Bought","0xff567d26a66a556afe5b9183db01370aa78d7bda","BoredApeYachtClub","4619","721","1","130 ETH ($160,059.90)","OpenSea"
"0x7fbcbd500c57681dbbf2880414a83f60245097af805cd6b78cc5e7f711423235","15149523","1657918295","2022-07-15 20:51:35","Bought","0xed2ab4948ba6a909a7751dec4f34f303eb8c7236","BoredApeYachtClub","9152","721","1","94.25 ETH ($116,043.43)","X2Y2"
"0x54678d186ce8931c44eaed2b6936962aa89e1efb48e110501c680a29e5d71faf","15149746","1657921075","2022-07-15 21:37:55","Bought","0x4f795d6ab3aa01df85669600f8101d23a91bedb2","BoredApeYachtClub","7270","721","1","99 ETH ($121,891.77)","OpenSea"
"0x430c677c5c9340f5be21b2612db20a68bd99f048842a173230213fc28cab0b1d","15150258","1657928184","2022-07-15 23:36:24","Bought","0x414826beb718f2b204bca67b949604bdc739fcba","BoredApeYachtClub","8114","721","1","103.0301 ETH ($126,853.75)","X2Y2"
"0x0d7ddda8206eac9809e7ae8e85ba40a909e4d34a94afbc20b0c75f5dcd7b3d8a","15150577","1657932647","2022-07-16 00:50:47","Bought","0xcf2e155ff157494de3248ddc41cc8fda936d6040","BoredApeYachtClub","8567","721","1","105 ETH ($142,412.55)","X2Y2"
"0x0ec026dc4d7f226aaa5f8110d4efae507fce8d95223f6ab07dd6f435755de44c","15151254","1657941352","2022-07-16 03:15:52","Bought","0x3cac6990065c5ac861d77f923e95dc8cdd3a1412","BoredApeYachtClub","2311","721","1","92 WETH ($124,780.52)","LooksRare"
"0x56769740a81c54056bddd7a327a6e032ea827348af6857fa84ffa45072703f26","15152030","1657951892","2022-07-16 06:11:32","Bought","0xe64fc2ec479fbaf11a2865102255e1f044fa72cc","BoredApeYachtClub","4633","721","1","95 ETH ($128,849.45)","X2Y2"
"0x6be35fe2f7e71ee334c5bad15d91163946fc9246f4d401a2c2cbf614f98dc971","15152041","1657952133","2022-07-16 06:15:33","Bought","0xc0b99f0578afd9adb818eaeadcbf02b392852fdd","BoredApeYachtClub","465","721","1","95 ETH ($128,849.45)","X2Y2"
"0x1b674a4db727f9d0e1fa296e19374f52b6144d9458bde176e5cee1f15abcfa3e","15152180","1657953827","2022-07-16 06:43:47","Bought","0x8a7e50ede42180c62b583b3b287d2f433d6c604d","BoredApeYachtClub","9355","721","1","100 ETH ($135,631.00)","X2Y2"
"0x77526e8bfaabc6809b40a0428ee9fd141a666daeedac862f199cc1c39667adb6","15152433","1657957336","2022-07-16 07:42:16","Bought","0x2dd09e72c249f2487d35c064fb5de7ecc5b3b148","BoredApeYachtClub","5195","721","1","115 ETH ($155,975.65)","OpenSea"
"0xea113f383f83d5f5a2ece896f748a59affb1a1850ab25dea80d0324aa0cd6cec","15152461","1657957764","2022-07-16 07:49:24","Bought","0x65249532663d15a76007688a8bfa1b109973ad41","BoredApeYachtClub","4662","721","1","95 ETH ($128,849.45)","X2Y2"
"0xcf049e46538960da7a7ebaa4239c3c61f88162e1a60b9c61c9c2a71a09b34969","15155058","1657992718","2022-07-16 17:31:58","Bought","0xceb03035ba74435b773075eea40a04ec95ccea88","BoredApeYachtClub","6105","721","1","140 ETH ($189,883.40)","X2Y2"
"0xcaa068cd122133decd0421672c798851f53dcc15f4320e641727539d11af87b4","15155291","1657995959","2022-07-16 18:25:59","Bought","0x7629838b09dbe91e27de5878d056736a2cfcdff4","BoredApeYachtClub","2298","721","1","115 ETH ($155,975.65)","X2Y2"
"0x5d896b655f08cd37f11dc23fa1ca59060d018b1dcda8a252d57a395590458cc3","15156031","1658005663","2022-07-16 21:07:43","Bid Won","0xe2bc85306d471754c82758fc7df05dd1e8d50927","BoredApeYachtClub","3384","721","1","98.9529 WETH ($134,210.81)","LooksRare"
"0x9ab2bc9c116726f7886001d42cbcb7003c524e9020fafc1d830053e885c06776","15157392","1658023643","2022-07-17 02:07:23","Bought","0xd6cf266389907b35d98827e507ce5f6894a3c071","BoredApeYachtClub","6341","721","1","105 ETH ($140,486.85)","X2Y2"
"0x1fa1819f3211c3ec77bf036e7ef9c6b27704d82ad8338d1b92d1af39d5e36d3e","15157712","1658027655","2022-07-17 03:14:15","Bought","0xed2ab4948ba6a909a7751dec4f34f303eb8c7236","BoredApeYachtClub","8829","721","1","86 ETH ($115,065.42)","X2Y2"
"0x37a64fef2bcec3371238a3620b50d0c5f69dcf9e882ef251f041df6c37e7ae2a","15158114","1658033113","2022-07-17 04:45:13","Bought","0xd9d7046933bd3d0a3e869959ef95e4c41522c1bf","BoredApeYachtClub","1253","721","1","126.5 ETH ($169,253.21)","X2Y2"
"0xd7b131256de9b3b900fbb8e148abd529d6ffb3f72e3960a3d48e1dc2cbe3f789","15158463","1658037831","2022-07-17 06:03:51","Bought","0x140e938597dfe217ef3e31b423f9a98430e2c332","BoredApeYachtClub","9152","721","1","102.6316 ETH ($137,318.00)","OpenSea"
"0x32310a3bd773c230e7224b9a7d9f84101105e9c808333c1c681d38937ae427fc","15158961","1658044567","2022-07-17 07:56:07","Bought","0xed2ab4948ba6a909a7751dec4f34f303eb8c7236","BoredApeYachtClub","3613","721","1","91.9191 WETH ($122,985.00)","OpenSea"
"0x9964035fe10a3eeef92aedeb0214d8d01494535be5ee0e1e52a80c756b81e334","15159144","1658046968","2022-07-17 08:36:08","Bought","0xf1aabd530c11eb9385e790d98ebb2b793a3d8165","BoredApeYachtClub","5337","721","1","91 WETH ($121,755.27)","OpenSea"
"0x5265424441d0a8c7f2cd6d8dfef756388895f667a06189306d6eb56ac8868b0c","15159939","1658057843","2022-07-17 11:37:23","Bought","0xb110cc2f10c072ce311fa30411c0b756a7b485b6","BoredApeYachtClub","3647","721","1","109 ETH ($145,838.73)","OpenSea"
"0xc512a327dc92aa7305d8c16b7d6a9d62ba36e0c1a4ea0385dd6a00dde689edcf","15160097","1658060100","2022-07-17 12:15:00","Bought","0x6e6d6c78da47c6a7e5c784c7d4f07801b72c3b1d","BoredApeYachtClub","7380","721","1","100.99 ETH ($135,121.59)","OpenSea"
"0xec87008fcde445d1be7edf6615bdde48cc411d8493d531bbda9c6e89795137e1","15163887","1658110915","2022-07-18 02:21:55","Bought","0x3be42d3eae092e37274ea2973d5e4d2c2775fded","BoredApeYachtClub","771","721","1","107.9 ETH ($170,865.05)","OpenSea"
"0xbf333f8d14ef78f5728342dd37e94606df0e0d1d825b24b958750d0ff5bc8b41","15165504","1658132010","2022-07-18 08:13:30","Bought","0x523dcf39fb7bef50e0a5201a3afbd3eea5524f95","BoredApeYachtClub","2513","721","1","104.2106 ETH ($165,022.70)","OpenSea"
"0xbb0831d4b4e047a596a754818967b10c23603e243f8a5dc18f982cc91f5f2546","15165739","1658135352","2022-07-18 09:09:12","Bought","0xed2ab4948ba6a909a7751dec4f34f303eb8c7236","BoredApeYachtClub","1693","721","1","92 WETH ($145,686.60)","OpenSea"
"0xcd4d030ed928ac64cc42a547fc466b9e26a1856df47c5646f65452882a1a33e7","15165761","1658135674","2022-07-18 09:14:34","Bought","0xa9afcef744fc60baf5a1325d4071dd5e9ba4a5c9","BoredApeYachtClub","6092","721","1","98 ETH ($155,187.90)","OpenSea"
"0x29b15b1fc4e29708888941124fcabee892b90a2ed1c81df881f20d9bd0ae9054","15166079","1658140432","2022-07-18 10:33:52","Bought","0x3566b161d8231ba81f4e6b4fbc9ad0b7495bb6d2","BoredApeYachtClub","3283","721","1","140 WETH ($221,697.00)","LooksRare"
"0x84f3435f6157b7dd5840bb0d8fa57f81ccdfef55165436dc20268cbc47139c73","15166091","1658140561","2022-07-18 10:36:01","Bought","0xaeaee46b9ad8e1e213cf6d73b7b31ab19a2bb9be","BoredApeYachtClub","833","721","1","100.0888 WETH ($158,495.62)","OpenSea"
"0x9ff22f163c6bafe2e4c83357df8a6ca5c80da1297dffa30d99cc83d328c4fd57","15166771","1658149110","2022-07-18 12:58:30","Bought","0xe64fc2ec479fbaf11a2865102255e1f044fa72cc","BoredApeYachtClub","5110","721","1","90 ETH ($142,519.50)","X2Y2"
"0x6061214550cf7ef91f48301eade95a657a5b6ab51b37a4ebb7f834a24b3acc2f","15167446","1658157903","2022-07-18 15:25:03","Bought","0xbf3a487fccc6a259c88dd0bfbd4b93961913c116","BoredApeYachtClub","7230","721","1","92.5 ETH ($146,478.38)","X2Y2"
"0x4203d4c3c5c8dba1ca02fa30b00eafa773d4c2e7f553b58f38bdeeefe826cbc9","15168186","1658167968","2022-07-18 18:12:48","Bought","0x2334fd2c0010fb428724e31d8cfb0de030b3045c","BoredApeYachtClub","406","721","1","119.5 ETH ($189,234.23)","X2Y2"
"0x4799992e4779b6bdc7457bc2920e405515a4021d88584aee34bdcbb0cd744343","15169369","1658184610","2022-07-18 22:50:10","Bought","0x19cca2f33098a977c9d1a551f49649b453a12095","BoredApeYachtClub","3473","721","1","97 WETH ($153,604.35)","OpenSea"
"0x13b9364ce7b158da526e7fc91747b977cdf3f6b18e4fc0e96dfcf3a0acd6db38","15171599","1658214226","2022-07-19 07:03:46","Bought","0xcf83f2897f298e5b687c8a5797fc0add698422aa","BoredApeYachtClub","3268","721","1","109 ETH ($168,200.08)","X2Y2"
"0xfcc99f9bdcc56153229a4383f7c9d4cb7bcdf95039afc82ca69e72524211b910","15171824","1658217274","2022-07-19 07:54:34","Bought","0x820425d330f777370acf68e45f884547e98db2c0","BoredApeYachtClub","1223","721","1","90.1 WETH ($139,035.11)","OpenSea"
"0x2513604a7ad0a0fef93eeedf7ce86d1a3b726a483c7e014169b27938cf524a56","15172333","1658223897","2022-07-19 09:44:57","Bought","0x8ae63b961a3e402c9fa2e8677026038d7a6e94dc","BoredApeYachtClub","2655","721","1","99.6 ETH ($153,694.75)","OpenSea"
"0x899a02d6c9216f37cd88de198a0f4cfaa35ef86c9c80693804f5ee416522f23a","15172635","1658227871","2022-07-19 10:51:11","Bought","0xc2258a6af9b45f5b64abea32b34e4bca820a14d9","BoredApeYachtClub","2901","721","1","93.8 ETH ($144,744.66)","OpenSea"
"0x898b58ab8e7443512df8e5fe9ade034192d51e1193639fad77ea61c7512097aa","15172687","1658228657","2022-07-19 11:04:17","Bought","0xbc1934f548417f79ab10138b57716fbc7c25c177","BoredApeYachtClub","7352","721","1","106.1856 ETH ($163,857.12)","X2Y2"
"0x304591703e597857bd2c44198352b226748a3ff665a53df177c8ccf0714ae19d","15174144","1658248393","2022-07-19 16:33:13","Bought","0xed2ab4948ba6a909a7751dec4f34f303eb8c7236","BoredApeYachtClub","3490","721","1","91.1919 WETH ($140,720.04)","OpenSea"
"0x7be0163f6a650af841a1496ef2fb524526ce1f1faa9f59d4e3148225ccf9d6ba","15174555","1658253433","2022-07-19 17:57:13","Bought","0x3eaa1cbab87b235e1e5ca4585fd37811356ee46a","BoredApeYachtClub","3528","721","1","74 ETH ($114,190.88)","X2Y2"
"0xd15565c4f515dbe01681d87840d7ac6f6a41622557f48fc81d45855f43cfa96b","15175045","1658259816","2022-07-19 19:43:36","Bought","0xed2ab4948ba6a909a7751dec4f34f303eb8c7236","BoredApeYachtClub","7404","721","1","89.089 WETH ($137,475.02)","OpenSea"
"0xbf05efa945e19b0a415ee6491c59641d746d23d718f9277061cd019abb492ff6","15175868","1658270876","2022-07-19 22:47:56","Bought","0x0ccce9b458d1ec2c5ca4a31b65910890f4416d7f","BoredApeYachtClub","731","721","1","88.5 WETH ($136,566.12)","LooksRare"
"0xd070170cd2b66edfc7e86009fecc73c577c1f3211efa54fcbca8d07f2f6b9c44","15176389","1658278035","2022-07-20 00:47:15","Bought","0xed2ab4948ba6a909a7751dec4f34f303eb8c7236","BoredApeYachtClub","731","721","1","84.51 ETH ($128,600.56)","X2Y2"
"0xe5c3afd18b2cd128b429061578d593aae1cc43f5f4880e6b4e1a73b21fe6e9ea","15176848","1658284009","2022-07-20 02:26:49","Bought","0x4e478f54de3e78283a6394da7e5d275609aca21b","BoredApeYachtClub","3613","721","1","91.9191 ETH ($139,875.13)","X2Y2"
"0x7621f078cd7a91ec4f66c10c98395ebe81d46800a6fcca35225af2b35e4fb3a9","15177774","1658296641","2022-07-20 05:57:21","Bought","0xed2ab4948ba6a909a7751dec4f34f303eb8c7236","BoredApeYachtClub","4052","721","1","94.5 ETH ($143,802.54)","X2Y2"
"0x7243a4b2e3ba386adf4fd39de83e87b13ef0bbfb83554df22c1c321b7625ddb7","15177953","1658298954","2022-07-20 06:35:54","Bought","0x0493a78f14bcb581d8ee9e133f85c1f8bc615324","BoredApeYachtClub","4007","721","1","111.1111 ETH ($169,079.98)","OpenSea"
"0x2d659ca7ca7ad9b7160c4edde95a6097d93d3eded4575575ea9f9d40870ee417","15181005","1658340321","2022-07-20 18:05:21","Bought","0x7e99611cf208cb097497a59b3fb7cb4dfd115ea9","BoredApeYachtClub","7116","721","1","93.8 ETH ($142,737.34)","OpenSea"
"0x9a4b3889c34bd21c22a8e630059114646d42ffc007973ffc9836e52b3d62fbee","15181006","1658340345","2022-07-20 18:05:45","Bought","0x12f9b53e44b56774d235b6e6f183fde8a9043065","BoredApeYachtClub","4786","721","1","150,000 USDC ","OpenSea"
"0x3b6c3507107a408744fabcbe3192df1750dde3e1a8f2eb78c44be2421c2a7224","15181250","1658344043","2022-07-20 19:07:23","Bought","0xbf3a487fccc6a259c88dd0bfbd4b93961913c116","BoredApeYachtClub","27","721","1","93 ETH ($141,519.96)","X2Y2"
"0xca982a781bf8b08ba5d2b5aac247b5d4dcf4b51bee85503b09e3fa9ad0418e38","15183051","1658367705","2022-07-21 01:41:45","Bought","0xfc92267a980deb6b32c9987a048189f8d86374fa","BoredApeYachtClub","2437","721","1","99.99 ETH ($157,552.24)","OpenSea"
"0x6e1b677d5a837fa858b9eada897b2c6dd6ca40fd85a96cdf4b373a6ab2a8b6ca","15183425","1658372638","2022-07-21 03:03:58","Bought","0x1d36663a76fa15fea1a4fccb378a4e8290b19bca","BoredApeYachtClub","7479","721","1","95 ETH ($149,689.60)","X2Y2"
"0x769da05b7b7dbee59ad9013854c4b16497039024566687bad6cafc95de0e46a3","15183490","1658373577","2022-07-21 03:19:37","Bid Won","0xa6922b24a7f596472e56e17a073465c733648432","BoredApeYachtClub","3697","721","1","92.5 WETH ($145,750.40)","LooksRare"
"0x93d5800bc8163cdcd114cacc7159701651a3758eea43c12e68dac7e560b1ff94","15183579","1658374584","2022-07-21 03:36:24","Bought","0x3071a71194c5b128c6e96bfb55b35c1abd82e363","BoredApeYachtClub","3030","721","1","89.2 WETH ($140,550.66)","OpenSea"
"0x6553b06bae83512d87d3ceb340e14055c24e5f301ab5a57bdba009583b28d003","15183639","1658375510","2022-07-21 03:51:50","Bought","0xb4debf1547c4df92ccf15ae0c70a61ae6e5f002d","BoredApeYachtClub","9573","721","1","81.70040000000004 WETH ($128,733.69)","OpenSea"
"0x3e7dcf59f1691fec8b924f53b1af8003b65445e2e2f6810a3fe8f3c7a83c4227","15185763","1658404804","2022-07-21 12:00:04","Bought","0xaf0f4479af9df756b9b2c69b463214b9a3346443","BoredApeYachtClub","7033","721","1","87.233000000002007823 WETH ($137,451.29)","OpenSea"
"0x5d918b0c7f55f42bee6bcde6d3f1d260f7dd6f24562e708bab760354086d21a5","15186191","1658410547","2022-07-21 13:35:47","Bought","0x09fde2eda4d2bc32171ff41d7a7345ca3acd8c74","BoredApeYachtClub","5337","721","1","97 WETH ($152,840.96)","OpenSea"
"0x78a6b1aa928db6a3ed1f5c6a75c46ac5c0f2fbc650b7c54f2f55d719cf6ac975","15186785","1658418328","2022-07-21 15:45:28","Bought","0x8bbabe07f6b87264b1e63d6c03b10ecd8310d5e3","BoredApeYachtClub","5043","721","1","110 ETH ($173,324.80)","OpenSea"
"0x5c7fbdf688be1634f5e4d75ae8340498c9b2e84fa5bd811a924cd032f6807b82","15186862","1658419322","2022-07-21 16:02:02","Bought","0xe279d08a2cb447258c83fe78fa600f8f7485d1aa","BoredApeYachtClub","6298","721","1","91.579 ETH ($144,299.20)","OpenSea"
"0x435214c56a18b5ae6d3669211c0905b5ff5e8db21f483f244c4212f9cd827f7b","15187165","1658423158","2022-07-21 17:05:58","Bought","0xaeaee46b9ad8e1e213cf6d73b7b31ab19a2bb9be","BoredApeYachtClub","5454","721","1","98 ETH ($154,416.64)","X2Y2"
"0xf13b178e20bdb33c1a8e1fe3044059ccd6141dd62d3d5cbb7eab5635e48c3d19","15187268","1658424442","2022-07-21 17:27:22","Bought","0x2e992e3941f67dc416de6275f496ceb2c0025da2","BoredApeYachtClub","4052","721","1","89 ETH ($140,235.52)","X2Y2"
"0xac481c030896d0395cb1cdde5833ebf04ebcc405985fa5465fa18e56da64d74f","15187928","1658432736","2022-07-21 19:45:36","Bought","0x840de9986997435983f3d827df933638f1ed23d7","BoredApeYachtClub","7593","721","1","177,777 USDC ","OpenSea"
"0x4dda6689e4a0e114f027c8e2b1eb1d044109ab135526d93e29dd5fd27869590c","15188123","1658435350","2022-07-21 20:29:10","Bought","0x762b34974ecdbcf8d9015125a48f7b4b6cbaa205","BoredApeYachtClub","9873","721","1","94.1 ETH ($148,271.49)","OpenSea"
"0x4daa007e2df67f00ab76cd03934eb2e875b59a49beccb6909a7fcf787932f79e","15188256","1658437081","2022-07-21 20:58:01","Bought","0xdd94fe8f7e96d579e82f67d5b0ef6df493f72d80","BoredApeYachtClub","1236","721","1","86 ETH ($135,508.48)","X2Y2"
"0xb0679dd66db634945610447bf91385cbb92b30de604c4b8974346dd92366f118","15188990","1658446736","2022-07-21 23:38:56","Bought","0x5fe9cfa5cfecdc333eb102d219b4e77eacde9828","BoredApeYachtClub","6728","721","1","98 ETH ($154,416.64)","OpenSea"
"0x157481ca5cf22321e54a4bc18c6ab1b92c478c034a3e5be0fa12a05bf27cedc8","15189630","1658455708","2022-07-22 02:08:28","Bought","0x543b9a3f763ba278cf4f6c824deb60e48260ea6a","BoredApeYachtClub","160","721","1","94 WETH ($144,356.74)","OpenSea"
"0xa71284f6450d542896fa39e2e54a9dca937f095b3bfce6cfd5f190a1b4b91466","15190420","1658466231","2022-07-22 05:03:51","Bought","0x2879271e69cbebbd2cefc8c3ed1a1feeb74a52f8","BoredApeYachtClub","5268","721","1","89 ETH ($136,678.19)","X2Y2"
"0x160c772001fb1f2bf91cc005481f2c51af09cb0ff97cd440a2537aa9aa1b1a17","15190960","1658474113","2022-07-22 07:15:13","Bought","0x8d5965639e9ec76bd3213fbc910cd9e213eb565a","BoredApeYachtClub","5935","721","1","100 WETH ($153,571.00)","OpenSea"
"0xaf2d853c611eed2df69baa5b9718ca38dea17105a51406285e959d5135ed62f6","15192697","1658497483","2022-07-22 13:44:43","Bought","0x5d5335e6bea4b12dcb942cec1da951ae63f2ae64","BoredApeYachtClub","609","721","1","86.75 WETH ($133,222.84)","OpenSea"
"0x69a6227271d72373c8d226dac2c784d27f59468c6fcdb25a171ccc591eb4d562","15193379","1658506018","2022-07-22 16:06:58","Bought","0xed2ab4948ba6a909a7751dec4f34f303eb8c7236","BoredApeYachtClub","1236","721","1","87.5 ETH ($134,374.63)","X2Y2"
"0xdb7934f4c4afdf8d208098a573ec23cb44634e6e1dbb378ec86849f324884c5c","15194157","1658516116","2022-07-22 18:55:16","Bought","0x531885f5d58124750c45fca01f131e91d0b99f81","BoredApeYachtClub","1863","721","1","95 ETH ($145,892.45)","X2Y2"
"0x043713198df44d582adc577c70ece25ab54b96d3ef7ab5cea5068eebce7c07c8","15194282","1658517687","2022-07-22 19:21:27","Bought","0x18599718e19e294dc19c7261129d3595a15d9c51","BoredApeYachtClub","5119","721","1","86.9898 WETH ($133,591.11)","OpenSea"
"0x0c423062b23344ac13c51de868f7522848ec78bbc567e2fe8affcbdd87125375","15194326","1658518334","2022-07-22 19:32:14","Bought","0xff567d26a66a556afe5b9183db01370aa78d7bda","BoredApeYachtClub","4506","721","1","92 ETH ($141,285.32)","OpenSea"
"0x578f899c4868dd2aa4f2d11f463f91677eb4f6dd72c047c5a7d66b0fa17ca5b9","15194404","1658519197","2022-07-22 19:46:37","Bought","0xdabb5211ef509cc9a2a39f91e0338986b7ccd396","BoredApeYachtClub","4814","721","1","120 ETH ($184,285.20)","OpenSea"
"0x86ad1cf2280eef8b99a85172158897ef6e5414bde3a292366d92e31bc69a5cf0","15194620","1658522157","2022-07-22 20:35:57","Bought","0x0232d1083e970f0c78f56202b9a666b526fa379f","BoredApeYachtClub","2251","721","1","83 ETH ($127,463.93)","OpenSea"
"0xf650c5b17ad64cdf3cffe3611508c39528fd533de5b5db27e1e67570d0434fa7","15195127","1658528642","2022-07-22 22:24:02","Bought","0x07557f6138ed55485d82d64eea175043e4f2bbb4","BoredApeYachtClub","2256","721","1","88.5 ETH ($135,910.34)","X2Y2"
"0x95c5e131317675a364dac75db8c417cfabdb8f0db75df893d4776c8cb4ffd918","15197781","1658563868","2022-07-23 08:11:08","Bid Won","0xcb436cca5f53cf2442375a3e900cbca72997d531","BoredApeYachtClub","6469","721","1","93 WETH ($144,074.67)","LooksRare"
"0x8090fa36bcc56700d11cca77102487bacd3e163e81dbd749f2fc7d3ab5e4e4be","15198185","1658569653","2022-07-23 09:47:33","Bought","0xdff17f9de0a27a4267de8fa9ee1e3397f18b020a","BoredApeYachtClub","3946","721","1","99.99 ETH ($154,903.51)","OpenSea"
"0xb2023959acfa041fb8b2d57e563858e08d62f250fb620f7bb9f23e75933e82ca","15199770","1658590586","2022-07-23 15:36:26","Bought","0xe64fc2ec479fbaf11a2865102255e1f044fa72cc","BoredApeYachtClub","4963","721","1","88 WETH ($136,328.72)","OpenSea"
"0xe5ba81a5165b7d2af36694b83adc1aa27a2c84a0e6fe610866d2fc0d7d9cff0f","15199856","1658591758","2022-07-23 15:55:58","Bought","0x7c2c3fc16179dcf8ceb1b35bc2f82fbacfad4c27","BoredApeYachtClub","813","721","1","88.9 ETH ($137,722.99)","OpenSea"
"0xff549163def6a389f9e35c0e61f433877eaf5cc47f7e8f556afc67d73149fccc","15202661","1658629752","2022-07-24 02:29:12","Bought","0xaf0f4479af9df756b9b2c69b463214b9a3346443","BoredApeYachtClub","3929","721","1","84 ETH ($134,208.48)","X2Y2"
"0xe72463a4eb313a949543cbe2db966cd76a7ace3c018da78fd728ea7d1ad8d55e","15204036","1658648487","2022-07-24 07:41:27","Bought","0xdd94fe8f7e96d579e82f67d5b0ef6df493f72d80","BoredApeYachtClub","483","721","1","87 ETH ($139,001.64)","X2Y2"
"0x0a0ee97b6b596619aef34ca717f2e13af4bb2a129ce3ed3536b38923f2d1ef2d","15204194","1658650578","2022-07-24 08:16:18","Bought","0x31340a1e925c277f5182c3dbca754b93d8996e32","BoredApeYachtClub","713","721","1","99 ETH ($158,174.28)","X2Y2"
"0x3070699f0c90a67bb4406cb4517d689b86e999c22f1f9214e680242fd177fd8f","15204358","1658652845","2022-07-24 08:54:05","Bought","0x17d7ed120d36b7792f2608e9d6d8abd970384d28","BoredApeYachtClub","6775","721","1","140 ETH ($223,680.80)","OpenSea"
"0xf25259278b36ca0bbcb5ab2081c4921a140ca19fa3b4feef69bac217dfd9ccda","15205567","1658669357","2022-07-24 13:29:17","Bought","0x6a4c4695428d1bb3fac49614dfcf390bc78facfe","BoredApeYachtClub","2643","721","1","120.4269 WETH ($192,408.47)","OpenSea"
"0x349b5383043b7afd458ff2766a93e86e23c7d36f3fc3ab38d00f79425ddfd1e6","15209043","1658716018","2022-07-25 02:26:58","Bought","0xbeb3b8bd01a842be859a5a92ca3758132c08b546","BoredApeYachtClub","858","721","1","82 WETH ($117,916.82)","OpenSea"
"0x7c8faa1e5b092a52922a8de5ac960d3c360303554af60ba1008522da2de2a95e","15209994","1658729537","2022-07-25 06:12:17","Bought","0x2137213d50207edfd92bcf4cf7ef9e491a155357","BoredApeYachtClub","7139","721","1","80.0111 WETH ($115,056.76)","OpenSea"
"0x0dce059dbd5003fe0a6f3a9be3180fd76c41945d1f6bdd0bd46ac03f9bfe0e7f","15211644","1658751922","2022-07-25 12:25:22","Bought","0x572b63bbfde4483b4f307dc9fe2eca49e16fcb97","BoredApeYachtClub","3264","721","1","87.77 ETH ($126,214.14)","OpenSea"
"0x9bf257fee0e24f03cf791d2dd9bb2560ce648d4aa2566a2ec405158b8e8e5fe1","15211661","1658752146","2022-07-25 12:29:06","Bought","0x572b63bbfde4483b4f307dc9fe2eca49e16fcb97","BoredApeYachtClub","858","721","1","87.5 ETH ($125,825.88)","OpenSea"
"0x9cefe5783033c346a0c92a3a2a11e985965cfb680aa105b4d67082154ab4c69b","15211665","1658752223","2022-07-25 12:30:23","Bought","0xed2ab4948ba6a909a7751dec4f34f303eb8c7236","BoredApeYachtClub","5930","721","1","80.0101 WETH ($115,055.32)","OpenSea"
"0x3e8c89a9e7b7d55169f1d970aba94f4c191e6ab654c3c6e9a9750d2864f8c293","15211796","1658753903","2022-07-25 12:58:23","Bought","0x17331428346e388f32013e6bec0aba29303857fd","BoredApeYachtClub","5474","721","1","80.01 WETH ($115,055.18)","OpenSea"
"0x550261349e88157590cc350b7f310a54cd38340e8a8ed5cc749beda55908d99f","15212328","1658760558","2022-07-25 14:49:18","Bought","0x464b5e6ae4c548efdae7530756c180021a4e1a93","BoredApeYachtClub","3694","721","1","101 ETH ($145,239.01)","X2Y2"
"0x0a81e6db9fb880558265fb0099592624d01bfdfd9f8cde96c2095ce4ce69b668","15212771","1658766528","2022-07-25 16:28:48","Bought","0xed2ab4948ba6a909a7751dec4f34f303eb8c7236","BoredApeYachtClub","1060","721","1","78.5 ETH ($112,883.79)","X2Y2"
"0x72bbf0b8e78f1ee00dcdb8ac53c3439d2ab7497d10f3b72608fa537ea75ff6c4","15213122","1658771151","2022-07-25 17:45:51","Bought","0x57bd982d577660ab22d0a65d2c0a32e482112348","BoredApeYachtClub","8419","721","1","95 WETH ($136,610.95)","OpenSea"
"0x68e5d00611cc634183138fede7b7069606fac4f01b970ca65f96dbda5224ace0","15213165","1658771710","2022-07-25 17:55:10","Bought","0x3b5f949c07d0e31b904b53cd4d24f94687e15c2d","BoredApeYachtClub","3490","721","1","84 ETH ($120,792.84)","X2Y2"
"0x7c401143a971a2539e363a827fe3f4825dca865be051618805132d46b53b8391","15214336","1658787390","2022-07-25 22:16:30","Bought","0xed2ab4948ba6a909a7751dec4f34f303eb8c7236","BoredApeYachtClub","8885","721","1","78 ETH ($112,164.78)","X2Y2"
"0x05e73ce1ad5bb6f52ca18ca5dc130958dbc50d45dec9d98f0e3ce073fc86110e","15214788","1658793293","2022-07-25 23:54:53","Bought","0xb2052b10983e6360ed2ecd361955fbf4aa79bdfa","BoredApeYachtClub","7607","721","1","89.9 ETH ($129,277.10)","OpenSea"
"0x0fac1b821cde70cf79e345d7faa119af383f90ebdbd380bfc566420835322b0f","15214825","1658793742","2022-07-26 00:02:22","Bought","0x605d36f54546eac8318dea61670e48db3a071a36","BoredApeYachtClub","2906","721","1","88 ETH ($127,565.68)","X2Y2"
"0xb7a8e3a10e3e31fd73ca77cf96ca4d58469773421c57ebb361b377c976089efb","15215051","1658796887","2022-07-26 00:54:47","Bought","0xb154af72c7f5760a92c46193aeb24ff8ddd64488","BoredApeYachtClub","3279","721","1","85.8 ETH ($124,376.54)","X2Y2"
"0xfe54291816feae32ea8deb60e5dad2b6e98ce77cc2100064e3370d0a9c03af59","15218882","1658848859","2022-07-26 15:20:59","Bought","0x49b591f967aee90d18e9c6bb05d920817dfbecf9","BoredApeYachtClub","2032","721","1","81 WETH ($117,418.41)","OpenSea"
"0x4112b6c9a66e6ec63f04fbe24241f0c1adeda9d7a00e507c2ee0485c7793a60b","15219250","1658853954","2022-07-26 16:45:54","Bought","0x758917f2c8d3192fc9f109fe1ee0556808248cc0","BoredApeYachtClub","4128","721","1","90 ETH ($130,464.90)","X2Y2"
"0x26ddcdf738afc66cc8b47eefda77e85f2b541502dfce77191537d581d03a71fe","15219745","1658860659","2022-07-26 18:37:39","Bought","0xbe845288137f5bd6ab3269081eb8163f387f3216","BoredApeYachtClub","5598","721","1","91 ETH ($131,914.51)","X2Y2"
"0x89e60d4e532bf596baeb817d0b1d5d248374c3db74eb84e0de8e8d74130dbab2","15219896","1658862948","2022-07-26 19:15:48","Bought","0xe64fc2ec479fbaf11a2865102255e1f044fa72cc","BoredApeYachtClub","9763","721","1","80 ETH ($115,968.80)","X2Y2"
"0x74f61c25fca7d1a45ed0b9efc8b6946bc7e1fb610e7066e6558925705947891b","15219899","1658862971","2022-07-26 19:16:11","Bought","0x01a23eba5023064d505dd45fbfa683a601c7685b","BoredApeYachtClub","9763","721","1","89 WETH ($129,015.29)","OpenSea"
"0xfd029bab61759951755fa27a04a974169d918af0a570595707c38f0c31dcb87d","15224205","1658920254","2022-07-27 11:10:54","Bought","0x17331428346e388f32013e6bec0aba29303857fd","BoredApeYachtClub","8231","721","1","76.1 WETH ($124,566.57)","OpenSea"
"0xf899b852b92418ef986a2e1bbb856df3456bdc83b7762fc171d62b346f829a30","15225082","1658932142","2022-07-27 14:29:02","Bid Won","0x1ec9503bbdad721ef3ad485b4b14ce0671dc9925","BoredApeYachtClub","3559","721","1","95 WETH ($155,503.60)","LooksRare"
"0x0be75348600a4401f28e46ef8c818caa126b16da4d95d8c6d57ddc224903fa80","15225465","1658937350","2022-07-27 15:55:50","Bought","0xe794f5e304109e77fe7b7e6d5bd9b1d69c6560a8","BoredApeYachtClub","2103","721","1","81 ETH ($132,587.28)","X2Y2"
"0xa5b2d731e32376f04d11703697e309b4931fd35568193ca09360d66dd3d20c84","15226385","1658949969","2022-07-27 19:26:09","Bought","0xdd94fe8f7e96d579e82f67d5b0ef6df493f72d80","BoredApeYachtClub","5730","721","1","77.251 WETH ($126,450.62)","OpenSea"
"0x09b4cd2860801f56a3545dfbe22b2a471762a1f98c7788f6452a4b71989c7b7a","15226671","1658953397","2022-07-27 20:23:17","Bought","0xc93d5567d20a0c822173571353aa18f11b8e148c","BoredApeYachtClub","2078","721","1","80 WETH ($130,950.40)","OpenSea"
"0xe1afeca32daa27c8c3af483c19cf84c1a50503ac77596cfea0592830222a4144","15228871","1658982994","2022-07-28 04:36:34","Bought","0x01c9e12c365dd28bd169efea6e5b7939a687c856","BoredApeYachtClub","9659","721","1","81.12 WETH ($139,998.52)","OpenSea"
"0xe8ba1e18b4495ada42e1f6ef9ce94db369c6c19b6d5a52670d084194f5f750af","15228926","1658983815","2022-07-28 04:50:15","Bought","0xc75b143301cf47a3ad096ed904f5e3f0831a57fb","BoredApeYachtClub","2251","721","1","76 WETH ($131,162.32)","LooksRare"
"0xf374542439f7e650afbf905ea9299b5ff9efbf17e2fd593e812c97ec81ee1b88","15230151","1658999836","2022-07-28 09:17:16","Bought","0xa71a7a02efe2171940373472a3b1cd6966e2d95c","BoredApeYachtClub","6409","721","1","82 ETH ($141,517.24)","OpenSea"
"0x9d3e69e9182ee2288c2965e7e7462a2afc9747507d10cbf0770aca09a0591b26","15230521","1659004530","2022-07-28 10:35:30","Bought","0x611c67ec71202613da55d00ddc04ccdb02060fcc","BoredApeYachtClub","7151","721","1","81 WETH ($139,791.42)","OpenSea"
"0xafdf987e2f870f96505ebd4709a70b21601a050520ddc412f3fc02840251a044","15231748","1659021448","2022-07-28 15:17:28","Bought","0x27e88a965fd9365da85a02c8f8abd536776e6b5f","BoredApeYachtClub","4009","721","1","99 ETH ($170,856.18)","X2Y2"
"0x6e236ec780dd0088c6002b69d4d4c6bb9ab1403f8daf4ddd252a7451aa9de7d0","15231968","1659024410","2022-07-28 16:06:50","Bought","0xaf58f0136059dba42e66dc7553bbd380005f5e8b","BoredApeYachtClub","3929","721","1","84.38 ETH ($145,624.69)","X2Y2"
"0x25c7da4fc64ee254c692bda8285758e6943467d640050296df7f29e88fb5efbc","15232513","1659031655","2022-07-28 18:07:35","Bought","0x40bcf0ad95b6bc3b4b5bb12da70cf4c65bb77b66","BoredApeYachtClub","9659","721","1","82 ETH ($141,517.24)","X2Y2"
"0xe7aad6efaa53fac23fbbf53bfc3b607f368212c9f9802ac4ad7d20dda16b6e56","15233977","1659051833","2022-07-28 23:43:53","Bought","0x6dbd6a29aee4a273c5178dae7c48bc3d3deb1d7d","BoredApeYachtClub","6104","721","1","87.87 ETH ($151,647.80)","OpenSea"
"0xb30723ca4dd92836c8394c9002aaafddbd35fc769c4faa10f723ddf86b1ec02c","15234733","1659061952","2022-07-29 02:32:32","Bid Won","0xed2ab4948ba6a909a7751dec4f34f303eb8c7236","BoredApeYachtClub","5458","721","1","80 WETH ($137,782.40)","X2Y2"
"0x58d84762ce0dfc0581061d5ceb00e496c2e36b5f2a1092f9b83248fd3257158a","15236010","1659079447","2022-07-29 07:24:07","Bid Won","0x2cb38192f2ed3e37c5de8186382cdc03c8baaadb","BoredApeYachtClub","2163","721","1","85.77 WETH ($147,719.96)","LooksRare"
"0x8644f1daad261a178c5ab2acfd6317acd04a9842ceac7e776ed06e98bef786dc","15236368","1659084457","2022-07-29 08:47:37","Bought","0x6a0cf92bf6ce3d22a3010f90cf6c39ee809c8dc2","BoredApeYachtClub","9573","721","1","85.65 ETH ($147,513.28)","X2Y2"
"0x9fd43878402b88887d50ff9184cfb26543eb377a52c093c6e879f6f0f4cfa88f","15236591","1659087388","2022-07-29 09:36:28","Bought","0xdd400a7ecc899c5cf2d4fd9600f4212eb7722c8a","BoredApeYachtClub","8357","721","1","85 ETH ($146,393.80)","OpenSea"
"0x2eee0abfab624b74abc708f240fef16313333fd51325206a091464e4797658e3","15237091","1659094069","2022-07-29 11:27:49","Bought","0x7f6c34d03bfe845b946beeb86dd7669151a4de28","BoredApeYachtClub","8528","721","1","75.12 WETH ($129,377.67)","OpenSea"
"0x11ae475791fca64a5cccaa93a6bff63b2b245fbb2502b67621c21b615d3a623e","15237096","1659094147","2022-07-29 11:29:07","Bought","0x3500dc560230f6e5c1a3910c10ad29baeaa7c851","BoredApeYachtClub","7033","721","1","85.6 ETH ($147,427.17)","X2Y2"
"0x50ffe94610d807dc26d5040911f015b378d612e54b23891dbeeb8e5371df9ac3","15237188","1659095604","2022-07-29 11:53:24","Bought","0x3500dc560230f6e5c1a3910c10ad29baeaa7c851","BoredApeYachtClub","7567","721","1","86 ETH ($148,116.08)","X2Y2"
"0xbd0745335904a37685ab475216e61d77f666a19442bfccff057795a34886f90e","15237342","1659097725","2022-07-29 12:28:45","Bought","0x7dce6c75f4c7aded6f993f1cb96c9fcca9bda9c4","BoredApeYachtClub","1849","721","1","86.97 ETH ($149,786.69)","X2Y2"
"0x2415c0317da9e5f167e7c1b82b32ccf9de993fafdd6f6608fe8a5a9408cda8d5","15237377","1659098103","2022-07-29 12:35:03","Bid Won","0x7dce6c75f4c7aded6f993f1cb96c9fcca9bda9c4","BoredApeYachtClub","1056","721","1","88 WETH ($151,560.64)","LooksRare"
"0xdc7104657c381fb0ba77f738d7dfd3c57ab4ad142be53cac6ac692ccc5a9d594","15237387","1659098350","2022-07-29 12:39:10","Bid Won","0xc94183e6694125a8bb3b64a9ba6d938693af0a8e","BoredApeYachtClub","2476","721","1","87.1 WETH ($150,010.59)","LooksRare"
"0xe7c12d730548b42e2ebc705e4f833fb04462c3109c8166e99c25462ac09695dd","15237446","1659098993","2022-07-29 12:49:53","Bought","0xc4c588e3aa1b20d887e31e09123d63110718f649","BoredApeYachtClub","4935","721","1","88.9 ETH ($153,110.69)","X2Y2"
"0x24aa5d2fde66f7d8de48e839824afa83c55cb441e98a95931568988e7a41daec","15237690","1659101971","2022-07-29 13:39:31","Bought","0xeec545c0ef0d37d71738ea87310060543e195186","BoredApeYachtClub","485","721","1","102 WETH ($175,672.56)","OpenSea"
"0x75b5f3ab3d7968f61246504887aef513be06a6db4ae783dec58016f523ade572","15239569","1659126805","2022-07-29 20:33:25","Bought","0x70eaab66b816a654cd4c2d1eba66aea0374c4101","BoredApeYachtClub","5730","721","1","86.99999 ETH ($149,838.34)","OpenSea"
"0xd0d54358eb98ca0d13b8613713a9d5e190682b097e8795e9fe2d86f63ebdf818","15239717","1659128828","2022-07-29 21:07:08","Bought","0xb7ef760f30d139097ba547bd6f0dfaecbf148452","BoredApeYachtClub","7445","721","1","82 ETH ($141,226.96)","OpenSea"
"0x85e7addfb7c8420125c4ab58bffe25a0e4dffd4b4a5f3b25e29360e95f070a2c","15241162","1659148270","2022-07-30 02:31:10","Bought","0xd42fab871e708308a178798edd7eaf63638ce519","BoredApeYachtClub","3954","721","1","85.829 ETH ($145,696.44)","OpenSea"
"0x4f4bfac9c60c555ec168b085beab956a0916a1c4f724ffb74fcca0c2cd432d99","15242576","1659167874","2022-07-30 07:57:54","Bought","0xaafa1fe3b8c0b2f0d0305bcc3641dfa326567bce","BoredApeYachtClub","2553","721","1","112 ETH ($190,122.24)","X2Y2"
"0xa8630498c79d6045bd84051fe62f655cca491ff028b7d3f7f3dbbbbe94b47f0d","15242705","1659169657","2022-07-30 08:27:37","Bought","0xf76982fe0c2ac32c9126002b8988f5946421ce4c","BoredApeYachtClub","2553","721","1","114 ETH ($193,517.28)","X2Y2"
"0x1607e5f0e6a16746646cf9ec0a05a0a5ee43a20960b3cffc32e0f2324fdb4bd6","15242975","1659173337","2022-07-30 09:28:57","Bought","0xae68b683413e70b2cb5ba7a5ce2bd16faa4c02d3","BoredApeYachtClub","8177","721","1","88.88 ETH ($150,875.58)","OpenSea"
"0x76d3d2505344617287acaa12122cfccc554c80b803ff629168230998eb4fe57e","15243000","1659173651","2022-07-30 09:34:11","Bought","0x0a577c1b13bf06bf05f8d88040228998acf72403","BoredApeYachtClub","4956","721","1","85.5 ETH ($145,137.96)","OpenSea"
"0xa10219e7dad915708bba0142f0b35945da1fde952639f343fe2e110ac21b4753","15244238","1659189969","2022-07-30 14:06:09","Bought","0xfaa75d219270a269ecdd2dedede6b16eb6796e90","BoredApeYachtClub","2543","721","1","88 ETH ($149,381.76)","OpenSea"
"0xf23317f6321ab198b240d6805c11f568b29e064769560cfe0151a7ae935b04bf","15244619","1659195111","2022-07-30 15:31:51","Bought","0x611c67ec71202613da55d00ddc04ccdb02060fcc","BoredApeYachtClub","3273","721","1","81 WETH ($137,499.12)","OpenSea"
"0x48beb46540ea74ddee1f65c638f973078326705be319a8bd635b6b23e61e472b","15244838","1659197915","2022-07-30 16:18:35","Bought","0xb5696e4057b9ba76616cecb5a537eaca7b3cdf54","BoredApeYachtClub","7961","721","1","85 ETH ($144,289.20)","X2Y2"
"0xe68b5e31ea44d3aebb4b9e0a2b549de6d549ab823830a3da7c063e4d1d94ef01","15246054","1659214198","2022-07-30 20:49:58","Bought","0xb32b4350c25141e779d392c1dbe857b62b60b4c9","BoredApeYachtClub","3273","721","1","87.85 ETH ($149,127.13)","X2Y2"
"0xeb93fce230d27be14ac2cf7f3049dac257e6030fb4dcbb0664267373d6119629","15250452","1659273457","2022-07-31 13:17:37","Bought","0x905c1ca2ac32ee0799e4aa31927f1166a93f3b17","BoredApeYachtClub","9610","721","1","86.5 ETH ($145,281.08)","OpenSea"
"0xe92a424b2dce2d5d965aab8f36e9680e37eb53cfa1c4df00237c15b34d8eed31","15252180","1659296194","2022-07-31 19:36:34","Bought","0x152f804c2257aa26b353da4123cd9befc4788244","BoredApeYachtClub","3130","721","1","86 WETH ($144,441.30)","OpenSea"
