"Txn Hash","Blockno","UnixTimestamp","DateTime (UTC)","Action","Buyer","NFT","Token ID","Type","Quantity","Price","Market"
"0xa52255a174ac81f82b12d445b242b81ba05c62e31f36b12754d4001213a528ce","16251375","1671846071","2022-12-24 01:41:11","Bought","0xc4899b8aa371917e382e989078ce22469b822f18","BoredApeYachtClub","4306","721","1","68.59 Blur Pool ($83,713.41)","Blur"
"0xd337583605de7ceda6bd85f71e234aa3e56ee68fc941507dbc5655ca022bc4eb","16251514","1671847739","2022-12-24 02:08:59","Bought","0xed2ab4948ba6a909a7751dec4f34f303eb8c7236","BoredApeYachtClub","5817","721","1","68.7 Blur Pool ($83,847.66)","Blur"
"0x4450b2ec6a677d72f3d4a7a718cdfbede7dd2d4df342790b9b6b8f0a6dade822","16251553","1671848219","2022-12-24 02:16:59","Bought","0xb4ee94e62be3c8f25b43b7e7295c641ad1c79a67","BoredApeYachtClub","4930","721","1","68.69 Blur Pool ($83,835.46)","Blur"
"0x4450b2ec6a677d72f3d4a7a718cdfbede7dd2d4df342790b9b6b8f0a6dade822","16251553","1671848219","2022-12-24 02:16:59","Bought","0xb4ee94e62be3c8f25b43b7e7295c641ad1c79a67","BoredApeYachtClub","5139","721","1","68.5 Blur Pool ($83,603.57)","Blur"
"0x0b77188d66af33bcbfbf4b139a6a1f5bc53b37f86ce21192162c972e6196cd58","16251827","1671851507","2022-12-24 03:11:47","Bought","0x7560e3dbe325a89ccb286fe9f3b153a6b4495a08","BoredApeYachtClub","8217","721","1","72.25 ETH ($88,180.40)","X2Y2"
"0xf56263be70219e7ca4e1a55f749e840d2db5b8b9324f6a990da47e24b4278087","16252176","1671855731","2022-12-24 04:22:11","Bought","0xb2e714bf6b0cdde7f27316132fb612315f3faf91","BoredApeYachtClub","1334","721","1","69.99 ETH ($85,422.10)","Blur"
"0xc8663d3c2cede638f485af0abb2e3d07a48ce74ef11d95f813f9a8132dc8ef6e","16252402","1671858479","2022-12-24 05:07:59","Bought","0x42d69f67a14753824ff1ae387a98cc0d490d0474","BoredApeYachtClub","6658","721","1","68.77 Blur Pool ($83,933.10)","Blur"
"0xfed2b54b763410490396a4645ecf617645d1f5e1e8cd4a3e03b53576034b3e68","16252413","1671858611","2022-12-24 05:10:11","Bought","0xb4ee94e62be3c8f25b43b7e7295c641ad1c79a67","BoredApeYachtClub","9016","721","1","68.77 Blur Pool ($83,933.10)","Blur"
"0xeb014d2d535ff72e8405a407d7e365fb957974a2ff9f6878e70cc402e34bf4cd","16252449","1671859043","2022-12-24 05:17:23","Bought","0x142668dc89e7e69ce985643ad3759fa8c518a884","BoredApeYachtClub","6162","721","1","68.77 Blur Pool ($83,933.10)","Blur"
"0x20d940410da92f2a6469f450e6a73eda59c61e27b2e0f7a2d4806c87a1f2e271","16252500","1671859667","2022-12-24 05:27:47","Bought","0x6bea897b9d9e3c63cc315a2a7cb983f48f12f307","BoredApeYachtClub","6658","721","1","69 ETH ($84,213.81)","Blur"
"0x7e77031520f5d820aff5f285b814e917f3b4c69a8f6214b48cc922591e421270","16252866","1671864071","2022-12-24 06:41:11","Bought","0x8bc110db7029197c3621bea8092ab1996d5dd7be","BoredApeYachtClub","9568","721","1","68.78 Blur Pool ($83,945.30)","Blur"
"0x7e77031520f5d820aff5f285b814e917f3b4c69a8f6214b48cc922591e421270","16252866","1671864071","2022-12-24 06:41:11","Bought","0x8bc110db7029197c3621bea8092ab1996d5dd7be","BoredApeYachtClub","440","721","1","68.78 Blur Pool ($83,945.30)","Blur"
"0xee609231fa14c097d7c73335bd1cadfa2fd730d22b50851080e601e731179ce2","16252896","1671864431","2022-12-24 06:47:11","Bought","0x020ca66c30bec2c4fe3861a94e4db4a498a35872","BoredApeYachtClub","1814","721","1","68.77 Blur Pool ($83,933.10)","Blur"
"0xee609231fa14c097d7c73335bd1cadfa2fd730d22b50851080e601e731179ce2","16252896","1671864431","2022-12-24 06:47:11","Bought","0x020ca66c30bec2c4fe3861a94e4db4a498a35872","BoredApeYachtClub","2193","721","1","68.77 Blur Pool ($83,933.10)","Blur"
"0x0af84cc1a3e1729528aeaa0c18cd1d03f593e47adc0643aad267e89eacc62ceb","16253342","1671869807","2022-12-24 08:16:47","Bought","0xf8887eb87b7ec267232a189f0904bc7473df37ae","BoredApeYachtClub","7829","721","1","74 ETH ($90,316.26)","X2Y2"
"0x9ff08cf37546f13fda82da7887f5f41057bbf3010d87eb3791040a8d1766406c","16253723","1671874391","2022-12-24 09:33:11","Bought","0x42d69f67a14753824ff1ae387a98cc0d490d0474","BoredApeYachtClub","9016","721","1","68.75 Blur Pool ($83,908.69)","Blur"
"0x9ff08cf37546f13fda82da7887f5f41057bbf3010d87eb3791040a8d1766406c","16253723","1671874391","2022-12-24 09:33:11","Bought","0x42d69f67a14753824ff1ae387a98cc0d490d0474","BoredApeYachtClub","6162","721","1","68.75 Blur Pool ($83,908.69)","Blur"
"0x8f62a4dbed12daef96e565c8c57c5e0675f8f3a3a453c3a7ba5b0bd08becfc43","16253863","1671876071","2022-12-24 10:01:11","Bought","0xdcef0c8cff7c46aafb13806be86892368c115f6b","BoredApeYachtClub","9568","721","1","68.74 Blur Pool ($83,896.48)","Blur"
"0xf5997cc06e7f66e3699df69d69a1e306d0b6ab092130030ccc83cba61096db72","16254289","1671881219","2022-12-24 11:26:59","Bought","0x58d67cee18a736aeab027fc7370d4a981aeb4a03","BoredApeYachtClub","440","721","1","68.74 Blur Pool ($83,896.48)","Blur"
"0xab2a08a747cec0f92ca7f5725c7de0e9213dd34bce8f1848458ae70b4e1f8002","16254494","1671883679","2022-12-24 12:07:59","Bought","0xb4ee94e62be3c8f25b43b7e7295c641ad1c79a67","BoredApeYachtClub","2193","721","1","68.75 Blur Pool ($83,908.69)","Blur"
"0xab2a08a747cec0f92ca7f5725c7de0e9213dd34bce8f1848458ae70b4e1f8002","16254494","1671883679","2022-12-24 12:07:59","Bought","0xb4ee94e62be3c8f25b43b7e7295c641ad1c79a67","BoredApeYachtClub","1814","721","1","68.75 Blur Pool ($83,908.69)","Blur"
"0x01c0dd7654dd906d38225a9eaea2f39fd5c7c2368cd2c17050642ad46f32e2b1","16254771","1671887051","2022-12-24 13:04:11","Bought","0x42d69f67a14753824ff1ae387a98cc0d490d0474","BoredApeYachtClub","9568","721","1","68.75 Blur Pool ($83,908.69)","Blur"
"0x2062c5b2a14aac6f6b7e971a36d71565822b7278d13d144b4080c4696ce20276","16255329","1671893759","2022-12-24 14:55:59","Bought","0x736151bd5f37f64ae9188a68639d1d9d4ad9c6f7","BoredApeYachtClub","8069","721","1","68.75 Blur Pool ($83,908.69)","Blur"
"0x7b690908926399be7df4c880618890d4f491abc02e4022c107c647639979e1f3","16255413","1671894767","2022-12-24 15:12:47","Bought","0xdcef0c8cff7c46aafb13806be86892368c115f6b","BoredApeYachtClub","440","721","1","68.74 Blur Pool ($83,896.48)","Blur"
"0x7b690908926399be7df4c880618890d4f491abc02e4022c107c647639979e1f3","16255413","1671894767","2022-12-24 15:12:47","Bought","0xdcef0c8cff7c46aafb13806be86892368c115f6b","BoredApeYachtClub","4930","721","1","68.74 Blur Pool ($83,896.48)","Blur"
"0x265bb6f94acd3c214ceb82a3ec246960ca20fd4661a1e83e3ec448d35d3124ee","16255418","1671894827","2022-12-24 15:13:47","Bought","0x58d67cee18a736aeab027fc7370d4a981aeb4a03","BoredApeYachtClub","2193","721","1","68.75 Blur Pool ($83,908.69)","Blur"
"0x265bb6f94acd3c214ceb82a3ec246960ca20fd4661a1e83e3ec448d35d3124ee","16255418","1671894827","2022-12-24 15:13:47","Bought","0x58d67cee18a736aeab027fc7370d4a981aeb4a03","BoredApeYachtClub","1814","721","1","68.75 Blur Pool ($83,908.69)","Blur"
"0x5f5f9fb5a4a264ab88e1f74498c8c5e25b8cd6e28c7803b1c20b2f6ab6673499","16256123","1671903323","2022-12-24 17:35:23","Bought","0x8d8b9c79196f32161bcb2a9728d274b3b45eb9af","BoredApeYachtClub","3045","721","1","68.8 Blur Pool ($83,969.71)","Blur"
"0x5f5f9fb5a4a264ab88e1f74498c8c5e25b8cd6e28c7803b1c20b2f6ab6673499","16256123","1671903323","2022-12-24 17:35:23","Bought","0x8d8b9c79196f32161bcb2a9728d274b3b45eb9af","BoredApeYachtClub","6367","721","1","68.76 Blur Pool ($83,920.89)","Blur"
"0x36fba7086319b9bcdd35a1becda771b56764aa19e43fc298d05f59d806aa0840","16256130","1671903407","2022-12-24 17:36:47","Bought","0xb4ee94e62be3c8f25b43b7e7295c641ad1c79a67","BoredApeYachtClub","9568","721","1","68.75 Blur Pool ($83,908.69)","Blur"
"0xcb3018e56b9a985a18c651071438c9637ed584108d811d2c60746b5049ae9f1c","16256308","1671905543","2022-12-24 18:12:23","Bought","0x17fba501df40e83605d01fbef7f68174537e361a","BoredApeYachtClub","8069","721","1","68.75 Blur Pool ($83,908.69)","Blur"
"0xd1da1f1c6eb23c23d443f703d3e91511db7fdd811d22a2f0f2c74747744a0cf1","16256373","1671906323","2022-12-24 18:25:23","Bought","0x020ca66c30bec2c4fe3861a94e4db4a498a35872","BoredApeYachtClub","9016","721","1","68.75 Blur Pool ($83,908.69)","Blur"
"0x9d88a4e2e1d416f1c6ac1598cba6317a2d89532e028ea2d43b2e370bbf463c03","16256708","1671910391","2022-12-24 19:33:11","Bought","0x704cc43f35cee1c8164d3f4d730c3062c4af9b16","BoredApeYachtClub","440","721","1","68.75 Blur Pool ($83,908.69)","Blur"
"0x1800cb34de818105d32be8d36ea536085bfe4d488c1086feee7b58a9ee75e245","16256903","1671912755","2022-12-24 20:12:35","Bought","0xa7888f85bd76deef3bd03d4dbcf57765a49883b3","BoredApeYachtClub","1814","721","1","68.75 Blur Pool ($83,908.69)","Blur"
"0x1800cb34de818105d32be8d36ea536085bfe4d488c1086feee7b58a9ee75e245","16256903","1671912755","2022-12-24 20:12:35","Bought","0xa7888f85bd76deef3bd03d4dbcf57765a49883b3","BoredApeYachtClub","2193","721","1","68.75 Blur Pool ($83,908.69)","Blur"
"0x1e511c48c929e7620e64ee815eb5feb3b6a45c234d998918a746a9426d0822a7","16257029","1671914279","2022-12-24 20:37:59","Bought","0x8bc110db7029197c3621bea8092ab1996d5dd7be","BoredApeYachtClub","9568","721","1","68.75 Blur Pool ($83,908.69)","Blur"
"0x8514e9b771e4a3c5d9d464c11eb127005c2325054265a6df14e1e89a3d7184a9","16257057","1671914615","2022-12-24 20:43:35","Bought","0x2b7ef20171056b0f6817ae166f36767ce88c3c41","BoredApeYachtClub","6940","721","1","62 WETH ($75,670.38)","OpenSea"
"0xd3ae532d545e19686ddfbaaa4501a6821055ea571375949fd6c1bbf9d73b4a63","16257066","1671914723","2022-12-24 20:45:23","Bought","0x486a2d5fcad36de42aa532cdb9afd72f529530aa","BoredApeYachtClub","1179","721","1","58 WETH ($70,788.42)","OpenSea"
"0x80610cd8ecd97a43980f06d629f188c081a6d32938083b6832a479435076a994","16257115","1671915311","2022-12-24 20:55:11","Bought","0xef580b387e9dfc50fbb07d30667abe0e7c8cc833","BoredApeYachtClub","5817","721","1","70.99 ETH ($86,642.59)","Blur"
"0xc76aa080153fc25e4cda4374793347f9e1b05922bd884b7a25120c1f2c4a3d63","16257145","1671915671","2022-12-24 21:01:11","Bought","0xc4899b8aa371917e382e989078ce22469b822f18","BoredApeYachtClub","6162","721","1","68.74 Blur Pool ($83,896.48)","Blur"
"0x266f375d5b121dab62459bcdd01b0306bcc7cb0e6f1eb5bb5e702a80af7f03e1","16257193","1671916247","2022-12-24 21:10:47","Bought","0x7560e3dbe325a89ccb286fe9f3b153a6b4495a08","BoredApeYachtClub","5139","721","1","68.74 Blur Pool ($83,896.48)","Blur"
"0x992b8fdd806c57d8524ba402056906ee5e16a26b914fa8e8965f4c84428ba44f","16257334","1671917939","2022-12-24 21:38:59","Bought","0xa7888f85bd76deef3bd03d4dbcf57765a49883b3","BoredApeYachtClub","9016","721","1","68.74 Blur Pool ($83,896.48)","Blur"
"0x181d8374628d89428eaa9a8d5134b757f2df4cdd66d8f929f9f662fc21be0121","16257478","1671919667","2022-12-24 22:07:47","Bought","0x58d67cee18a736aeab027fc7370d4a981aeb4a03","BoredApeYachtClub","8069","721","1","68.73 Blur Pool ($83,884.28)","Blur"
"0x4b05fdea03dc09173707c638693789c0fe543eabb3e6c2859b0296644f0099b7","16257557","1671920627","2022-12-24 22:23:47","Bought","0x736151bd5f37f64ae9188a68639d1d9d4ad9c6f7","BoredApeYachtClub","6367","721","1","68.73 Blur Pool ($83,884.28)","Blur"
"0xa25e32f414ff047400b00246477ce2f0f40b6fe099553ab1a765f8b863b99865","16257681","1671922127","2022-12-24 22:48:47","Bought","0xa7888f85bd76deef3bd03d4dbcf57765a49883b3","BoredApeYachtClub","440","721","1","68.73 Blur Pool ($83,884.28)","Blur"
"0xabc34a25b2bce46f289fc66ad161a2f367428e8d65c6da94fb7a5af35f55837a","16258023","1671926231","2022-12-24 23:57:11","Bought","0x17fba501df40e83605d01fbef7f68174537e361a","BoredApeYachtClub","9568","721","1","68.74 Blur Pool ($83,896.48)","Blur"
"0x1459a93247ec7987afa3010aa127cee6161f36f1fac11e75f555a5805288c000","16258053","1671926591","2022-12-25 00:03:11","Bought","0x1ed939ef096bab6d68657ea9c1fdf534ead267d6","BoredApeYachtClub","4355","721","1","88 ETH ($107,210.40)","Blur"
"0x1f183d015149232df82e5d3436dca5b565966d086cec2c7b203e6fc0cd1e09fe","16258157","1671927851","2022-12-25 00:24:11","Bought","0xa7888f85bd76deef3bd03d4dbcf57765a49883b3","BoredApeYachtClub","5139","721","1","68.74 Blur Pool ($83,745.94)","Blur"
"0x1f183d015149232df82e5d3436dca5b565966d086cec2c7b203e6fc0cd1e09fe","16258157","1671927851","2022-12-25 00:24:11","Bought","0xa7888f85bd76deef3bd03d4dbcf57765a49883b3","BoredApeYachtClub","6162","721","1","68.74 Blur Pool ($83,745.94)","Blur"
"0xb29fc974d7acd5746c0b6dd4a2472e8e565facb8fd69f4fdfd100d161a1fc06a","16258354","1671930215","2022-12-25 01:03:35","Bought","0xacdaeeb57ff6886fc8e203b9dd4c2b241df89b7a","BoredApeYachtClub","3397","721","1","70.5 ETH ($85,890.15)","Blur"
"0xd89b881edd131b45d47adc84082802100fb75196ae06aef35d7acc1d60dcca57","16258630","1671933539","2022-12-25 01:58:59","Bought","0x020ca66c30bec2c4fe3861a94e4db4a498a35872","BoredApeYachtClub","9016","721","1","68.8 Blur Pool ($83,819.04)","Blur"
"0xd89b881edd131b45d47adc84082802100fb75196ae06aef35d7acc1d60dcca57","16258630","1671933539","2022-12-25 01:58:59","Bought","0x020ca66c30bec2c4fe3861a94e4db4a498a35872","BoredApeYachtClub","440","721","1","68.8 Blur Pool ($83,819.04)","Blur"
"0x72905961cba8ca28c08ee8032cba0272c9be2ff32bc181939ec040de935fb6ba","16259008","1671938075","2022-12-25 03:14:35","Bought","0xf6939649bc57fbb6e1995630b2ff80f776b3b820","BoredApeYachtClub","1814","721","1","69.5 ETH ($84,671.85)","Blur"
"0x77ea0569a6681a59d48e707050d43288f41786aa49acdcedcdb322eb1067fa29","16259276","1671941291","2022-12-25 04:08:11","Bought","0xacfd03c8791941b315ed156f785935dd9ed031f8","BoredApeYachtClub","2307","721","1","77.98 ETH ($95,003.03)","Blur"
"0xb6ffa6533853bda637978d4228928e9316e29b76f90345dbda1256f946ae969c","16260042","1671950567","2022-12-25 06:42:47","Bought","0x58d67cee18a736aeab027fc7370d4a981aeb4a03","BoredApeYachtClub","6367","721","1","69.01 Blur Pool ($84,074.88)","Blur"
"0xb6ffa6533853bda637978d4228928e9316e29b76f90345dbda1256f946ae969c","16260042","1671950567","2022-12-25 06:42:47","Bought","0x58d67cee18a736aeab027fc7370d4a981aeb4a03","BoredApeYachtClub","8069","721","1","69 Blur Pool ($84,062.70)","Blur"
"0x55f6cffa2e63075054bbed30fd6808fb1622f62847ee947f53629030d81f796d","16260073","1671950939","2022-12-25 06:48:59","Bought","0xdcef0c8cff7c46aafb13806be86892368c115f6b","BoredApeYachtClub","9568","721","1","69.01 Blur Pool ($84,074.88)","Blur"
"0x607ae634d0911101907757c49e4820a67d4a3707780f2b7b829b1d81310f6796","16260203","1671952499","2022-12-25 07:14:59","Bid Won","0xe6257a6d4e40ab2a1c03098a3140aad2969fcadd","BoredApeYachtClub","57","721","1","74.8 WETH ($91,128.84)","LooksRare"
"0x6bafb8237a3a24b7553a603ee4ae4c76dac405def7acdc928949877ab67f2778","16260565","1671956879","2022-12-25 08:27:59","Bought","0x682c6bb3025c12941a9dd88f1df8517462a593f1","BoredApeYachtClub","9886","721","1","74 ETH ($90,154.20)","Blur"
"0x457c6731410d2d237ae2ace2ef10aaa86dc2671967dfe825d6ee8e09f99cc0c1","16261088","1671963167","2022-12-25 10:12:47","Bought","0xb4ee94e62be3c8f25b43b7e7295c641ad1c79a67","BoredApeYachtClub","2193","721","1","69.02 Blur Pool ($84,087.07)","Blur"
"0x73f40be53a5afbb52573521804235e7f4ff656c0c347ea5df71f4d6d2b0e941f","16261613","1671969539","2022-12-25 11:58:59","Bought","0xc4899b8aa371917e382e989078ce22469b822f18","BoredApeYachtClub","2193","721","1","69.03 ETH ($84,099.25)","Blur"
"0x8999092bca96f4bcd57986dd7573b61fabcb043ad4e03e0e400c5acaa66fa316","16261952","1671973655","2022-12-25 13:07:35","Bought","0xdaf19886361f2e6b53889296f7c5835059303f73","BoredApeYachtClub","6217","721","1","69 ETH ($84,062.70)","Blur"
"0x8bbeda21f945fbcbd5042ac171bd44ca82326efd0aeed1e483de6040e12fae5e","16262041","1671974723","2022-12-25 13:25:23","Bought","0xc830091e7c3a188245eb0087d52e252ae6bfff73","BoredApeYachtClub","8069","721","1","69.6 ETH ($84,793.68)","Blur"
"0xdaf2060b69dce2fdefb8ffe1a75e8e7f278a5bc9636dfd8d387f1eff29344e0e","16264103","1671999563","2022-12-25 20:19:23","Bought","0x6c8ee01f1f8b62e987b3d18f6f28b22a0ada755f","BoredApeYachtClub","3059","721","1","69.12 Blur Pool ($84,208.90)","Blur"
"0x1bc3f30f6b1a8a90b1ce4eb982b7303e6346fc21c30550704f5b86b8d8d5083a","16264350","1672002527","2022-12-25 21:08:47","Bought","0xacddc6edeb262b9822c4de15f87740e2fb76e4eb","BoredApeYachtClub","4316","721","1","89 ETH ($108,428.70)","OpenSea"
"0xec4881f0cfb7906875aa0d97539938c83c94c71d4f61c6d9b2dcb0cd4b5bd7d4","16265155","1672012199","2022-12-25 23:49:59","Bought","0xed2ab4948ba6a909a7751dec4f34f303eb8c7236","BoredApeYachtClub","2193","721","1","70.2 ETH ($85,524.66)","Blur"
"0xec4881f0cfb7906875aa0d97539938c83c94c71d4f61c6d9b2dcb0cd4b5bd7d4","16265155","1672012199","2022-12-25 23:49:59","Bought","0xed2ab4948ba6a909a7751dec4f34f303eb8c7236","BoredApeYachtClub","6162","721","1","69.8 ETH ($85,037.34)","Blur"
"0x2480a2f49991bf5f161d0b65a5f3c22f7a72da105b0375640e7d79582d844fb6","16265169","1672012367","2022-12-25 23:52:47","Bought","0x6cfdad0772edc2ea15076a9706ec7c1f0a791ac1","BoredApeYachtClub","9568","721","1","69.69 Blur Pool ($84,903.33)","Blur"
"0x23df260e7cfad09fa4a80cac16ea128e570f33f1f5e1f69b4df9a3b79c5cf4d5","16265849","1672020575","2022-12-26 02:09:35","Bought","0xb7c933cbdacb223a62d1b4e904462bc597e04f83","BoredApeYachtClub","1301","721","1","109.69 ETH ($134,622.54)","Blur"
"0x3066013726b930e1f58f9eaa48388f1667036fa649ac1b45b56fe0adfd3e2bb7","16269103","1672059815","2022-12-26 13:03:35","Bought","0xc51e582ff4a50dacf4679550324b121dcc11d358","BoredApeYachtClub","687","721","1","78 ETH ($95,729.40)","OpenSea"
"0x3fa69e4040e9cf4e688b5c95abe1eb7d4b7ffd4883b9e40e7db9236428b15932","16270491","1672076567","2022-12-26 17:42:47","Bought","0xaf9adeb91297af2e9811b3d59da3e3ef084373b0","BoredApeYachtClub","9016","721","1","71.49 ETH ($87,739.68)","Blur"
"0x9d47de9b5ba1c285250fe43d04da289c84670b24257761f2d4d794ed73c993c0","16270586","1672077719","2022-12-26 18:01:59","Bought","0x6cfdad0772edc2ea15076a9706ec7c1f0a791ac1","BoredApeYachtClub","283","721","1","72 ETH ($88,365.60)","X2Y2"
"0xa02ca92fb3db47bbf3c08b225f8709f394206f5bbf130d841cc796d977e39f77","16271062","1672083443","2022-12-26 19:37:23","Bought","0x70219c18604debf89379d566a622bde2c5bc7621","BoredApeYachtClub","2463","721","1","73.5 ETH ($90,206.55)","X2Y2"
"0xd6930d77cbf1ce4a505f7bab6613e1b61ec9b5c3e902a85ade68612767f451a6","16271276","1672086023","2022-12-26 20:20:23","Bought","0xfab15bfb5d996a72c3eedbd6bd1e10aa08b204e5","BoredApeYachtClub","4970","721","1","71.3 WETH ($87,506.49)","OpenSea"
"0x25601c617832d0c1192ba47c6f32a7c1d133ee3df7d4e7b9aea64aaa2ef82555","16271395","1672087463","2022-12-26 20:44:23","Bought","0x19a80c1ad81fee909774a9c00789ce03cf011153","BoredApeYachtClub","2505","721","1","72.5 ETH ($88,979.25)","X2Y2"
"0x351f033e91c06684e23e4b0e9f80affbc85b5b5a2d867e978abcb1f3604bb6e8","16271969","1672094399","2022-12-26 22:39:59","Bid Won","0x41963e09247348110f9b25300b0b6652f67a4bee","BoredApeYachtClub","9568","721","1","71.9 WETH ($88,242.87)","LooksRare"
"0xbaa0db007ca9a12432cf01e1fe302238cbf2c4cb66ae53eab7b54eb7d15d81df","16272033","1672095179","2022-12-26 22:52:59","Bought","0xb6674e0f123652ff18fa10ce2eca886fc60e07e4","BoredApeYachtClub","2673","721","1","77.5 ETH ($95,115.75)","X2Y2"
"0xfec0faaba319196689e76510d9bfdb8ce1e95e464329f8393eb3c6d5c0b1023f","16272888","1672105511","2022-12-27 01:45:11","Bought","0x8061feaa3eb4760eb125147c6e9e56ffd661b003","BoredApeYachtClub","2193","721","1","71.5101 ETH ($86,603.74)","Blur"
"0xaa341c2f2fa19037ba9c5e6f068681d9e423ed86a6683736c38bfac778d3b291","16273185","1672109099","2022-12-27 02:44:59","Bid Won","0x41963e09247348110f9b25300b0b6652f67a4bee","BoredApeYachtClub","4970","721","1","71.9 WETH ($87,075.93)","LooksRare"
"0xbb81e15492fcafb57d020d1a1f0a2c70c408116e6da697a91a4b0a8a91b1a54b","16273201","1672109303","2022-12-27 02:48:23","Bought","0x8919755f0cc60550b41f72fc5f9d99ebe4a029d6","BoredApeYachtClub","2060","721","1","68.99 ETH ($83,551.72)","Blur"
"0x91f980cdcfc8f134c8a4c5687d6de47052b97b08b61637e33667702bb7e1e354","16273343","1672111031","2022-12-27 03:17:11","Bought","0xed2ab4948ba6a909a7751dec4f34f303eb8c7236","BoredApeYachtClub","9698","721","1","73.42 ETH ($88,916.76)","Blur"
"0x14aecef5fbc533d99e3006cecb63b04d50506550e1cfa611c91cd22ecbbb9f98","16273469","1672112543","2022-12-27 03:42:23","Bought","0x6cfdad0772edc2ea15076a9706ec7c1f0a791ac1","BoredApeYachtClub","3059","721","1","72.5 ETH ($87,802.58)","X2Y2"
"0x702fb2b7a31f476906e82a3ff56145453f90ac4119eaa62c90c7af3c62f7573f","16273486","1672112747","2022-12-27 03:45:47","Bought","0xdcef0c8cff7c46aafb13806be86892368c115f6b","BoredApeYachtClub","6367","721","1","70.34 Blur Pool ($85,186.66)","Blur"
"0x702fb2b7a31f476906e82a3ff56145453f90ac4119eaa62c90c7af3c62f7573f","16273486","1672112747","2022-12-27 03:45:47","Bought","0xdcef0c8cff7c46aafb13806be86892368c115f6b","BoredApeYachtClub","5139","721","1","70.34 Blur Pool ($85,186.66)","Blur"
"0xa71957dd5f01d80e3de00d48f12a17e6de38ad3d1df3e44ad48c642d59dc7819","16273639","1672114607","2022-12-27 04:16:47","Bought","0xacdaeeb57ff6886fc8e203b9dd4c2b241df89b7a","BoredApeYachtClub","9519","721","1","72.9 ETH ($88,287.00)","Blur"
"0xf8e92ace336376e5d332a609f172b5fe15fc7838652f8aa2fd3cea6fa749b696","16273717","1672115543","2022-12-27 04:32:23","Bid Won","0xed2ab4948ba6a909a7751dec4f34f303eb8c7236","BoredApeYachtClub","1576","721","1","72.5 WETH ($87,802.58)","LooksRare"
"0xe3559fa06109fb694ae14b9f595e3dfe4db96cffa689dee7ef194376f48be814","16273737","1672115783","2022-12-27 04:36:23","Bought","0xed2ab4948ba6a909a7751dec4f34f303eb8c7236","BoredApeYachtClub","7305","721","1","71.48 ETH ($86,567.28)","Blur"
"0x7ae2de526a5c698f15df63e00bbd4950ae71d8b093e8fc686d33b591d285506b","16273771","1672116191","2022-12-27 04:43:11","Bought","0xed2ab4948ba6a909a7751dec4f34f303eb8c7236","BoredApeYachtClub","7465","721","1","71.99 ETH ($87,184.93)","Blur"
"0x9f21dcd67f4f22b048a5443375cd877f87187e06929458be4dcdfc3586aaaa2e","16273893","1672117655","2022-12-27 05:07:35","Bought","0xb05584dcb71dde9bf66a8c52aac57a475756a216","BoredApeYachtClub","9019","721","1","73.5 ETH ($89,013.65)","Blur"
"0x0d369fbdef66fbac373e44f871aa3b2de56f600959522a6346b7e1c326bad838","16273896","1672117691","2022-12-27 05:08:11","Bought","0x194f0fe6d4dfbf198868b1b507cd74122fbfebcc","BoredApeYachtClub","1958","721","1","74.99 ETH ($90,818.14)","Blur"
"0xfbb62d4689bc1f6fb4901686d65e6607d625346ca4ef3ec854828e7041bc9b2e","16273922","1672118003","2022-12-27 05:13:23","Bought","0xed2ab4948ba6a909a7751dec4f34f303eb8c7236","BoredApeYachtClub","1587","721","1","79.88 ETH ($96,740.27)","Blur"
"0x425f60351021930d993f6dba5747fc08c465dad4c52f391897b0294da014091e","16274009","1672119071","2022-12-27 05:31:11","Bought","0x8bbabe07f6b87264b1e63d6c03b10ecd8310d5e3","BoredApeYachtClub","6873","721","1","100 ETH ($121,107.00)","X2Y2"
"0x05fdbe205ce541321a8625e579a22376dcae508ac57e7358da2ae90873e090ad","16274228","1672121711","2022-12-27 06:15:11","Bought","0xed2ab4948ba6a909a7751dec4f34f303eb8c7236","BoredApeYachtClub","3397","721","1","73.5 ETH ($89,013.65)","Blur"
"0x05fdbe205ce541321a8625e579a22376dcae508ac57e7358da2ae90873e090ad","16274228","1672121711","2022-12-27 06:15:11","Bought","0xed2ab4948ba6a909a7751dec4f34f303eb8c7236","BoredApeYachtClub","5577","721","1","73.5 ETH ($89,013.65)","Blur"
"0x05fdbe205ce541321a8625e579a22376dcae508ac57e7358da2ae90873e090ad","16274228","1672121711","2022-12-27 06:15:11","Bought","0xed2ab4948ba6a909a7751dec4f34f303eb8c7236","BoredApeYachtClub","6441","721","1","72.5 ETH ($87,802.58)","Blur"
"0x05fdbe205ce541321a8625e579a22376dcae508ac57e7358da2ae90873e090ad","16274228","1672121711","2022-12-27 06:15:11","Bought","0xed2ab4948ba6a909a7751dec4f34f303eb8c7236","BoredApeYachtClub","7235","721","1","73.65 ETH ($89,195.31)","Blur"
"0x05fdbe205ce541321a8625e579a22376dcae508ac57e7358da2ae90873e090ad","16274228","1672121711","2022-12-27 06:15:11","Bought","0xed2ab4948ba6a909a7751dec4f34f303eb8c7236","BoredApeYachtClub","9419","721","1","72.88 ETH ($88,262.78)","Blur"
"0x05fdbe205ce541321a8625e579a22376dcae508ac57e7358da2ae90873e090ad","16274228","1672121711","2022-12-27 06:15:11","Bought","0xed2ab4948ba6a909a7751dec4f34f303eb8c7236","BoredApeYachtClub","9712","721","1","72.5 ETH ($87,802.58)","Blur"
"0x4840f186064130a60766b9ffd4a2f60fb8f9dd1e129e970da6a41eff4e1fd65d","16274261","1672122107","2022-12-27 06:21:47","Bought","0xacdaeeb57ff6886fc8e203b9dd4c2b241df89b7a","BoredApeYachtClub","7426","721","1","75 ETH ($90,830.25)","Blur"
"0x7d1c6a36bf6d08897dea5a476c2bb738a771c2bcdb8a849ab894c606755da261","16274386","1672123631","2022-12-27 06:47:11","Bought","0xed2ab4948ba6a909a7751dec4f34f303eb8c7236","BoredApeYachtClub","8803","721","1","74.99 ETH ($90,818.14)","OpenSea"
"0x7d1c6a36bf6d08897dea5a476c2bb738a771c2bcdb8a849ab894c606755da261","16274386","1672123631","2022-12-27 06:47:11","Bought","0xed2ab4948ba6a909a7751dec4f34f303eb8c7236","BoredApeYachtClub","7093","721","1","75 ETH ($90,830.25)","OpenSea"
"0x7d1c6a36bf6d08897dea5a476c2bb738a771c2bcdb8a849ab894c606755da261","16274386","1672123631","2022-12-27 06:47:11","Bought","0xed2ab4948ba6a909a7751dec4f34f303eb8c7236","BoredApeYachtClub","7637","721","1","75 ETH ($90,830.25)","OpenSea"
"0xd87b68822501c3c85bdded8276b0a0f5dc86d136a9a3ab0bff648ada46b095e5","16274393","1672123715","2022-12-27 06:48:35","Bought","0xed2ab4948ba6a909a7751dec4f34f303eb8c7236","BoredApeYachtClub","3279","721","1","74 ETH ($89,619.18)","Blur"
"0x8ca21134abd5f8b8566d50892b2476bc574b1cdaaa4369798473a8672bba9531","16274430","1672124159","2022-12-27 06:55:59","Bought","0xed2ab4948ba6a909a7751dec4f34f303eb8c7236","BoredApeYachtClub","3329","721","1","68.85 ETH ($83,382.17)","Blur"
"0xe1f1094baac7b074df9d8459fc1ddba4477641d2c2d12d7f707e5daa6428c6c0","16275029","1672131395","2022-12-27 08:56:35","Bought","0xe919574f1a9f7bea83824be4839203a9ab496953","BoredApeYachtClub","7083","721","1","75 ETH ($90,830.25)","OpenSea"
"0xc3f716b46999de49eac09832bdffc01e069699799c70493d87e2000dadded021","16276173","1672145195","2022-12-27 12:46:35","Bought","0xe10c8e331173484e8e296d6a68dd029ad1489958","BoredApeYachtClub","5974","721","1","73.73 ETH ($89,292.19)","Blur"
"0xaaeb00dcecac294e90fd079ecaaaff8fbf9046306b7d414ed81b25c4835c1244","16276315","1672146911","2022-12-27 13:15:11","Bought","0x057d1e845402b371eb793135f877966b47577e28","BoredApeYachtClub","7941","721","1","72.27 Blur Pool ($87,524.03)","Blur"
"0x119ffd5ff1a524efa5c754e28f8f2d2dd71f03243bc5afe8aa007b0ab18c12d2","16276442","1672148447","2022-12-27 13:40:47","Bought","0xed2ab4948ba6a909a7751dec4f34f303eb8c7236","BoredApeYachtClub","2804","721","1","72.99 ETH ($88,396.00)","Blur"
"0xa738232998afd5bb4527834787b47f3b0c98cba6a434d4b5d99c52329c88d013","16277579","1672162151","2022-12-27 17:29:11","Bought","0x754546a93304602561140fb112c896bc0345d5bd","BoredApeYachtClub","4408","721","1","76 ETH ($92,041.32)","OpenSea"
"0xc611eaf453840675d49673b58952be49d4c55b9f8f722e3eb29b83ddaf9de4a2","16277621","1672162667","2022-12-27 17:37:47","Bought","0x674988b5a86384687c6ae14b616386ad084bc407","BoredApeYachtClub","3059","721","1","74 ETH ($89,619.18)","X2Y2"
"0x32e736e25770188a844765992dc3a3c14a82523205c576eae0a6364058b6c9e2","16278066","1672168019","2022-12-27 19:06:59","Bought","0xed2ab4948ba6a909a7751dec4f34f303eb8c7236","BoredApeYachtClub","3540","721","1","76.5 ETH ($92,646.86)","Blur"
"0x32e736e25770188a844765992dc3a3c14a82523205c576eae0a6364058b6c9e2","16278066","1672168019","2022-12-27 19:06:59","Bought","0xed2ab4948ba6a909a7751dec4f34f303eb8c7236","BoredApeYachtClub","9991","721","1","76 ETH ($92,041.32)","Blur"
"0x32e736e25770188a844765992dc3a3c14a82523205c576eae0a6364058b6c9e2","16278066","1672168019","2022-12-27 19:06:59","Bought","0xed2ab4948ba6a909a7751dec4f34f303eb8c7236","BoredApeYachtClub","1494","721","1","75.5 ETH ($91,435.79)","Blur"
"0x32e736e25770188a844765992dc3a3c14a82523205c576eae0a6364058b6c9e2","16278066","1672168019","2022-12-27 19:06:59","Bought","0xed2ab4948ba6a909a7751dec4f34f303eb8c7236","BoredApeYachtClub","6004","721","1","75 ETH ($90,830.25)","Blur"
"0x32e736e25770188a844765992dc3a3c14a82523205c576eae0a6364058b6c9e2","16278066","1672168019","2022-12-27 19:06:59","Bought","0xed2ab4948ba6a909a7751dec4f34f303eb8c7236","BoredApeYachtClub","9147","721","1","74.5 ETH ($90,224.72)","Blur"
"0x28aecd83b15113b1298e1520b59237454933e8244dc4928365c96a84e713cb4f","16278077","1672168151","2022-12-27 19:09:11","Bid Won","0xbe1db1dc16341f7ed608753d94583c458ff4098f","BoredApeYachtClub","2752","721","1","76.7106 WETH ($92,901.91)","LooksRare"
"0x96071bf1605ec87693a9f60ac0adb7bd976e5954e9cba5520bbf7c918d3a1c8a","16278113","1672168583","2022-12-27 19:16:23","Bought","0xed2ab4948ba6a909a7751dec4f34f303eb8c7236","BoredApeYachtClub","2752","721","1","76.72 ETH ($92,913.29)","X2Y2"
"0xa921eaf8436218d9e138f34d5eb143958d34f11cc1abc853265b0edd7dec7e14","16278167","1672169231","2022-12-27 19:27:11","Bought","0xf1bcf736a46d41f8a9d210777b3d75090860a665","BoredApeYachtClub","9286","721","1","76 ETH ($92,041.32)","Blur"
"0x7a5bd2ef15a03623fe9dd0a9c3b068300e74d3e7ab0036c3ea9196d100021b2e","16278175","1672169327","2022-12-27 19:28:47","Bid Won","0xf65e7be8343965ca1088c5ee937da8dab527e3ad","BoredApeYachtClub","5216","721","1","84.69 WETH ($102,565.52)","LooksRare"
"0xea4370121872bb6bb156ddebe6c2a7bb0c249e3de84a0d9bf9cf3cc095ccafe2","16278175","1672169327","2022-12-27 19:28:47","Bought","0xbe1db1dc16341f7ed608753d94583c458ff4098f","BoredApeYachtClub","2752","721","1","76.71 ETH ($92,901.18)","X2Y2"
"0xf011ee0e29a9fa3d6a31796e7ffc00b3e3c09db153fecff33e7d9a86040dafe8","16278305","1672170911","2022-12-27 19:55:11","Bought","0x0c8fdf0310a9ce7ffb5cb3d5d37d2772f5a5adcc","BoredApeYachtClub","7665","721","1","76.98 ETH ($93,228.17)","OpenSea"
"0xabf4aa30759f9299f6f55f4dbd775b716781118b44e85de2c97633bc19b3ce50","16278325","1672171151","2022-12-27 19:59:11","Bought","0x805e360f456dee5a774b12ce0a0aedbd38f53ebf","BoredApeYachtClub","373","721","1","0.001 ETH ($1.21)","X2Y2"
"0x817b6f8ac46166d4ecb6dccd30d835431bf3800c0a1e247229f968b6d1ab14e2","16278356","1672171523","2022-12-27 20:05:23","Bought","0x0232d1083e970f0c78f56202b9a666b526fa379f","BoredApeYachtClub","3655","721","1","78 ETH ($94,463.46)","Blur"
"0x8774f24efe9d32db893311adfec9427b4c69f5d53e49d5a346b10a1e74c65e8f","16278587","1672174307","2022-12-27 20:51:47","Bought","0x0323f50e3e1daf8976f6a3a97340660daf997fc8","BoredApeYachtClub","1588","721","1","77.7 ETH ($94,100.14)","Blur"
"0x8bba334b488d80eeb058671f9ceea3430a5e99300b65b135f80083a8b3c7c503","16278658","1672175159","2022-12-27 21:05:59","Bought","0xcdbbc4133c9098a3027620d2546f853e59417d1d","BoredApeYachtClub","8700","721","1","76.95 ETH ($93,191.84)","OpenSea"
"0x2f6349b4e951a87abbeb512d0882dcf01513a9877ff5620c8faefc55d5df152b","16278838","1672177319","2022-12-27 21:41:59","Bought","0xc99cf7c59c5e3ecee85c9e29e42697ea1661d1c6","BoredApeYachtClub","7078","721","1","77 ETH ($93,252.39)","Blur"
"0x50f7993e90ac4a832b8494199fc6160c1be3e4b48cbf36af211e8d1817c23118","16279278","1672182647","2022-12-27 23:10:47","Bought","0x2843fe232e813e011d175dce4a968dec2f14e4af","BoredApeYachtClub","1800","721","1","80.368 ETH ($97,331.27)","OpenSea"
"0xafd333d580258e7133766e92ca6a64721868780e076582e420a6c2a69d6e2398","16279437","1672184555","2022-12-27 23:42:35","Bought","0x60a3f3e01c97e9f8f6414793abc577633ff01f49","BoredApeYachtClub","9615","721","1","81.3157 ETH ($98,479.00)","OpenSea"
"0xa639a237e2b9cc9ecad551a8e7ed987c0052ecd118f5f220dd78e7c4f0cb4348","16279553","1672185959","2022-12-28 00:05:59","Bought","0xed2ab4948ba6a909a7751dec4f34f303eb8c7236","BoredApeYachtClub","7078","721","1","77.001 ETH ($91,574.98)","X2Y2"
"0xee826c683087c107b7a1ea291baadfb37940549c5c71b73cbece1791e7bc4aee","16279569","1672186151","2022-12-28 00:09:11","Bought","0xacdaeeb57ff6886fc8e203b9dd4c2b241df89b7a","BoredApeYachtClub","4142","721","1","81 ETH ($96,330.87)","Blur"
"0x4aaedfd1f85dd12937e40699f62901ee15853f96bceb071e1e1200a573dedaaa","16279588","1672186379","2022-12-28 00:12:59","Bought","0xc99cf7c59c5e3ecee85c9e29e42697ea1661d1c6","BoredApeYachtClub","7078","721","1","76.999 ETH ($91,572.60)","X2Y2"
"0x10414759454b29207d4667f57c798461d1a6d0d45c39d14f7b52b24c4b2d2b95","16280838","1672201415","2022-12-28 04:23:35","Bought","0xaf9adeb91297af2e9811b3d59da3e3ef084373b0","BoredApeYachtClub","3059","721","1","76.5 ETH ($90,979.16)","Blur"
"0x0bdf2877da1b8447028dbf10146dcc3d36c7187bca116a3fb26abfc3d01543c8","16281024","1672203659","2022-12-28 05:00:59","Bought","0xed2ab4948ba6a909a7751dec4f34f303eb8c7236","BoredApeYachtClub","1402","721","1","78.2 ETH ($93,000.91)","Blur"
"0x0bdf2877da1b8447028dbf10146dcc3d36c7187bca116a3fb26abfc3d01543c8","16281024","1672203659","2022-12-28 05:00:59","Bought","0xed2ab4948ba6a909a7751dec4f34f303eb8c7236","BoredApeYachtClub","1271","721","1","76.9 ETH ($91,454.86)","Blur"
"0x0bdf2877da1b8447028dbf10146dcc3d36c7187bca116a3fb26abfc3d01543c8","16281024","1672203659","2022-12-28 05:00:59","Bought","0xed2ab4948ba6a909a7751dec4f34f303eb8c7236","BoredApeYachtClub","2752","721","1","76.89 ETH ($91,442.97)","Blur"
"0x0bdf2877da1b8447028dbf10146dcc3d36c7187bca116a3fb26abfc3d01543c8","16281024","1672203659","2022-12-28 05:00:59","Bought","0xed2ab4948ba6a909a7751dec4f34f303eb8c7236","BoredApeYachtClub","4429","721","1","72.72 ETH ($86,483.71)","Blur"
"0x0bdf2877da1b8447028dbf10146dcc3d36c7187bca116a3fb26abfc3d01543c8","16281024","1672203659","2022-12-28 05:00:59","Bought","0xed2ab4948ba6a909a7751dec4f34f303eb8c7236","BoredApeYachtClub","7424","721","1","77.777 ETH ($92,497.85)","Blur"
"0x0bdf2877da1b8447028dbf10146dcc3d36c7187bca116a3fb26abfc3d01543c8","16281024","1672203659","2022-12-28 05:00:59","Bought","0xed2ab4948ba6a909a7751dec4f34f303eb8c7236","BoredApeYachtClub","7673","721","1","77.5 ETH ($92,168.43)","Blur"
"0x2b165fd012ce139d8f2fd1b6e16068e5fab1a9f2e2e24dfb81f50d89c0171d99","16281160","1672205315","2022-12-28 05:28:35","Bought","0xed2ab4948ba6a909a7751dec4f34f303eb8c7236","BoredApeYachtClub","2508","721","1","76 ETH ($90,384.52)","Blur"
"0x0e9c5d1b8d36a57113f756ce54ea65191d32a55a54c39f0ffcecb42e16e77bfd","16281898","1672214231","2022-12-28 07:57:11","Bought","0xffd06caa72cef7aa6798f0feb8b1aec097b70304","BoredApeYachtClub","5585","721","1","91 ETH ($108,223.57)","X2Y2"
"0x674af14208c18707cefb5456ba94964228d2df066be5059c9ddd16e76a811f58","16282804","1672225139","2022-12-28 10:58:59","Bought","0x590a5862eca5e6b1d22571882a1d5e0cfc6d6301","BoredApeYachtClub","8911","721","1","98 ETH ($116,548.46)","X2Y2"
"0xaf5c4858608f65d00bf298b0612907051cfd8c4acd725ccf3d410538e9e4ca52","16282812","1672225235","2022-12-28 11:00:35","Bought","0x1add375a9894fa497453cf686330e18a03f47e40","BoredApeYachtClub","6105","721","1","105 WETH ($124,873.35)","LooksRare"
"0x3b64dbe11965bb6edbe1f62f524e15bb6a4d651f83cef58acfbf5b1549a476d7","16282845","1672225631","2022-12-28 11:07:11","Bought","0x066b4894be13ac0d49b24fc588668e428ec404e9","BoredApeYachtClub","8911","721","1","71 WETH ($84,438.17)","LooksRare"
"0xd1bf764730c089c9d3c9e38fcb92a4ed68003060f662957d887fd28ab61fc36f","16283037","1672227935","2022-12-28 11:45:35","Bought","0x082d3d7f573689831a39d0f6e821539a514aac2f","BoredApeYachtClub","5117","721","1","84 ETH ($99,898.68)","OpenSea"
"0x8180031fb76c8a286cc931f97e7052f187b675739f34112303b5dd6257bd1881","16283917","1672238531","2022-12-28 14:42:11","Bought","0x4836ae11037f696693c2916834754fa6c2ecc27d","BoredApeYachtClub","5585","721","1","91 ETH ($108,223.57)","X2Y2"
"0x8f8536552352b9c380bf57ea5962e7be55e89e9c877e1007dc4aad77df41dbdc","16284241","1672242419","2022-12-28 15:46:59","Bought","0xbc06112544d86b8053d8b401ac264a6b45311b56","BoredApeYachtClub","6938","721","1","114 ETH ($135,576.78)","X2Y2"
"0x38e0e5539f67886235a1a175582048f531bb23723c8934314093e5237deb0ae6","16284513","1672245695","2022-12-28 16:41:35","Bought","0x5da0e30b11f2b5f609f484512fd5affdd721644d","BoredApeYachtClub","9858","721","1","80 ETH ($95,141.60)","Blur"
"0xa90fe48d4fadcc3f145a719189637e6392ad7532fb76325c5c9b34e402ba4506","16284789","1672249019","2022-12-28 17:36:59","Bought","0x8889d92ebfde28461483ad86765f4e2d361f9d90","BoredApeYachtClub","429","721","1","81.99 ETH ($97,508.25)","OpenSea"
"0x9120d86f85c3ea4e641c9837689f00fa1976e32e99aa420227852a6be36e3793","16285117","1672252979","2022-12-28 18:42:59","Bought","0xa8c6990bc778611ffd5b94db6befefc7ae74b147","BoredApeYachtClub","283","721","1","80.8888 ETH ($96,198.62)","Blur"
"0x52cd62009074c9f9a696438308c4b97a7a7de48dc32d40e1358c3ce58e7eacd1","16285326","1672255487","2022-12-28 19:24:47","Bought","0x4593d72b3a7cd192e684a167a315208aae9fccc8","BoredApeYachtClub","4930","721","1","78.69 ETH ($93,583.66)","Blur"
"0x58528bc327cfa6586f042782486a8ed33d0e056778c941b2230d5173daac5bd1","16285465","1672257155","2022-12-28 19:52:35","Bought","0x7eb413211a9de1cd2fe8b8bb6055636c43f7d206","BoredApeYachtClub","2538","721","1","85 ETH ($101,087.95)","Blur"
"0x58528bc327cfa6586f042782486a8ed33d0e056778c941b2230d5173daac5bd1","16285465","1672257155","2022-12-28 19:52:35","Bought","0x7eb413211a9de1cd2fe8b8bb6055636c43f7d206","BoredApeYachtClub","4132","721","1","85 ETH ($101,087.95)","Blur"
"0x338289be463103d52985ee95b1acd67baa5d151f4e39e360d6b97c1136439e45","16285665","1672259567","2022-12-28 20:32:47","Bought","0xf57d6e900525f3f94cb6240495409b28e5a20f26","BoredApeYachtClub","5304","721","1","79 ETH ($93,952.33)","OpenSea"
"0xea2a3412461c04fe16fa047b9ad2df20d925c1652454a9efc54c126cb0be5a7b","16285671","1672259639","2022-12-28 20:33:59","Bid Won","0xbe1db1dc16341f7ed608753d94583c458ff4098f","BoredApeYachtClub","4268","721","1","79 WETH ($93,952.33)","LooksRare"
"0x94958885f488c22628579852b8c0682159c28d5b1300f19fbb2e18aec14e34ca","16285700","1672259987","2022-12-28 20:39:47","Bought","0xed2ab4948ba6a909a7751dec4f34f303eb8c7236","BoredApeYachtClub","4268","721","1","79.001 ETH ($93,953.52)","X2Y2"
"0x0b2ef757e947f48297a02d18c508ab6aeab2b413be3a6c315c30dca3cefe408e","16285736","1672260419","2022-12-28 20:46:59","Bought","0xbe1db1dc16341f7ed608753d94583c458ff4098f","BoredApeYachtClub","4268","721","1","78.999 ETH ($93,951.14)","X2Y2"
"0x35ac08003ec150ddd4bbdfa713f1fa9cde53f1f9471df4971f201b6818f05ffe","16285989","1672263491","2022-12-28 21:38:11","Bought","0x131a842d54f278565ff1fc81983835d380bf164a","BoredApeYachtClub","2255","721","1","85 ETH ($101,087.95)","Blur"
"0x50612c1af9ee923f6b97518c2c8010851f5e21db23420fda25398812645f5d14","16286444","1672268975","2022-12-28 23:09:35","Bought","0xaeaee46b9ad8e1e213cf6d73b7b31ab19a2bb9be","BoredApeYachtClub","2255","721","1","78 ETH ($92,763.06)","Blur"
"0x14ae4711c3ddd9b3b6c7f0398e62492dc0eab07495947309969f4f0028200d95","16286753","1672272695","2022-12-29 00:11:35","Bought","0x3562699c7cf8142d983b1c9bd80a1ee4eb611588","BoredApeYachtClub","5144","721","1","82 ETH ($98,404.92)","OpenSea"
"0xe4e764718449b54b3a5b748826d1685720858deec8a320cdabdd94e8f594e69e","16286780","1672273019","2022-12-29 00:16:59","Bought","0xacddc6edeb262b9822c4de15f87740e2fb76e4eb","BoredApeYachtClub","8363","721","1","93 ETH ($111,605.58)","OpenSea"
"0xfd14544db7a094a6a365ece24db4ed2c07131c89d0626c7bb8b8ced2c406578b","16287320","1672279547","2022-12-29 02:05:47","Bought","0xd854c8f39e476a18c54438b1814368731296f616","BoredApeYachtClub","5984","721","1","85 ETH ($102,005.10)","OpenSea"
"0xe502da4b343910275b71ba964bacdb088e0fa05dd6977ba2f9ecdbe79cc5e402","16287388","1672280363","2022-12-29 02:19:23","Bought","0xfbe5c1ab13e206688775f117a9a90153d7fdcfd2","BoredApeYachtClub","9622","721","1","77 ETH ($92,404.62)","Blur"
"0x053d4d5ed8ce04333e5f5438d180933e1d3cd0c56521e537711c2cf03a29af8f","16287713","1672284287","2022-12-29 03:24:47","Bought","0x7d51289673fd4caf02632b106e4e70c6e22e708c","BoredApeYachtClub","5368","721","1","93.69 ETH ($112,433.62)","OpenSea"
"0x2616f329fdf9623cd5f566b7f2e1f73ce4b2dae895476efd453294d4c53a2718","16288477","1672293503","2022-12-29 05:58:23","Bought","0xb2013ab4f9bbc181d386192de7388e66f219344c","BoredApeYachtClub","7558","721","1","79 ETH ($94,804.74)","Blur"
"0x34db05b941d4aa034f43a5e81ad70264b7ce2818edf0f1f29edae37fda6b17cc","16288531","1672294151","2022-12-29 06:09:11","Bought","0x04f1ab17ded780464c3c7aac30dff057283ae7d1","BoredApeYachtClub","9520","721","1","80.88 ETH ($97,060.85)","Blur"
"0x565c070e7512ec72335e40ccb327cdaafe6b0f6ad4f98839d620815f458a35d4","16288557","1672294475","2022-12-29 06:14:35","Bought","0x2c2ed4b3876c442fee80bee76ce0ee2ca2a512af","BoredApeYachtClub","193","721","1","130 ETH ($156,007.80)","X2Y2"
"0xcea3e482892ba2993af2862eb421c8d5ec664e409186a5a68a481a1c92027604","16289854","1672310123","2022-12-29 10:35:23","Bought","0x7c1958ba95ab3170f6069dadf4de304b0c00000c","BoredApeYachtClub","1286","721","1","75.2 WETH ($90,244.51)","OpenSea"
"0x0cd6b17e4d9bf076a73ce4438b1ef83b6ee81dfc5525322a6a4b0af444be1ccd","16289879","1672310435","2022-12-29 10:40:35","Bid Won","0x41963e09247348110f9b25300b0b6652f67a4bee","BoredApeYachtClub","9245","721","1","80 WETH ($96,004.80)","LooksRare"
"0x5840b9766ea717d5c16b90c90512bdae8ccde1cd9a909f52b7b4f6399eba8430","16291160","1672325891","2022-12-29 14:58:11","Bought","0xffd06caa72cef7aa6798f0feb8b1aec097b70304","BoredApeYachtClub","7910","721","1","105 ETH ($126,006.30)","X2Y2"
"0x943fae840be0a69a2d996d7bb7245ce184dbc3564260c993f106295f15ca3c17","16291265","1672327175","2022-12-29 15:19:35","Bought","0xfbd698679763b74680da96ffb39926dadfd02226","BoredApeYachtClub","9698","721","1","76.5 ETH ($91,804.59)","X2Y2"
"0xdb8501763249ad9751d9e04e4f41caceab66b123774fb280a1cb744ac45151fb","16291290","1672327475","2022-12-29 15:24:35","Bought","0xed2ab4948ba6a909a7751dec4f34f303eb8c7236","BoredApeYachtClub","1271","721","1","76 Blur Pool ($91,204.56)","Blur"
"0xdb8501763249ad9751d9e04e4f41caceab66b123774fb280a1cb744ac45151fb","16291290","1672327475","2022-12-29 15:24:35","Bought","0xed2ab4948ba6a909a7751dec4f34f303eb8c7236","BoredApeYachtClub","9712","721","1","76 Blur Pool ($91,204.56)","Blur"
"0xdb8501763249ad9751d9e04e4f41caceab66b123774fb280a1cb744ac45151fb","16291290","1672327475","2022-12-29 15:24:35","Bought","0xed2ab4948ba6a909a7751dec4f34f303eb8c7236","BoredApeYachtClub","1576","721","1","76 Blur Pool ($91,204.56)","Blur"
"0xdb8501763249ad9751d9e04e4f41caceab66b123774fb280a1cb744ac45151fb","16291290","1672327475","2022-12-29 15:24:35","Bought","0xed2ab4948ba6a909a7751dec4f34f303eb8c7236","BoredApeYachtClub","2508","721","1","75.77 Blur Pool ($90,928.55)","Blur"
"0xdb8501763249ad9751d9e04e4f41caceab66b123774fb280a1cb744ac45151fb","16291290","1672327475","2022-12-29 15:24:35","Bought","0xed2ab4948ba6a909a7751dec4f34f303eb8c7236","BoredApeYachtClub","2804","721","1","75.77 Blur Pool ($90,928.55)","Blur"
"0xdb8501763249ad9751d9e04e4f41caceab66b123774fb280a1cb744ac45151fb","16291290","1672327475","2022-12-29 15:24:35","Bought","0xed2ab4948ba6a909a7751dec4f34f303eb8c7236","BoredApeYachtClub","5139","721","1","75.77 Blur Pool ($90,928.55)","Blur"
"0xdb8501763249ad9751d9e04e4f41caceab66b123774fb280a1cb744ac45151fb","16291290","1672327475","2022-12-29 15:24:35","Bought","0xed2ab4948ba6a909a7751dec4f34f303eb8c7236","BoredApeYachtClub","6367","721","1","75.77 Blur Pool ($90,928.55)","Blur"
"0xdb8501763249ad9751d9e04e4f41caceab66b123774fb280a1cb744ac45151fb","16291290","1672327475","2022-12-29 15:24:35","Bought","0xed2ab4948ba6a909a7751dec4f34f303eb8c7236","BoredApeYachtClub","6441","721","1","75.77 Blur Pool ($90,928.55)","Blur"
"0xdb8501763249ad9751d9e04e4f41caceab66b123774fb280a1cb744ac45151fb","16291290","1672327475","2022-12-29 15:24:35","Bought","0xed2ab4948ba6a909a7751dec4f34f303eb8c7236","BoredApeYachtClub","9592","721","1","74.61 Blur Pool ($89,536.48)","Blur"
"0xdb8501763249ad9751d9e04e4f41caceab66b123774fb280a1cb744ac45151fb","16291290","1672327475","2022-12-29 15:24:35","Bought","0xed2ab4948ba6a909a7751dec4f34f303eb8c7236","BoredApeYachtClub","4306","721","1","74.61 Blur Pool ($89,536.48)","Blur"
"0xdb8501763249ad9751d9e04e4f41caceab66b123774fb280a1cb744ac45151fb","16291290","1672327475","2022-12-29 15:24:35","Bought","0xed2ab4948ba6a909a7751dec4f34f303eb8c7236","BoredApeYachtClub","2752","721","1","74.61 Blur Pool ($89,536.48)","Blur"
"0xdb8501763249ad9751d9e04e4f41caceab66b123774fb280a1cb744ac45151fb","16291290","1672327475","2022-12-29 15:24:35","Bought","0xed2ab4948ba6a909a7751dec4f34f303eb8c7236","BoredApeYachtClub","5943","721","1","74.61 Blur Pool ($89,536.48)","Blur"
"0x29c904400167e8de34859665c3aa6999505c1759de9f53f1b62f9ff7dbc47452","16291330","1672327955","2022-12-29 15:32:35","Bought","0xed2ab4948ba6a909a7751dec4f34f303eb8c7236","BoredApeYachtClub","7941","721","1","75.7 Blur Pool ($90,844.54)","Blur"
"0xbdacd40fc2fc50178653fc81dbdf9cd4363048ea8a21b2f9af7ea3b2013ae715","16291363","1672328351","2022-12-29 15:39:11","Bought","0xed2ab4948ba6a909a7751dec4f34f303eb8c7236","BoredApeYachtClub","7305","721","1","74.62 Blur Pool ($89,548.48)","Blur"
"0x28d286a8ae321770f72a085cb3d31eab5a97a66c7ad8afda5e5a256ce70faeb7","16291367","1672328399","2022-12-29 15:39:59","Bought","0xed2ab4948ba6a909a7751dec4f34f303eb8c7236","BoredApeYachtClub","9147","721","1","75.67 Blur Pool ($90,808.54)","Blur"
"0x28d286a8ae321770f72a085cb3d31eab5a97a66c7ad8afda5e5a256ce70faeb7","16291367","1672328399","2022-12-29 15:39:59","Bought","0xed2ab4948ba6a909a7751dec4f34f303eb8c7236","BoredApeYachtClub","1402","721","1","75.67 Blur Pool ($90,808.54)","Blur"
"0x28d286a8ae321770f72a085cb3d31eab5a97a66c7ad8afda5e5a256ce70faeb7","16291367","1672328399","2022-12-29 15:39:59","Bought","0xed2ab4948ba6a909a7751dec4f34f303eb8c7236","BoredApeYachtClub","3045","721","1","75.67 Blur Pool ($90,808.54)","Blur"
"0xb7d521ccc40ed625ca4f6d73188ed7eb438fe1254961e313568f6d1c459e442c","16291412","1672328951","2022-12-29 15:49:11","Bought","0x47147c03b34e177020905afe309b77636ecac256","BoredApeYachtClub","7910","721","1","105 ETH ($126,006.30)","X2Y2"
"0x12ff5c9efdaf00508b0c10300c48edbe1f86ae607febb020085d993ef6f0c6a1","16291436","1672329239","2022-12-29 15:53:59","Bought","0xe75fe8be89d97101d1d84878bb876a1e6b12b83e","BoredApeYachtClub","9170","721","1","76.5 WETH ($91,804.59)","OpenSea"
"0x7af5f7b504fe1f3228172f6ca412aaa24c4002e7f7d21a8be21331324ff1674e","16292194","1672338371","2022-12-29 18:26:11","Bought","0x0f23300b85fe86b0d4e568bad53627ea9af4776b","BoredApeYachtClub","4306","721","1","71.81 Blur Pool ($86,176.31)","Blur"
"0xfd75d17c4f7ad214b8eefab1d751b7baebab35bd0eefe1a2a0affc2987fa7b39","16292206","1672338515","2022-12-29 18:28:35","Bought","0x19a80c1ad81fee909774a9c00789ce03cf011153","BoredApeYachtClub","465","721","1","80.5 ETH ($96,604.83)","X2Y2"
"0x44c75defb6e9cb3a4912392ec50b4ec69907562921d74c2479d6979f4ce5f9f4","16292281","1672339415","2022-12-29 18:43:35","Bought","0xcdb9cdf16d7fa64f7c846e34d94e862fcfbe52db","BoredApeYachtClub","7424","721","1","73 ETH ($87,604.38)","X2Y2"
"0x4d1de842d86dfb57956300ab77948062cf1ffe29eea81c7f076c1e01ffb1f736","16292398","1672340819","2022-12-29 19:06:59","Bought","0x24278f2643e90b56a519aef6e612d91dca5257d1","BoredApeYachtClub","2059","721","1","110 ETH ($132,006.60)","X2Y2"
"0xacf17a986686ec063cf26fd13294e8b6a192f273c1dee68a0aba6f24cf6ed73d","16292621","1672343531","2022-12-29 19:52:11","Bought","0x391994d37add98d41b214d4db524b6698f851476","BoredApeYachtClub","9147","721","1","71.6 Blur Pool ($85,924.30)","Blur"
"0xf6b406f12baec11f87ad306db439ff9f150d12636b845ee165cd5bc1d4822526","16292678","1672344227","2022-12-29 20:03:47","Bought","0x70219c18604debf89379d566a622bde2c5bc7621","BoredApeYachtClub","3397","721","1","72 ETH ($86,404.32)","X2Y2"
"0x664dfd711a4134785c232b3878c12163f5419b354720c67f4cb15f5a3766c1be","16292680","1672344251","2022-12-29 20:04:11","Bought","0xed2ab4948ba6a909a7751dec4f34f303eb8c7236","BoredApeYachtClub","7093","721","1","71.6 Blur Pool ($85,924.30)","Blur"
"0x664dfd711a4134785c232b3878c12163f5419b354720c67f4cb15f5a3766c1be","16292680","1672344251","2022-12-29 20:04:11","Bought","0xed2ab4948ba6a909a7751dec4f34f303eb8c7236","BoredApeYachtClub","7673","721","1","71.6 Blur Pool ($85,924.30)","Blur"
"0xdb35d22fcd54aa1ffab2e8ce6a308969b77bb35af4d0a1432f8e58906984aeb4","16292722","1672344755","2022-12-29 20:12:35","Bought","","BoredApeYachtClub","7936","721","1","0 ETH ","OpenSea"
"0x53990ff4a30bed69a7b432be40259ba4519941bf66d49034848ff96081a81948","16292766","1672345283","2022-12-29 20:21:23","Bought","0xa7631836db2e3ec13cb2e7cfbc687c168dbed336","BoredApeYachtClub","7936","721","1","66 WETH ($79,203.96)","LooksRare"
"0x6e31bacf34a7c2663b4fb6b19e0a509957c85a424864042f7715f6d3d4ec2a1a","16292909","1672346999","2022-12-29 20:49:59","Bought","0xe7e4f6a7b691af6d678335df2c1e2d4cb2dc16cf","BoredApeYachtClub","3097","721","1","80 ETH ($96,004.80)","X2Y2"
"0xd5d4a644b1aa197674f1e7204a0b9cfe2f3d8e18baae44cca2e24732e55091c5","16293165","1672350083","2022-12-29 21:41:23","Bought","0xb5417fdb7333dd18dbc73b20ec84fff51f425039","BoredApeYachtClub","3367","721","1","72 ETH ($86,404.32)","X2Y2"
"0x576da6b1c8bf0a9b43abb529f8d29313a51b8ab8f4c276b0027cbe41f55b7736","16294829","1672370063","2022-12-30 03:14:23","Bought","0x142668dc89e7e69ce985643ad3759fa8c518a884","BoredApeYachtClub","1376","721","1","80.75 ETH ($96,828.94)","X2Y2"
"0x00c9dec3708e3a15bc96e72bac7ea2f18a73a427cebfa0b24dfd2812b2f8e1eb","16295032","1672372511","2022-12-30 03:55:11","Bid Won","0x8891075a34b58a53dddf50b8e200211ff470a580","BoredApeYachtClub","8992","721","1","78.78 WETH ($94,466.67)","LooksRare"
"0x143a3c97fdb03d5dbbf4be5ad4c9b6220ce48a6555b8bc441d2c52ae1aaf76d9","16295403","1672376963","2022-12-30 05:09:23","Bought","0x1bfc9a53345ec9abb362eb9d5953e7689ace1cd3","BoredApeYachtClub","3089","721","1","97.3333 ETH ($116,714.31)","Blur"
"0x0a61f35508220a7f304273854510b53ae313a2e0ca6673a6574869c0d78add27","16295525","1672378427","2022-12-30 05:33:47","Bought","0x5705b71c9581208fbab754562447185b6895f3ac","BoredApeYachtClub","3095","721","1","70 ETH ($83,938.40)","X2Y2"
"0x3bb301e29c4427f7eb2b9ede2bf1a4b5103ddff8a93992d12ced76a247c49228","16295538","1672378583","2022-12-30 05:36:23","Bought","0x32e6eb2db18f33121369abbd2dc15753f9c22648","BoredApeYachtClub","3095","721","1","70.05 ETH ($83,998.36)","X2Y2"
"0x63f4f6405eb82db24023c6818c7c75dd4ab384de9ad8eff0c6138b350b4c0bcf","16295880","1672382711","2022-12-30 06:45:11","Bought","0x1fbe9351496d811da7542d4675db4457035ae00f","BoredApeYachtClub","2567","721","1","70.3 Blur Pool ($84,298.14)","Blur"
"0x49bdd469016138ce1e10283b89a81a34912d219f65562f6c7580afa51d9b593d","16295935","1672383371","2022-12-30 06:56:11","Bought","0xed2ab4948ba6a909a7751dec4f34f303eb8c7236","BoredApeYachtClub","6162","721","1","70.23 Blur Pool ($84,214.20)","Blur"
"0x8588a1e1a8d24dd4f9114443de41bd68bf45ac8e200cf391de5740b536f59618","16296336","1672388207","2022-12-30 08:16:47","Bought","0x391994d37add98d41b214d4db524b6698f851476","BoredApeYachtClub","1402","721","1","70.25 Blur Pool ($84,238.18)","Blur"
"0x8588a1e1a8d24dd4f9114443de41bd68bf45ac8e200cf391de5740b536f59618","16296336","1672388207","2022-12-30 08:16:47","Bought","0x391994d37add98d41b214d4db524b6698f851476","BoredApeYachtClub","3045","721","1","70.22 Blur Pool ($84,202.21)","Blur"
"0xdbc2191b1cc2e239916018d60f1df9d9be95ab52bce57a1b3e42f7ba578105f6","16297521","1672402511","2022-12-30 12:15:11","Bought","0xed2ab4948ba6a909a7751dec4f34f303eb8c7236","BoredApeYachtClub","3951","721","1","70.07 WETH ($84,022.34)","OpenSea"
"0x36e92c9bceb6cef35f1db6a1c82d51c45f75c77a0ab25126bbb8c72d06fbd9b5","16297965","1672407911","2022-12-30 13:45:11","Bought","0xed2ab4948ba6a909a7751dec4f34f303eb8c7236","BoredApeYachtClub","6004","721","1","69 Blur Pool ($82,739.28)","Blur"
"0xacfe69bb04f0c29ffe2826a7587f3f4cbfc7507dd815c811e516f5c8e90b471b","16298364","1672412711","2022-12-30 15:05:11","Bought","0xbe1db1dc16341f7ed608753d94583c458ff4098f","BoredApeYachtClub","8212","721","1","68.5 WETH ($82,139.72)","LooksRare"
"0xdb96b6467b6b90f5d36d0857b0ce438661ef1c01cb302b3c1fd91f76940dcc2d","16298862","1672418699","2022-12-30 16:44:59","Bought","0xed2ab4948ba6a909a7751dec4f34f303eb8c7236","BoredApeYachtClub","8212","721","1","68.501 ETH ($82,140.92)","X2Y2"
"0x43e6ef6f122515136026cf2ba1a4a079af7ca176b2078226dc5476c536c81ed0","16298920","1672419395","2022-12-30 16:56:35","Bought","0xbe1db1dc16341f7ed608753d94583c458ff4098f","BoredApeYachtClub","8212","721","1","68.499 ETH ($82,138.52)","X2Y2"
"0x2edfb037f603c45621e0a197a7352242c49fee866eef49c1a0b04e8eb1ae6ed8","16299793","1672429979","2022-12-30 19:52:59","Bought","0xed2ab4948ba6a909a7751dec4f34f303eb8c7236","BoredApeYachtClub","1402","721","1","68 Blur Pool ($81,540.16)","Blur"
"0xb82d2204f1718c3c1ea625efb3478349e3c7787371292dae075b39b784e3f3f9","16300506","1672438595","2022-12-30 22:16:35","Bought","0x6bea897b9d9e3c63cc315a2a7cb983f48f12f307","BoredApeYachtClub","6658","721","1","68 Blur Pool ($81,540.16)","Blur"
"0xc14bbaba3cc4ff96cbebe33fa08b4ee851d5615312e8e5ac0d0d1fa34693df16","16300509","1672438631","2022-12-30 22:17:11","Bought","0xed2ab4948ba6a909a7751dec4f34f303eb8c7236","BoredApeYachtClub","1494","721","1","69.11 Blur Pool ($82,871.18)","Blur"
"0xa2e5b283763c5bdcb9fa2b24aabd56b73b34fd2cc5d149f5ef7e8c4dcaeccafa","16301313","1672448279","2022-12-31 00:57:59","Bid Won","0x41963e09247348110f9b25300b0b6652f67a4bee","BoredApeYachtClub","1402","721","1","71.25 WETH ($85,143.75)","LooksRare"
"0x929712785e7254e2e9ea78b55efc877a9d067b62f248a8090f7182e13161d07f","16301491","1672450415","2022-12-31 01:33:35","Bought","0x1ff0a95f49cb5e16fbd2dc484b54b48a621b0b9b","BoredApeYachtClub","3826","721","1","72 ETH ($86,040.00)","OpenSea"
"0x8e771b1c008bf8553460411b50ad431501fe48098f4134ffa7e75cc65bc2796d","16301495","1672450463","2022-12-31 01:34:23","Bought","0x7ef61cacd0c785eacdfe17649d1c5bcba676a858","BoredApeYachtClub","7311","721","1","74 ETH ($88,430.00)","Blur"
"0x0983036d0dffe8c28905af7b2089c6256546a5398cb9aade222820f8653e7fbb","16301713","1672453079","2022-12-31 02:17:59","Bought","0xb3dbf4147183492a7bc544e8abed20ad6831fecb","BoredApeYachtClub","4429","721","1","66.251 WETH ($79,169.95)","LooksRare"
"0x5c573a44777f8fc58ca50074e240442bc2a9483e1338ca336b6fcefcd6ec829a","16301958","1672456043","2022-12-31 03:07:23","Bought","0x6a03211f0cbf8b311f58b68a8381e6c04e7a32d4","BoredApeYachtClub","298","721","1","80 ETH ($95,600.00)","Blur"
"0x5bccb1841b04141ec5911a055ebf84eb72d11da9e9b968b315e580a71f401851","16301974","1672456235","2022-12-31 03:10:35","Bought","0x630c952a3c90d45626b639e2c92097260c5ec739","BoredApeYachtClub","1494","721","1","68.79 Blur Pool ($82,204.05)","Blur"
"0xfc8149793abbdd098c5a97e7a96ba3f39735049078a1418cbe3ea666daec4dd2","16302142","1672458287","2022-12-31 03:44:47","Bought","0xed2ab4948ba6a909a7751dec4f34f303eb8c7236","BoredApeYachtClub","6073","721","1","71.5 ETH ($85,442.50)","Blur"
"0x0467b03e81613fab7c25e67f61fb4f3ba19e7072dfb2f3ecc09c7038695fb154","16302155","1672458443","2022-12-31 03:47:23","Bought","0xed2ab4948ba6a909a7751dec4f34f303eb8c7236","BoredApeYachtClub","2657","721","1","80 ETH ($95,600.00)","X2Y2"
"0xd54ef281206b03021f9556dea6d7dcd71abe9d9933da464dd8290bfaff51079c","16302193","1672458899","2022-12-31 03:54:59","Bought","0x15c34741cac66667666e0af4f476e72efd8c9434","BoredApeYachtClub","2657","721","1","79.5813 ETH ($95,099.65)","X2Y2"
"0xd57b2f4f4f1360de8dc09af2043921472cc2d438e6978bf4a44dc8645f2dd64a","16302880","1672467215","2022-12-31 06:13:35","Bought","0xed2ab4948ba6a909a7751dec4f34f303eb8c7236","BoredApeYachtClub","8038","721","1","75 ETH ($89,625.00)","X2Y2"
"0x5c714a54adfc06192b73363177f6afa67a74ce7e7085c93b0f7e691cc23b9040","16302911","1672467587","2022-12-31 06:19:47","Bought","0x02d53ac91ef54bca4f557ae776579799d6fb4da3","BoredApeYachtClub","8038","721","1","75.5813 ETH ($90,319.65)","X2Y2"
"0x1301415b2854b3bfba96382ba59c19679b9ed3eefc6713062bb418b43f2bdac6","16303278","1672472015","2022-12-31 07:33:35","Bought","0xc4899b8aa371917e382e989078ce22469b822f18","BoredApeYachtClub","6827","721","1","70.3 ETH ($84,008.50)","Blur"
"0xb0d947c343a32148291218dabf0ceb72007ee9953a5d57fae6b69399ea9a7c6b","16304614","1672488119","2022-12-31 12:01:59","Bid Won","0x81007bec2b2c6b211372aa4f2cd340b7713c528b","BoredApeYachtClub","7303","721","1","80 WETH ($95,600.00)","LooksRare"
"0xb4bace06b37ea16674e45d10493a54c62b9623e23951ae4e017b92dc7665a891","16304941","1672492043","2022-12-31 13:07:23","Bought","0x7e1ed98e1f6074405643397f4bf3d41de476ffec","BoredApeYachtClub","1863","721","1","62.1 ETH ($74,209.50)","X2Y2"
"0x6f5fbf36c78d8301bbede9243ce4858ca78b65484cb1b92ad3d6941800236e91","16304963","1672492331","2022-12-31 13:12:11","Bought","0x2fb5ea79a41d951a60321b8fba487810f0664b33","BoredApeYachtClub","3694","721","1","61.9 ETH ($73,970.50)","X2Y2"
"0x3b834c6af79b75aef88ae731e39bc66b38290017020044412d5584bdd91f317d","16305399","1672497623","2022-12-31 14:40:23","Bought","0x6de9caeeed8daeab5b8ffca7dd92eaca4b9a3b19","BoredApeYachtClub","6152","721","1","61.88 ETH ($73,946.60)","X2Y2"
"0x9964d898894b7b998565d04afc28222ecf0f5eedfe563c622fee46bde53b6354","16305498","1672498811","2022-12-31 15:00:11","Bought","0x05cc8207b7d12840039346b82b4771589cfae022","BoredApeYachtClub","1659","721","1","61.75 ETH ($73,791.25)","X2Y2"
"0x709ee28c88010307d2bd7aa037304f6b4f37d244e8502781c31120de4e3ad515","16305735","1672501667","2022-12-31 15:47:47","Bought","0x6d0267156f1c6ce44caa4bf129b76009d3d41830","BoredApeYachtClub","8212","721","1","69.25 ETH ($82,753.75)","X2Y2"
"0x358e2c34a5d5f44e7f48d3e694aa66b9dfbf25304cf9b56f980e00d561573927","16306354","1672509119","2022-12-31 17:51:59","Bought","0xfc46d2ad208a5c06f56cbb5e90f2861b178ea830","BoredApeYachtClub","2725","721","1","71 ETH ($84,845.00)","X2Y2"
"0x51f3a1fa2f1f0682b039b417521a1617b35ea2d9a628a143d8a0174e507e133d","16306597","1672512035","2022-12-31 18:40:35","Bought","0xdfd338e79c71bfd3462769ac52f5475ce070f781","BoredApeYachtClub","2819","721","1","73 ETH ($87,235.00)","X2Y2"
"0xd5e15238e30fefd3e007b099d4f6ccf966ae76319ff68284f314f66cf1e3614f","16306636","1672512503","2022-12-31 18:48:23","Bought","0x650cb07f997022c1c7a3ba6612bffee8ffd101fb","BoredApeYachtClub","9106","721","1","72.4321 ETH ($86,556.36)","Blur"
"0x238140dd85be68a121f728071f0e4147006f06b20f5913e2b64796b253a0e194","16306786","1672514315","2022-12-31 19:18:35","Bought","0x57a1f2f155f2efe6bce6272acd083eabfe75de1c","BoredApeYachtClub","4687","721","1","100 ETH ($119,500.00)","X2Y2"
"0x7f39fa663722f55beaf6cdebe50589c26ffdd36e765f521c1655d6b2310bde98","16307049","1672517483","2022-12-31 20:11:23","Bought","0xbe1db1dc16341f7ed608753d94583c458ff4098f","BoredApeYachtClub","3182","721","1","70.06 WETH ($83,721.70)","OpenSea"
"0x274db42a34134a0dde97cfe11d129ba3e257d0d95f8b3ef3d536883e9a9875cc","16307221","1672519547","2022-12-31 20:45:47","Bought","0xed2ab4948ba6a909a7751dec4f34f303eb8c7236","BoredApeYachtClub","3182","721","1","70.061 ETH ($83,722.90)","X2Y2"
"0xeda4eba601d9a36e440eb57b736eb78ec5238fbd22180135651407c2e3c74fbd","16307260","1672520015","2022-12-31 20:53:35","Bought","0xbe1db1dc16341f7ed608753d94583c458ff4098f","BoredApeYachtClub","3182","721","1","70.059 ETH ($83,720.51)","X2Y2"
"0x2f322e1cd4c6abbfa21ef3ccbde5f2d881657fe9cacd39121419227bc2490099","16307663","1672524851","2022-12-31 22:14:11","Bought","0x2c45eebbda13df4d32f250fee9627e1e992c3142","BoredApeYachtClub","5172","721","1","71 WETH ($84,845.00)","LooksRare"
