"Txn Hash","Blockno","UnixTimestamp","DateTime (UTC)","Action","Buyer","NFT","Token ID","Type","Quantity","Price","Market"
"0xb5bee78d7980c20808a6db8ae2c33ed3adbdd8147563322071cb730d2749e87d","15655584","1664654891","2022-10-01 20:08:11","Bought","0x269351f7ca1717ab6ef0df83f0ffd1a4024179ea","BoredApeYachtClub","8585","721","1","777 ETH ($1,019,268.60)","OpenSea"
"0xba0b161dbe81c9431d4cb19dc08e9957c0176aca1168fb5d7b1a23189b37be7d","15656392","1664664707","2022-10-01 22:51:47","Bought","0x6cfdad0772edc2ea15076a9706ec7c1f0a791ac1","BoredApeYachtClub","5078","721","1","76.5 ETH ($100,352.70)","X2Y2"
"0x21b65fa68f9a0e34f81271a0b54fe9925f5ae872ae89cdb8b53c70651bdc8fa8","15656605","1664667275","2022-10-01 23:34:35","Bought","0x2a01105c6105f2ff0d49b68b30a6ed4d1be0fef2","BoredApeYachtClub","5078","721","1","77.125 ETH ($101,172.58)","X2Y2"
"0x9df5652d91333547142a46e36f80636874632a99b1e85055c4d9f3d8342e747f","15656849","1664670227","2022-10-02 00:23:47","Bid Won","0x17331428346e388f32013e6bec0aba29303857fd","BoredApeYachtClub","9646","721","1","75.5 WETH ($96,390.10)","LooksRare"
"0x9d7f2454a4be7de532e0e97c45112ff7e63ea0efb239fc40c98c7c0408849494","15657511","1664678183","2022-10-02 02:36:23","Bought","0x9524b86e777c0c6e1e1afe0bb8bf931a5b81386c","BoredApeYachtClub","2024","721","1","144 ETH ($183,843.36)","X2Y2"
"0xfc2d7234bfb909fd46bea96332afe1b904f1c353533a0c84e1216fe39e04dd6e","15658356","1664688359","2022-10-02 05:25:59","Bought","0xf2450d1e606117ed6f149a63e908149e6bfe6355","BoredApeYachtClub","6875","721","1","86 ETH ($109,795.34)","OpenSea"
"0x7311b7dfe14f47e61ab72ca7072dff14c91d3d7229ab7df4bb896b3f8a853702","15659612","1664703479","2022-10-02 09:37:59","Bought","0x50e00ae08678ebd16b79b84439defa046f18eb76","BoredApeYachtClub","3832","721","1","72.99 ETH ($93,185.60)","OpenSea"
"0xf2536689e6cbded080c58e6dd5d9f73fa189dedb3121227290b773223acfcf5c","15661495","1664726123","2022-10-02 15:55:23","Bought","0x6cfdad0772edc2ea15076a9706ec7c1f0a791ac1","BoredApeYachtClub","8867","721","1","73.5 ETH ($93,836.72)","X2Y2"
"0xeba992585f9c08c0b9372274294a4f507ab7813cf517894c5220e2ec773eafc6","15664644","1664764091","2022-10-03 02:28:11","Bought","0xc9a4fe3da7fb38e57fa14b273f05f190b535e395","BoredApeYachtClub","8668","721","1","85 ETH ($112,482.20)","OpenSea"
"0x603ded2a143b6ef5b7a08d980a5386f8b5384b5904d1a7cfba76b63a817ecede","15667047","1664793119","2022-10-03 10:31:59","Bought","0xaf0f4479af9df756b9b2c69b463214b9a3346443","BoredApeYachtClub","8345","721","1","68.010000000000005115 WETH ($89,998.99)","OpenSea"
"0x0462769c6e529dd37306b7eadcb4102ca243a0944d1afe3170724bed47013471","15669993","1664828711","2022-10-03 20:25:11","Bought","0x30029eb13ba3be4296f63f188420386954bd0f91","BoredApeYachtClub","5163","721","1","112 ETH ($148,211.84)","X2Y2"
"0xbb28765bca16d06b86542453784162fe95d2f2b884637f2ebbfe03a47849f02b","15670162","1664830739","2022-10-03 20:58:59","Bought","0xa7078ddf23d29e9d6e54e34909cd2ac1b33a67c5","BoredApeYachtClub","9010","721","1","81.99 ETH ($108,499.01)","OpenSea"
"0xa539d52e9f699f8db70063a38644eacb0af652388d488751da231824da055d08","15675411","1664894267","2022-10-04 14:37:47","Bought","0xa7078ddf23d29e9d6e54e34909cd2ac1b33a67c5","BoredApeYachtClub","3686","721","1","84 ETH ($114,399.60)","OpenSea"
"0xea4119670b5a8d32d58f99bbb0730bbea1d1602ebc282b5157d4808a026b82bb","15677014","1664913611","2022-10-04 20:00:11","Bought","0x9524b86e777c0c6e1e1afe0bb8bf931a5b81386c","BoredApeYachtClub","7985","721","1","150 ETH ($204,285.00)","X2Y2"
"0xbee831099fa34d6839b4b8c05a31d5d7cb891e85a5b76d69b48cab3ea0a38988","15677979","1664925383","2022-10-04 23:16:23","Bought","0xd9d7046933bd3d0a3e869959ef95e4c41522c1bf","BoredApeYachtClub","9576","721","1","91.5 ETH ($124,613.85)","X2Y2"
"0xc19dea95e5b58d0de7630702704c9fe363bf04c604c27733d580d2f3356dd3fc","15678241","1664928563","2022-10-05 00:09:23","Bought","0xa7078ddf23d29e9d6e54e34909cd2ac1b33a67c5","BoredApeYachtClub","6556","721","1","82 ETH ($110,900.08)","X2Y2"
"0xb2251b99bf1d7f61d580d66cc0b47754cbdf6926423c925312c3adcd593121bc","15679611","1664945195","2022-10-05 04:46:35","Bought","0xe7188e83739c7fc1617bf98209e932471a5849b8","BoredApeYachtClub","6402","721","1","100.2 WETH ($135,514.49)","OpenSea"
"0xf7b4861cb5b745439978155d562d96a4c747f77bc744a399374f3105bade585d","15682218","1664976731","2022-10-05 13:32:11","Bought","0xf1aabd530c11eb9385e790d98ebb2b793a3d8165","BoredApeYachtClub","7235","721","1","73 WETH ($98,728.12)","OpenSea"
"0x83de762a9f316f5dfba423d937cfd7e58b5b71fe8cdc3ad01b5adeacd61ce532","15682830","1664984111","2022-10-05 15:35:11","Bought","0x6d0267156f1c6ce44caa4bf129b76009d3d41830","BoredApeYachtClub","3832","721","1","72.75 ETH ($98,390.01)","X2Y2"
"0xff8a00100f5723f83ec7c7968203a93dd4995c87a2a462d842d12699eb8f4731","15684675","1665006347","2022-10-05 21:45:47","Bought","0x6b94cc371dd13ec92d6123c37d76e8624ae9d36a","BoredApeYachtClub","1546","721","1","77 ETH ($104,137.88)","X2Y2"
"0xafea60397fc2f82b8a88f0b1683ba8bfd775c0b7e13da0a24c2e100d3db68428","15684911","1665009191","2022-10-05 22:33:11","Bought","0xe5dfedcaadf4df48f2fcc56663b89ed0ad73da3e","BoredApeYachtClub","2217","721","1","76 ETH ($102,785.44)","X2Y2"
"0x0bca273106e75c74f836de11e0b8657eb211ba3e1abe3aff0ab8dfba9fa3bbf6","15685145","1665012011","2022-10-05 23:20:11","Bought","0xf07f1539db1518f80c7e673f996e230a617239d6","BoredApeYachtClub","4317","721","1","80 ETH ($108,195.20)","X2Y2"
"0x00c55af5c1e268975f980647ba580e6f35f1e5dce1533e736d41e8a0861ca2bb","15685712","1665018851","2022-10-06 01:14:11","Bought","0x8bbabe07f6b87264b1e63d6c03b10ecd8310d5e3","BoredApeYachtClub","2665","721","1","107 ETH ($144,706.80)","X2Y2"
"0x4d47350cc0912e292fb399c84d238156a1097c3589ca2bc47acb829989b97739","15685968","1665021959","2022-10-06 02:05:59","Bought","0xb7c933cbdacb223a62d1b4e904462bc597e04f83","BoredApeYachtClub","8927","721","1","75 ETH ($101,430.00)","OpenSea"
"0xc78440443e2dc07c49c7ad75d783dcd2965ad70ff35e962d18a5c0fcda1a5463","15687026","1665034691","2022-10-06 05:38:11","Bought","0x5fa7649d3fd2d6c1f973b9668e5bd17694bca664","BoredApeYachtClub","2669","721","1","80 WETH ($108,192.00)","OpenSea"
"0xbfc7b5d5528d1d73698c922199315440d37664208b053228ed0caca9d1c75a55","15688916","1665057551","2022-10-06 11:59:11","Bought","0xed2ab4948ba6a909a7751dec4f34f303eb8c7236","BoredApeYachtClub","9873","721","1","72.072 WETH ($97,470.17)","OpenSea"
"0xb0813a2020ab30a683e5f98875928a0043e4d24b74226c0c0f39735a2dcc96de","15689452","1665064031","2022-10-06 13:47:11","Bought","0xf07f1539db1518f80c7e673f996e230a617239d6","BoredApeYachtClub","6567","721","1","190 ETH ($256,956.00)","X2Y2"
"0x47d54f67af8b8d960c1a1d2d52a26586a2870298068d38d441a0f678bc937092","15689470","1665064259","2022-10-06 13:50:59","Bought","0x50d922255318e03f803ae1dd85755e17df2afec8","BoredApeYachtClub","7378","721","1","78 WETH ($105,487.20)","OpenSea"
"0x1e94ae028b4b9046dc633230514a1e6951bc29cdaf0f56ff80429c36dbed507f","15692222","1665097439","2022-10-06 23:03:59","Bought","0xf07f1539db1518f80c7e673f996e230a617239d6","BoredApeYachtClub","9611","721","1","74 ETH ($100,077.60)","X2Y2"
"0xd7193767a18a1fd1263591abd284609b2b3dc8a8fd9d906c47a3fa51c55a862d","15695932","1665142127","2022-10-07 11:28:47","Bought","0x8edc2d0d6d89e00345bcb5c756619319af7c4df8","BoredApeYachtClub","4152","721","1","84.975 ETH ($113,113.62)","OpenSea"
"0x4af6d446605c60c0bda88e5f7309b295023d6dfa4fe52544109cb9e0ebeba53d","15696398","1665147803","2022-10-07 13:03:23","Bought","0xd00c66f16e00f990c85bbd76b3118878b904bef7","BoredApeYachtClub","603","721","1","72.1 WETH ($95,975.19)","OpenSea"
"0x09bb77ad63c7464a38f2c5e0e5c7b4eebc9e2cdcd2bf628461721fbb09ade2ed","15697386","1665159863","2022-10-07 16:24:23","Bought","0x15c0f2ebfee4592f21ae2777036111144439de06","BoredApeYachtClub","1800","721","1","84.5 ETH ($112,481.33)","OpenSea"
"0x40559f993164393837756b9cdf7819fc6c1ad7f1932a40f8e1172dc170772fed","15702140","1665217259","2022-10-08 08:20:59","Bought","0xd3dc20a85f637cceeb95e0d6f6bbb757e73e236b","BoredApeYachtClub","755","721","1","63.3 WETH ($83,269.25)","LooksRare"
"0xf1ceaa285c28fbeac4ab8df829be6a555e28d73c3a7b51f1ad742b49dd981f6f","15702155","1665217439","2022-10-08 08:23:59","Bought","0xed2ab4948ba6a909a7751dec4f34f303eb8c7236","BoredApeYachtClub","6567","721","1","63 WETH ($82,874.61)","LooksRare"
"0xa07a0e03d9b803f30477af71697425e7e8b022728dfb545f8710521d2d42198b","15702160","1665217499","2022-10-08 08:24:59","Bought","0x892e1bd0cc3fa40eac995c6e73e386c420565f42","BoredApeYachtClub","8761","721","1","65 WETH ($85,505.55)","LooksRare"
"0xc77c9208a4cce8c2096aecb3db755b37a4a641964103bef360f6c26fd08376fe","15702220","1665218231","2022-10-08 08:37:11","Bought","0x2448247e25220ac04a9048ac563c5edd5b5644ce","BoredApeYachtClub","8274","721","1","80 ETH ($105,237.60)","OpenSea"
"0xccd6a80350e307fca0b29d636aa283080d79cd6fc27ea09a3791db7a9bd656b7","15702306","1665219275","2022-10-08 08:54:35","Bought","0xd138dac26f780c6e8b28931f3e05b53184624184","BoredApeYachtClub","2951","721","1","71.5 WETH ($94,056.11)","OpenSea"
"0xdc7e66df48b9173035d467d0085976d23eabac0df04d6c4f9ef7ab33a6380807","15702309","1665219311","2022-10-08 08:55:11","Bought","0x9d85ab3bbf6b5c6b1c6a127235edcf6acf2bb19e","BoredApeYachtClub","4317","721","1","70.11 WETH ($92,227.60)","OpenSea"
"0x41316622cdd21453ee3e77597c814b215e8366a39714b6a1ade3713cd15feecd","15702314","1665219371","2022-10-08 08:56:11","Bid Won","0x2448247e25220ac04a9048ac563c5edd5b5644ce","BoredApeYachtClub","8761","721","1","88 WETH ($115,761.36)","LooksRare"
"0x8258f5e911705994784b80835418858c0f3e356e68066f7321cd3d2f26948616","15702390","1665220283","2022-10-08 09:11:23","Bought","0x380ffedd688953934f18a57321ca2b7814d95da5","BoredApeYachtClub","6567","721","1","63 ETH ($82,874.61)","X2Y2"
"0x07a6c605c9694a6cb116dae2595e781824f4f50098801fb5932a0d867cab9f75","15702406","1665220475","2022-10-08 09:14:35","Bought","0x380ffedd688953934f18a57321ca2b7814d95da5","BoredApeYachtClub","8761","721","1","88.5 ETH ($116,419.10)","X2Y2"
"0x5bee09f00a2808dececbbf66300504b92922fa4c015ee45440961d5f3ec10a9e","15702420","1665220643","2022-10-08 09:17:23","Bought","0x380ffedd688953934f18a57321ca2b7814d95da5","BoredApeYachtClub","8274","721","1","80.5 ETH ($105,895.34)","X2Y2"
"0x3b59f89b2295f3ffcd65bfec40674966fa99a48238b2ba979336e98238d3a516","15702674","1665223703","2022-10-08 10:08:23","Bought","0x50e00ae08678ebd16b79b84439defa046f18eb76","BoredApeYachtClub","9611","721","1","61.8 WETH ($81,296.05)","LooksRare"
"0xa2f663299683e7ef33d01d2aafa3370d00b399d44c686d73e168cd595da44dc8","15703668","1665235655","2022-10-08 13:27:35","Bought","0x7fed396e60cb8672b523e0d5c179136998a810b2","BoredApeYachtClub","755","721","1","80 ETH ($105,237.60)","OpenSea"
"0xbf842357cef9f7772ad997bfaf30cb83a551d2d38d8a405b6dbcd63e6262cded","15705413","1665256715","2022-10-08 19:18:35","Bought","0xf533a9a5bddf9d79801468d7078584d94eb316cd","BoredApeYachtClub","8872","721","1","76 ETH ($99,975.72)","OpenSea"
"0x4b34f6b4d6552044f3a1e0fd8416fae64b116d6931ca1b11553d95c927240e45","15707048","1665276407","2022-10-09 00:46:47","Bought","0xa7078ddf23d29e9d6e54e34909cd2ac1b33a67c5","BoredApeYachtClub","4144","721","1","82 ETH ($108,519.62)","X2Y2"
"0x45af6e0548580df5779eb31e99334ba6a0f10cb00a682b13ff5a572cd2dc4c60","15711262","1665327263","2022-10-09 14:54:23","Bought","0x454fe080f690af381c66a24e69963afbd56b69df","BoredApeYachtClub","813","721","1","67 WETH ($88,668.47)","OpenSea"
"0x99c207d12011dcdc90a2a5a408e746670102351761110da1525874b1fea8284d","15711770","1665333383","2022-10-09 16:36:23","Bought","0x83664b8a83b9845ac7b177df86d0f5bf3b7739ad","BoredApeYachtClub","6148","721","1","82.8888 ETH ($109,695.87)","OpenSea"
"0x18c7344268eb6c7abd602734b91faefc4e599fe989e60ebc4ddf7b674b93306e","15713470","1665353879","2022-10-09 22:17:59","Bought","0xa69494a12973002c2fec0ad0c49f426af3e13cac","BoredApeYachtClub","4291","721","1","79 WETH ($104,549.39)","OpenSea"
"0xc19755865340a4d681903ad55124e1e6c42175999cff81201c1d35a5331a67a1","15713783","1665357659","2022-10-09 23:20:59","Bought","0x6cfdad0772edc2ea15076a9706ec7c1f0a791ac1","BoredApeYachtClub","2580","721","1","71.5 ETH ($94,623.82)","X2Y2"
"0x1966727d37757a06f90dd40172983ffcd0d23e4377d34dabc7ea9b835cf3d808","15713789","1665357731","2022-10-09 23:22:11","Bought","0x7e9f74ecfa5054b8672db762a2cb977379f33628","BoredApeYachtClub","8345","721","1","77.85 ETH ($103,027.47)","OpenSea"
"0x8edde1dcf5e667ccf867e0a42ab9c0a2d009af21b2f110de891d366385ca2a9c","15714175","1665362387","2022-10-10 00:39:47","Bought","0x24278f2643e90b56a519aef6e612d91dca5257d1","BoredApeYachtClub","2580","721","1","73.69 ETH ($95,063.05)","X2Y2"
"0x58d9092831b261a4fd59cd2a8dd6d07b05ec05f94eb95a1f8312c8cfb9ebf305","15717503","1665402491","2022-10-10 11:48:11","Bought","0x87bc2f2ba8c83f412fed5c3151de0ffbdc959984","BoredApeYachtClub","4871","721","1","86 ETH ($110,943.44)","OpenSea"
"0xaa0fa8bb8ead88f1c1ea760d52e14f44de6a5cbd59c099ec69a4343009e07381","15717954","1665407939","2022-10-10 13:18:59","Bought","0xa7078ddf23d29e9d6e54e34909cd2ac1b33a67c5","BoredApeYachtClub","603","721","1","80 ETH ($103,203.20)","X2Y2"
"0x229f72afa3e1750443e358f8c5ef5a37d19344ebd3918edc1e19be17f1a8db29","15717994","1665408419","2022-10-10 13:26:59","Bought","0x7e9f74ecfa5054b8672db762a2cb977379f33628","BoredApeYachtClub","8046","721","1","74 WETH ($95,462.96)","OpenSea"
"0xcdbac9678e1ad51036c308c68fd1b7917f9ed537b51ae81328ff9e183df713ca","15718958","1665420083","2022-10-10 16:41:23","Bought","0x543ecff492b72d041ca1bcb142b749612c9a4dcf","BoredApeYachtClub","7991","721","1","85 ETH ($109,653.40)","OpenSea"
"0xe90800a8bfad5fb980406075880e14141aefcb53e4c27631aa452baf09a180af","15719234","1665423419","2022-10-10 17:36:59","Bought","0x19fffb371b95574df860e90b6a5b69256629b585","BoredApeYachtClub","8124","721","1","75.75 ETH ($97,720.53)","X2Y2"
"0xcc07fdb22dac93efd1cd46665d0be870faeed5bb8c98d06d668affc2a8736f51","15723332","1665472775","2022-10-11 07:19:35","Bought","0xc9ff792d842ce164478d810437834725e4aa330e","BoredApeYachtClub","7018","721","1","109 ETH ($139,497.11)","X2Y2"
"0x8510504d3b7e2a0e675ca04f9d8b28924ea80ea76c796af498f069d05bafe451","15725766","1665502127","2022-10-11 15:28:47","Bought","0xcf2e155ff157494de3248ddc41cc8fda936d6040","BoredApeYachtClub","9518","721","1","100 ETH ($127,979.00)","X2Y2"
"0x5c55503e16b0f9dbd015f684ef7ee9fc998b9590d80b0a1d3baffec27b736012","15725930","1665504095","2022-10-11 16:01:35","Bought","0x380ffedd688953934f18a57321ca2b7814d95da5","BoredApeYachtClub","4317","721","1","70.11 ETH ($89,726.08)","X2Y2"
"0xb348859c433b4beb72cf597f6ce36bc41c93d1d711479a8229f0345edf672c13","15725955","1665504395","2022-10-11 16:06:35","Bought","0x380ffedd688953934f18a57321ca2b7814d95da5","BoredApeYachtClub","2951","721","1","71.5 ETH ($91,504.99)","X2Y2"
"0xf29a3ad7327eecd2626a6371705f2bf8366d0903042b4050dd47f59c589000d9","15726461","1665510527","2022-10-11 17:48:47","Bought","0xaeaee46b9ad8e1e213cf6d73b7b31ab19a2bb9be","BoredApeYachtClub","1962","721","1","75.0075 WETH ($95,993.85)","OpenSea"
"0x2c9cf31682adc2af381f7a068098189ff1443c374aac4a0c3ce59684c2e6095a","15726523","1665511283","2022-10-11 18:01:23","Bought","0xd00c66f16e00f990c85bbd76b3118878b904bef7","BoredApeYachtClub","8668","721","1","71.5 WETH ($91,504.99)","OpenSea"
"0x4da1dee1cfb6ee4a559a40ef31f949a6dd9146f6763638b8b82d2c0d538e9ed0","15726606","1665512279","2022-10-11 18:17:59","Bought","0xd8221df2b194f12f1328c2e62eeb8e70ba091e22","BoredApeYachtClub","4997","721","1","71.15 WETH ($91,057.06)","OpenSea"
"0x1f5357fa74efb431a838b22cf5d4f41f5d9e47fec88471b9efe11dc10a6dbec5","15726779","1665514379","2022-10-11 18:52:59","Bought","0x7e9f74ecfa5054b8672db762a2cb977379f33628","BoredApeYachtClub","4473","721","1","74 WETH ($94,704.46)","OpenSea"
"0xf1a7c4926832dcd377c62d1d7137fa26eb7dfccdb630b622c10c28ef40089f65","15726896","1665515795","2022-10-11 19:16:35","Bought","0x355d9ae5e1280dae29442f250da325a0f7d5545e","BoredApeYachtClub","4913","721","1","75 ETH ($95,984.25)","X2Y2"
"0x009943b9f2f797cf3ec834b72b3006ce2e7aede2dcf82e4a240e236a78026e64","15727537","1665523499","2022-10-11 21:24:59","Bought","0x7fc9743d7aef4ad2705b405f5ae46f595cd44860","BoredApeYachtClub","1962","721","1","83.9 ETH ($107,374.38)","X2Y2"
"0xcf89eb1621d5ec3c1bf662a683a7d698441927f3b4b2fd5037f6f46f9fb20585","15728240","1665531995","2022-10-11 23:46:35","Bought","0xed2ab4948ba6a909a7751dec4f34f303eb8c7236","BoredApeYachtClub","1398","721","1","70.7 WETH ($90,481.15)","OpenSea"
"0xa2634ca6eb4cc8341a901a282580f702a2873c55a0b3d2b1ab7ef672cf96df29","15728720","1665537779","2022-10-12 01:22:59","Bought","0x7ce450c2974746e3d21b13cb05d253e6fd56f6bd","BoredApeYachtClub","1697","721","1","74 ETH ($95,777.46)","OpenSea"
"0xe2decb1163376265ccc98c025a3bb68bda52b9cb2ff3f88c7e504df1b1ac2080","15729055","1665541811","2022-10-12 02:30:11","Bought","0x24278f2643e90b56a519aef6e612d91dca5257d1","BoredApeYachtClub","4997","721","1","71.26 ETH ($92,231.11)","X2Y2"
"0xbdc00e034b4722299fd24e02167ffb157b9eaea02e4254211454c1a239510d46","15729062","1665541895","2022-10-12 02:31:35","Bought","0xed2ab4948ba6a909a7751dec4f34f303eb8c7236","BoredApeYachtClub","9706","721","1","71 ETH ($91,894.59)","X2Y2"
"0x1a034ae29c242292c9fc407a8d20b1f3fa8ca06e034995c0fb39e0717c0b66c7","15729148","1665542939","2022-10-12 02:48:59","Bought","0x4ab7ea50930b28b6a5d60879e8705fab67d36722","BoredApeYachtClub","1398","721","1","74 ETH ($95,777.46)","X2Y2"
"0xb00791c0ba7b5679af69698bc2c74c6b7c5854d5f0fc5c80a074a37af1c3ffb8","15729917","1665552227","2022-10-12 05:23:47","Bought","0xd9d7046933bd3d0a3e869959ef95e4c41522c1bf","BoredApeYachtClub","4096","721","1","80 ETH ($103,543.20)","OpenSea"
"0x56b11f5c68165d968ca147b7c398075862f366abd81faeb15da95c685d4685f0","15730114","1665554591","2022-10-12 06:03:11","Bought","0xdfd143ae8592e8e3c13aa3e401f72e1ca7deaed0","BoredApeYachtClub","4590","721","1","78.42 ETH ($101,498.22)","OpenSea"
"0xdee914e1e69d74055c18de6bef1d38290c805456cfa3277855b4b58f0da8ff2b","15731457","1665570767","2022-10-12 10:32:47","Bought","0xc4e866cf9dfa2c1b827c671dee36365f8189a6b0","BoredApeYachtClub","7717","721","1","71.11 WETH ($92,036.96)","OpenSea"
"0x2917f793cad720f6807ecc06d646d394e097fdc82c522dfa82737bdda3be82ba","15731829","1665575255","2022-10-12 11:47:35","Bought","0xc4e866cf9dfa2c1b827c671dee36365f8189a6b0","BoredApeYachtClub","2416","721","1","70.3 WETH ($90,988.59)","OpenSea"
"0xa139231454fd021dd227a94fff6a1b6260890bb95e5f5bf8517af36e228575e6","15733049","1665590027","2022-10-12 15:53:47","Bought","0xa52899a1a8195c3eef30e0b08658705250e154ae","BoredApeYachtClub","1377","721","1","72 ETH ($93,188.88)","OpenSea"
"0x84fc5c2542174784c34f62b8b834894a8642af504032307f279b2ae283deb8c9","15733534","1665595871","2022-10-12 17:31:11","Bought","0x6cfdad0772edc2ea15076a9706ec7c1f0a791ac1","BoredApeYachtClub","918","721","1","70.5 ETH ($91,247.45)","X2Y2"
"0x1885792731e90f4dc85ffd93c402f3169e9f3b8a0ea0ee7ebd957fd0a8cb5a5c","15734672","1665609599","2022-10-12 21:19:59","Bought","0xa7078ddf23d29e9d6e54e34909cd2ac1b33a67c5","BoredApeYachtClub","7133","721","1","87.5 ETH ($113,250.38)","X2Y2"
"0x73516540e16b38499955f10c890a6e068c6e4e8cae9fd3e7d2bd55fbf87c262c","15735165","1665615527","2022-10-12 22:58:47","Bought","0xed2ab4948ba6a909a7751dec4f34f303eb8c7236","BoredApeYachtClub","1051","721","1","69.69 WETH ($90,199.07)","OpenSea"
"0x9022b3694584366ed163bc3ac697893ce86d0b0218b0b52bc3b5000d0a30a207","15735930","1665624731","2022-10-13 01:32:11","Bought","0x5f189c6a0e1f4106cf09f8736d341da300b79fa9","BoredApeYachtClub","3279","721","1","76 ETH ($97,850.76)","X2Y2"
"0xaab0eee4de15e2ae616f4ac5be449751aa6bf7a725bfdaddf18027d1a37f8f82","15736101","1665626795","2022-10-13 02:06:35","Bought","0x19fffb371b95574df860e90b6a5b69256629b585","BoredApeYachtClub","4871","721","1","81.5 ETH ($104,932.07)","X2Y2"
"0x12bdf41558c5fd79a8da1fc30dfcc06a37021691bb4f6b4560eb829448b5d8b1","15736107","1665626867","2022-10-13 02:07:47","Bought","0x87bc2f2ba8c83f412fed5c3151de0ffbdc959984","BoredApeYachtClub","3270","721","1","89 ETH ($114,588.39)","X2Y2"
"0xf162c3f1bf50882feb0b70ffdda589b7a91308320c21389172dd3b53abf1808f","15737190","1665639899","2022-10-13 05:44:59","Bought","0x05a9f1b917f54e3c3b4d28789472566435022642","BoredApeYachtClub","8683","721","1","80 WETH ($103,000.80)","OpenSea"
"0x16ea1108717f736bbd9e7917aa328f7f89f8c8adf09bea0753ecfb5328ceadb7","15737196","1665639971","2022-10-13 05:46:11","Bought","0xd9adfc200d43ac5b7244edf1546a3ed08d374e99","BoredApeYachtClub","956","721","1","74 ETH ($95,275.74)","X2Y2"
"0x09e17cfb5b55e8cdf71cc001feec8187c7eac52c79a098539e716225d8f46297","15738029","1665650027","2022-10-13 08:33:47","Bought","0x1d1d21b9418ec94d114c69c5d915834cd7fbad07","BoredApeYachtClub","7963","721","1","77.8 ETH ($100,168.28)","X2Y2"
"0x4ce702cfc4c8f079c9d1e75036a42673df9b47441cafe4a1634c1edfc6ba6db7","15739470","1665667403","2022-10-13 13:23:23","Bought","0xed2ab4948ba6a909a7751dec4f34f303eb8c7236","BoredApeYachtClub","6920","721","1","71.71 WETH ($92,327.34)","OpenSea"
"0xd31f9730e38114f052ebf1d996759d4eca2bf2c1d976178116da5274d45811c3","15739473","1665667439","2022-10-13 13:23:59","Bought","0xd138dac26f780c6e8b28931f3e05b53184624184","BoredApeYachtClub","4589","721","1","69.99 ETH ($90,112.82)","OpenSea"
"0x4bbeb8f26ecc70651ace851fd4062851355cc099f20febb2087fdfb58a620bf2","15741783","1665695423","2022-10-13 21:10:23","Bought","0x7e9f74ecfa5054b8672db762a2cb977379f33628","BoredApeYachtClub","2478","721","1","71.6 WETH ($92,185.72)","OpenSea"
"0x5378e8aa0ee6997df4e91d644a459d7f251ca9ea4d94d7a7897c6c8419dfa635","15741870","1665696491","2022-10-13 21:28:11","Bought","0x6cfdad0772edc2ea15076a9706ec7c1f0a791ac1","BoredApeYachtClub","2093","721","1","70.3 ETH ($90,511.95)","X2Y2"
"0x716e8c4e5d16e6ba5b363509e85b77710e24e79c3c992bae48e0c17175c6a0c1","15741941","1665697343","2022-10-13 21:42:23","Bought","0xed2ab4948ba6a909a7751dec4f34f303eb8c7236","BoredApeYachtClub","7378","721","1","75 ETH ($96,563.25)","OpenSea"
"0xcbefee631c265f31587a03a09531e3421c30b43484b7dc00a80adc3efc049b41","15741978","1665697787","2022-10-13 21:49:47","Bought","0xc4e866cf9dfa2c1b827c671dee36365f8189a6b0","BoredApeYachtClub","9399","721","1","71.55 WETH ($92,121.34)","OpenSea"
"0x758156a249871a1a0567abe903fa1194c7c7b5c771a0ecca5d9fbb2b13032041","15741985","1665697871","2022-10-13 21:51:11","Bought","0xfbc42b6d570e9e9f14a1bf0a39c85ad2b8f03ba5","BoredApeYachtClub","9140","721","1","71.5 WETH ($92,056.97)","OpenSea"
"0x802624f867be023e9f79e4c6c139972779e512d27191f8ff117310198cbd4f6d","15741988","1665697907","2022-10-13 21:51:47","Bought","0x1e218a3795479f1a9f0156f6e136db6f1613f7d8","BoredApeYachtClub","5626","721","1","71.23 WETH ($91,709.34)","OpenSea"
"0xda40226350182415196de5a241a17d2913900277a21a1f4f7dd9f6201c171182","15742077","1665698975","2022-10-13 22:09:35","Bought","0xed2ab4948ba6a909a7751dec4f34f303eb8c7236","BoredApeYachtClub","2093","721","1","73 ETH ($93,988.23)","X2Y2"
"0xe4df3b9624d2212b4c0de6eaa41223f3236bbd1f2de9ebc64a93019e9216056a","15742573","1665704951","2022-10-13 23:49:11","Bought","0xe51416ef43f4820aaa2b36ddd9cfe1278106190f","BoredApeYachtClub","2200","721","1","77 ETH ($99,138.27)","X2Y2"
"0x28ab6064d1c4af2cd8d351fcb0ab9519a0f88465f11ab492368288b17888ed4e","15745730","1665743087","2022-10-14 10:24:47","Bought","0xde3b81bce794f0031292431bd029df68931c030e","BoredApeYachtClub","4788","721","1","76 ETH ($98,543.88)","OpenSea"
"0x090da1149a9c27853f87e7d4f38fa23e3daebb54262220a3f0cdc59fa9da57b4","15746441","1665751619","2022-10-14 12:46:59","Bought","0x9648daa10d2692f5279f99d44ecfb3925e86f45f","BoredApeYachtClub","1286","721","1","80 ETH ($103,730.40)","OpenSea"
"0xb18ee7ac449dee4680e8d56185b661b35acadb6c7cbfe03ef70ff3430f17a391","15747087","1665759419","2022-10-14 14:56:59","Bought","0x26206caca89d7047dad7e3a15f18f0614a4b82d2","BoredApeYachtClub","3942","721","1","140 ETH ($181,528.20)","X2Y2"
"0xa2dcf8eb092c7937995d1f82cd5a751335c41d9549dcf971b49f99d5885bb235","15747614","1665765779","2022-10-14 16:42:59","Bid Won","0x0bfff40545a2250c3f11993e7b75dbbcb11e36ac","BoredApeYachtClub","7634","721","1","81 WETH ($105,027.03)","LooksRare"
"0xfd4f19fd18ac541c3f84f404af06056d979f31650eca531f53b4fd7efb81b63e","15748223","1665773123","2022-10-14 18:45:23","Bought","0x2448247e25220ac04a9048ac563c5edd5b5644ce","BoredApeYachtClub","3211","721","1","72 ETH ($93,357.36)","X2Y2"
"0x4ff9ccc5d59cb22b2997d5ba85de8a58f3b232b7921733541d672b203412dbc8","15748274","1665773735","2022-10-14 18:55:35","Bought","0xa7078ddf23d29e9d6e54e34909cd2ac1b33a67c5","BoredApeYachtClub","4942","721","1","70.6 WETH ($91,542.08)","OpenSea"
"0xb2a919327a50292f549fddb0dec53de808971575ce3d236db604efe0d094aa29","15749897","1665793295","2022-10-15 00:21:35","Bought","0x61a21189e0fef98eed5abe0b8ef04398c110f5b6","BoredApeYachtClub","4942","721","1","72.79 ETH ($92,800.70)","X2Y2"
"0xa683829cd4f7dd39559c47fd36db6487c600a3a16b066482531c8dfbec6f140a","15750390","1665799235","2022-10-15 02:00:35","Bought","0x24da20c1f6813e4949c9dd5423b0814da1e44e16","BoredApeYachtClub","6227","721","1","72.69 WETH ($92,673.21)","OpenSea"
"0x574c1516edf93a7f2cb2c4193ecd89100fa5bebda1236cdfcc3d7c0ae60602fa","15752048","1665819191","2022-10-15 07:33:11","Bought","0xbc1934f548417f79ab10138b57716fbc7c25c177","BoredApeYachtClub","5626","721","1","73.5 ETH ($93,705.89)","X2Y2"
"0x329c58ae52c918631c985349b8a406263ecec353468822fb92820a859f32f9d7","15752447","1665824027","2022-10-15 08:53:47","Bought","0x51b2c29c40ea3d1431491efb4e1b5d1f018c844c","BoredApeYachtClub","1703","721","1","83 ETH ($105,817.53)","OpenSea"
"0xc1215fb5ed0ecd2e19fd01393837b11f23c4bbee4bcdbda12bf9e92f9118ca35","15754159","1665844643","2022-10-15 14:37:23","Bought","0x49273b37ad4bbb7b85c292a540f39e4cac9e6277","BoredApeYachtClub","9140","721","1","76 ETH ($96,893.16)","OpenSea"
"0xdd1b8e15e799543a7eed780025503ec6e18e4c9977fa9284990623721c4bc30a","15755031","1665855143","2022-10-15 17:32:23","Bid Won","0xed91957b508cd8538812652bab9ff36c71167af3","BoredApeYachtClub","9982","721","1","73 WETH ($93,068.43)","LooksRare"
"0xef5576bf994ebcb729294c09ee57628285f093b30cd0087fb37dc16b9ce0ad22","15755477","1665860507","2022-10-15 19:01:47","Bought","0x1e218a3795479f1a9f0156f6e136db6f1613f7d8","BoredApeYachtClub","406","721","1","100 ETH ($127,491.00)","X2Y2"
"0x7985e73a5090e94d3a19e507231414a7401e77828589a03fbead99ffd009d393","15757207","1665881435","2022-10-16 00:50:35","Bought","0x1f8b5b6220eee763c60ac064da06fcd63533fd00","BoredApeYachtClub","9872","721","1","72.42 WETH ($94,571.11)","OpenSea"
"0x3c6bed210320b7e8a87466da88f1b4ba7d1b4975e1e966eaff543f2df0b506b3","15758857","1665901367","2022-10-16 06:22:47","Bought","0x5f6fd9d880be6e209d5ee7a5517dfb40b8a9d81b","BoredApeYachtClub","7378","721","1","75.75 ETH ($98,919.65)","X2Y2"
"0x7e8a09e50c9ff8f01075cbc87b29aaaafc6071ad1334865e2392ce506371e866","15759132","1665904679","2022-10-16 07:17:59","Bought","0xed2ab4948ba6a909a7751dec4f34f303eb8c7236","BoredApeYachtClub","9149","721","1","77 ETH ($100,551.99)","X2Y2"
"0x46da94ba86989030eeaeafbe42f4a6bba358f310c401977568bda86c7e47314f","15760239","1665918011","2022-10-16 11:00:11","Bought","0x890170dd7ae42b2d3512792e70c89fd1d5818a75","BoredApeYachtClub","8668","721","1","79.69 ETH ($104,064.78)","OpenSea"
"0x595c71a46c90ca6d0a0947febe0ee2ec8c2f71254cdab50f170ad103c9e5db7c","15761506","1665933323","2022-10-16 15:15:23","Bought","0x3d308c09e0a4b43e8ccae2c2d3f9fdcb205fee38","BoredApeYachtClub","9982","721","1","70.36 WETH ($91,881.01)","LooksRare"
"0x4642219cadc72d4dfaa6a7eedc84f41095c2cfbd911adfe77c858e7562be80ba","15761764","1665936431","2022-10-16 16:07:11","Bought","0xfbc42b6d570e9e9f14a1bf0a39c85ad2b8f03ba5","BoredApeYachtClub","7904","721","1","75.75 ETH ($98,919.65)","X2Y2"
"0x340b534f11fd307517e17d9f8afea236951946b4bdec475e0d884a5038f5a906","15762056","1665939959","2022-10-16 17:05:59","Bought","0xf31a14fb60253aa43180e83ec0e1ef55317375f5","BoredApeYachtClub","3596","721","1","77 ETH ($100,551.99)","X2Y2"
"0x140f429ab90d2e485aeb0bd6c3dcb62feebb314b17c84a293918ad03ebf2e0fb","15762769","1665948563","2022-10-16 19:29:23","Bought","0xd9d7046933bd3d0a3e869959ef95e4c41522c1bf","BoredApeYachtClub","3429","721","1","118 ETH ($154,092.66)","X2Y2"
"0x549a7ed793390a1d09c103540f52219c4ffe6e6ea5e1d158f49b6689cb43bbb2","15763969","1665963071","2022-10-16 23:31:11","Bought","0x0dafc1eb93640d9d8b2a479f784a4816708bade4","BoredApeYachtClub","8816","721","1","107.5 ETH ($140,381.03)","X2Y2"
"0x853bd23be025c11aeee2786e97680d112288c4f770bebe54405be6ab84701005","15764117","1665964847","2022-10-17 00:00:47","Bought","0x355d9ae5e1280dae29442f250da325a0f7d5545e","BoredApeYachtClub","4942","721","1","75 ETH ($99,864.00)","X2Y2"
"0x77b9f175b3a331a576e627fdbffc345e5c52b27b0c6d99fde6a0428e8e330ff1","15766962","1665999191","2022-10-17 09:33:11","Bought","0x90e4d835b23bed9e87503cefe10f4f1be5805938","BoredApeYachtClub","6294","721","1","88 ETH ($117,173.76)","OpenSea"
"0x5b415b980b1c37459f545e033b2d3b366788f69feff6a6788ddb491c203fcbab","15768655","1666019747","2022-10-17 15:15:47","Bought","0xed2ab4948ba6a909a7751dec4f34f303eb8c7236","BoredApeYachtClub","9611","721","1","72.8 ETH ($96,934.66)","X2Y2"
"0x53d079705ecdebeacd08469ae56091082b3155412fb774448309d5f575e83077","15771647","1666055783","2022-10-18 01:16:23","Bought","0x1544d2de126e3a4b194cfad2a5c6966b3460ebe3","BoredApeYachtClub","3147","721","1","73.52 WETH ($96,368.55)","OpenSea"
"0x565f76443db223df403b1fad7b90da423dac1707a4ce01639e6aa10457575723","15771778","1666057355","2022-10-18 01:42:35","Bought","0xed2ab4948ba6a909a7751dec4f34f303eb8c7236","BoredApeYachtClub","478","721","1","81 ETH ($106,173.18)","X2Y2"
"0xa05ad8c2cad9a25ca4a69d6005d742ab124acafbcaf8c1e126e0ef338be0974f","15772588","1666067111","2022-10-18 04:25:11","Bought","0x6cfdad0772edc2ea15076a9706ec7c1f0a791ac1","BoredApeYachtClub","3147","721","1","73 ETH ($95,686.94)","X2Y2"
"0xbb8839c82af6a8187516472365573dd0a11fb42c660a9a494a97076e2799278e","15772753","1666069103","2022-10-18 04:58:23","Bought","0x3d4cc6e944701ac7cffeabf62b57a08ed05e99a6","BoredApeYachtClub","7250","721","1","82 ETH ($107,483.96)","OpenSea"
"0x3c5aaf0d635b0bb9dcdc625939dc6fbb7e50ebdcc39f81247a18643e24bc113a","15773361","1666076423","2022-10-18 07:00:23","Bid Won","0x493a401122d858324517c5ec95145dc970c2c363","BoredApeYachtClub","3020","721","1","74 WETH ($96,997.72)","X2Y2"
"0x90fee77a1e85f056d996fb29222dd767c3a7ed26664ea5985d134b9b80c2bf09","15776002","1666108307","2022-10-18 15:51:47","Bought","0xc5130c5f2b38636fc8aab0fb535a79bdfdf6c71a","BoredApeYachtClub","622","721","1","89 ETH ($116,659.42)","X2Y2"
"0xe3c96f153769e2e0f4a5631f42dde3ca2fff15b33c380b68efec099f1e8029c4","15776170","1666110323","2022-10-18 16:25:23","Bought","0xd00c66f16e00f990c85bbd76b3118878b904bef7","BoredApeYachtClub","3147","721","1","73.85 ETH ($96,801.10)","X2Y2"
"0xb5d4d1b7fb9d28aa5c5cfc385612e4154a416975bb3ba50e8832322ab95e3d86","15777909","1666131239","2022-10-18 22:13:59","Bought","0x6cfdad0772edc2ea15076a9706ec7c1f0a791ac1","BoredApeYachtClub","6762","721","1","72.42069 ETH ($94,927.59)","X2Y2"
"0xe9d301c8b3aeaa873527dd216fd9b92b51437c90b56d6d157b57f9d4e44215c1","15778767","1666141631","2022-10-19 01:07:11","Bid Won","0xd3dc20a85f637cceeb95e0d6f6bbb757e73e236b","BoredApeYachtClub","3277","721","1","73 WETH ($93,794.05)","X2Y2"
"0xb24a8ac1a3368e950a155d9e46154dfac54cc0dc4de94aa9f802982ce104803e","15778787","1666141871","2022-10-19 01:11:11","Bought","0xcb7a5fd4ddbed62087aba629f04e51f3c0721297","BoredApeYachtClub","7159","721","1","105,555 USDC ","OpenSea"
"0x9a45655f0b7b5c26e2a2000cf8ad084026c3e0bc2d4762668dfb2e73d77ae9d4","15778810","1666142147","2022-10-19 01:15:47","Bid Won","0x6cfdad0772edc2ea15076a9706ec7c1f0a791ac1","BoredApeYachtClub","9872","721","1","73.16935 WETH ($94,011.64)","LooksRare"
"0xa310339ef0794c277192f923f88f9ddba0df0b336f361d909ec4bde5a19f11fb","15778814","1666142195","2022-10-19 01:16:35","Bought","0x9add984681ad1e0b0ed8f2d7e38c16fecdec29ee","BoredApeYachtClub","1334","721","1","73 ETH ($93,794.05)","OpenSea"
"0xe0866f645085dadcd0536c68b60cf308122aaf4e6f737d197578072e5534e4d4","15779040","1666144943","2022-10-19 02:02:23","Bought","0x1f8b5b6220eee763c60ac064da06fcd63533fd00","BoredApeYachtClub","8477","721","1","120.611 WETH ($154,967.04)","OpenSea"
"0x0d461e18dfb0a2ad9a92c968b594c579a235e651640b1b3f19a39f2a75132b1a","15781574","1666175543","2022-10-19 10:32:23","Bought","0x543ecff492b72d041ca1bcb142b749612c9a4dcf","BoredApeYachtClub","2459","721","1","81.5 ETH ($104,715.28)","OpenSea"
"0xa91ad1cb78933bcbd5efb9da1060f9192209631e4a76ec2d890cc86402895a56","15783831","1666202747","2022-10-19 18:05:47","Bought","0xe53651eea5e916ee25cf939749326dc895f61ad7","BoredApeYachtClub","1717","721","1","92 ETH ($118,206.20)","X2Y2"
"0xd1205014ca0d61ce7abc2f6f6e69edeee7d893e0f1aa3263f8d5bdcc6fd27c03","15783988","1666204631","2022-10-19 18:37:11","Bought","0x57f647c41b89ff2a3971dc85325ab06e411f18c5","BoredApeYachtClub","9792","721","1","79.89 ETH ($102,646.67)","OpenSea"
"0x65f1cca0e14730bc3f2ac0cd516cc70e15f68627d4225453b2e88fd3ad5cda01","15784351","1666209047","2022-10-19 19:50:47","Bought","0xa7078ddf23d29e9d6e54e34909cd2ac1b33a67c5","BoredApeYachtClub","4202","721","1","105 ETH ($134,909.25)","X2Y2"
"0xbedc9213dec49e262bbe04bcf81b2aa2ef7fe2c72155624aa0b967e93456ef69","15785088","1666217963","2022-10-19 22:19:23","Bought","0x3a2d0a41ac14637e663c90aabb7243f5f614f5e3","BoredApeYachtClub","510","721","1","94 ETH ($120,775.90)","X2Y2"
"0xd1cb59761afe250c37e976232cf4ebbaac84a42d1086fb0ecf988bdd77e95e9a","15785634","1666224539","2022-10-20 00:08:59","Bought","0x46901e907778a950c77971a29ce75a8bfddb1d2f","BoredApeYachtClub","488","721","1","111 ETH ($142,377.48)","OpenSea"
"0x3e1eddc974e9e2fbbcef2c310c362e8e66ce1b6dce6372ea6e1551c4dd095e81","15785867","1666227347","2022-10-20 00:55:47","Bought","0xcab8cd5b1168fb49aa7f30cd47745bd9ede5d8a2","BoredApeYachtClub","1455","721","1","77 ETH ($98,766.36)","OpenSea"
"0xf76848cf69bd5062c2eefbe01e47a118b21c10062c9bb4c73c78bbc7af933a98","15787184","1666243283","2022-10-20 05:21:23","Bought","0xc00ddc418d066d3db3a83b1fdf5e1cf6b1702cdf","BoredApeYachtClub","2475","721","1","84.48 ETH ($108,360.81)","OpenSea"
"0x78ac82ec31ed98ec9af8aa8960331dd15b3e137c2568dc20e44285b4368fb298","15787581","1666248071","2022-10-20 06:41:11","Bid Won","0xed2ab4948ba6a909a7751dec4f34f303eb8c7236","BoredApeYachtClub","8438","721","1","92.5 WETH ($118,647.90)","LooksRare"
"0x13bcb5d22825dcc2539f00d6c6206dbb3661386b34919c50299782dcd6e681af","15788493","1666259039","2022-10-20 09:43:59","Bought","0xe29eac84046b770f11bf29302f085318a7fedecd","BoredApeYachtClub","2369","721","1","71.72 WETH ($91,993.81)","OpenSea"
"0xc8a4e3e43f9fc1f22a9e150c902cacc375bbc872248684e7912501942fd165d9","15788508","1666259219","2022-10-20 09:46:59","Bought","0xa7078ddf23d29e9d6e54e34909cd2ac1b33a67c5","BoredApeYachtClub","5196","721","1","105 ETH ($134,681.40)","X2Y2"
"0x9d0cbfa88ca31939c3e2a9bd46c9f2f04ec2f4b1fd48add6e6124434f23d58bb","15790735","1666286075","2022-10-20 17:14:35","Bought","0xd8221df2b194f12f1328c2e62eeb8e70ba091e22","BoredApeYachtClub","2768","721","1","71.52 WETH ($91,737.27)","OpenSea"
"0xaf3d42dc9315326f1b7cf2b27a08094c27e2930b631cf6524d4428904182784c","15791448","1666294679","2022-10-20 19:37:59","Bought","0x6cfdad0772edc2ea15076a9706ec7c1f0a791ac1","BoredApeYachtClub","465","721","1","72 ETH ($92,352.96)","X2Y2"
"0xe73a3944e3c2fd0d6838fc7283ce205f0fc70bb184b7e57f26a70da8cb57a05e","15792917","1666312355","2022-10-21 00:32:35","Bought","0x9f0716bf7e4a4e19867599a54f1108e0c11fec98","BoredApeYachtClub","2768","721","1","78 ETH ($101,390.64)","Blur"
"0xc2309dc55a7ebd4eb5d73d6b085c5ca42e87e0f5a9fc2373df5aa6a5f29bcc1f","15793036","1666313783","2022-10-21 00:56:23","Bought","0xa37fbd2264b48ed56dd7de8b9b83db35561700ef","BoredApeYachtClub","8","721","1","110 ETH ($142,986.80)","OpenSea"
"0x9322640c876cba071437d30cf8494bb116d46c4f527d2bb86e58465ce059e4b8","15793454","1666318811","2022-10-21 02:20:11","Bought","0x3e6527de2cfec82ce5240d5559a8b09d256d5d6d","BoredApeYachtClub","1297","721","1","79.65 ETH ($103,535.44)","OpenSea"
"0xe64b45d10b246acef9937bc1d97b1daf13073aafdb01127da94e33536edd2210","15793747","1666322339","2022-10-21 03:18:59","Bought","0x6cfdad0772edc2ea15076a9706ec7c1f0a791ac1","BoredApeYachtClub","5912","721","1","72 ETH ($93,591.36)","X2Y2"
"0x0e36ee6e6417032554fa389d26cf70fd4e18b68729fc83a712d3a3fa2723cf72","15796577","1666356431","2022-10-21 12:47:11","Bought","0x25a08d6c68183a371fd6015a28ad9a0aa57a9c57","BoredApeYachtClub","734","721","1","75.7 ETH ($98,400.92)","OpenSea"
"0x6920e2f9126d23b63f71b19fcf5d2b0175ed23d8ef299c3bd0c4313c66372266","15796609","1666356815","2022-10-21 12:53:35","Bought","0x98c367bed07b69bc83dc1e351470b06bf844a71d","BoredApeYachtClub","2760","721","1","74 ETH ($96,191.12)","X2Y2"
"0x8995de26e95c0ef243fbb58d079fcfb1ed201a5d30b107c95d3af0dab6af5e98","15796858","1666359839","2022-10-21 13:43:59","Bought","0x50e00ae08678ebd16b79b84439defa046f18eb76","BoredApeYachtClub","1721","721","1","71.2 ETH ($92,551.46)","X2Y2"
"0x226fca806ad0edc25725b75c0c66d361961585128113121119292ee2ff71fbfb","15797009","1666361687","2022-10-21 14:14:47","Bought","0x87bc2f2ba8c83f412fed5c3151de0ffbdc959984","BoredApeYachtClub","6026","721","1","71.2 ETH ($92,551.46)","X2Y2"
"0xb3e47dc6ded288fca7f1477ae2d0fcee3753fff05bf12589a342b6f0ebee15c4","15797155","1666363451","2022-10-21 14:44:11","Bought","0xea26182a79adcf797f8e34319a696dcc93fecef0","BoredApeYachtClub","3241","721","1","81 ETH ($105,290.28)","OpenSea"
"0x53a5bd9f49ed24d0e532473010e5f3dc13883e6d8c570f4ce26b735c93a1b9c1","15797182","1666363775","2022-10-21 14:49:35","Bought","0xa4fb0e1f6ad0a87a3ec2427ca3a944c42d19d1ca","BoredApeYachtClub","7925","721","1","71.2 ETH ($92,551.46)","X2Y2"
"0xb79c1a8ae01f8f9aa08b4802f195b87fdede7510604814ed161dafe19ea76f40","15797754","1666370675","2022-10-21 16:44:35","Bought","0x9d85ab3bbf6b5c6b1c6a127235edcf6acf2bb19e","BoredApeYachtClub","2912","721","1","84 ETH ($109,189.92)","OpenSea"
"0xdca95aa3e60e5d85ced2bb422b245ca7b020a2bb4b50e46b29043778f5b5f687","15798157","1666375535","2022-10-21 18:05:35","Bought","0x493a401122d858324517c5ec95145dc970c2c363","BoredApeYachtClub","6026","721","1","71.82 ETH ($93,357.38)","X2Y2"
"0x85862746290a7d7c5be48074063521d85853d2bb6235ccbbcfcc51dbc3a6f05a","15798379","1666378211","2022-10-21 18:50:11","Bought","0x7c1958ba95ab3170f6069dadf4de304b0c00000c","BoredApeYachtClub","1878","721","1","74.04 WETH ($96,243.12)","OpenSea"
"0x845f6fe5bb829eaabc80d656e575f8b746d7e224be421a583bee14980085a789","15800771","1666407083","2022-10-22 02:51:23","Bought","0x4b54caf0caaa938a1d11c07927ec4c45a3948eb9","BoredApeYachtClub","2508","721","1","71.5 ETH ($93,944.57)","Blur"
"0x926f7e33bb9c15f4b66ece66391143964a48e69d3240b00f7128c971ed916c13","15801088","1666410899","2022-10-22 03:54:59","Bought","0x9f0716bf7e4a4e19867599a54f1108e0c11fec98","BoredApeYachtClub","3985","721","1","90.5 ETH ($118,908.86)","X2Y2"
"0x77aeec06f9125f45df80b6c9c2853f79f2eeeac40c1d53cb39ddf51cbb072434","15801680","1666418039","2022-10-22 05:53:59","Bought","0xf5ddb9bf3d9b03bf3b11f876d786df2ed9edf744","BoredApeYachtClub","1546","721","1","80.5 ETH ($105,769.76)","X2Y2"
"0xecfe4d27face08275e1754eb25ae506e5d42082e16dd5fdea71d843aac8f94ba","15804910","1666456943","2022-10-22 16:42:23","Bought","","BoredApeYachtClub","8096","721","1","0 ETH ","OpenSea"
"0x2e6407ca3d78d331550993b8c5a77646c4efd87c11c87c80452313464dbb576f","15804942","1666457327","2022-10-22 16:48:47","Bought","0xaf0f4479af9df756b9b2c69b463214b9a3346443","BoredApeYachtClub","8096","721","1","68.260000000000005115 WETH ($89,687.50)","OpenSea"
"0x72b43682e5fc05c11ccb437008517f9a0a49724b103f19e94dae41d231a3e104","15805607","1666465331","2022-10-22 19:02:11","Bought","0x2448247e25220ac04a9048ac563c5edd5b5644ce","BoredApeYachtClub","6987","721","1","81 ETH ($106,426.71)","X2Y2"
"0x0f93b6630a2c882c24fb706185869ef0ab45712ad12176453cfd508614246c35","15805612","1666465391","2022-10-22 19:03:11","Bought","0x6a1c25a33c4e1f844af37324271de384508189f7","BoredApeYachtClub","8096","721","1","72.69 ETH ($95,508.12)","OpenSea"
"0xaf2e8754635e3c6010a7bb42c1f8be67aa2e9539dc4da457c833f42e22f2ef95","15805913","1666469027","2022-10-22 20:03:47","Bought","0x1db006326b09c2b81c9189ce76c520be5a4c9f8f","BoredApeYachtClub","1377","721","1","83.83 ETH ($110,145.08)","OpenSea"
"0xbf777a3452f099fe0883331f4083a3915ce4579ef900c6cf642da4e2486163d4","15807165","1666484171","2022-10-23 00:16:11","Bought","0x87bc2f2ba8c83f412fed5c3151de0ffbdc959984","BoredApeYachtClub","6878","721","1","72 ETH ($98,222.40)","X2Y2"
"0xd856bfeff075610ce487d5afabba32669de13b2b5a2d877bd160b6e24aa0308b","15807446","1666487567","2022-10-23 01:12:47","Bought","0x6cfdad0772edc2ea15076a9706ec7c1f0a791ac1","BoredApeYachtClub","527","721","1","69.69 ETH ($95,071.10)","X2Y2"
"0xcdcb784778bb8b6530467ab6ec1d66848be242cecb4daa679abfb665b56847be","15807978","1666493975","2022-10-23 02:59:35","Bought","0xacdaeeb57ff6886fc8e203b9dd4c2b241df89b7a","BoredApeYachtClub","4570","721","1","71.5 ETH ($97,540.30)","X2Y2"
"0xa392583c1c2112ac00456014a9b87513272db4431d297ced99594ecab8f86e35","15810998","1666530371","2022-10-23 13:06:11","Bought","0xa7078ddf23d29e9d6e54e34909cd2ac1b33a67c5","BoredApeYachtClub","6987","721","1","83 ETH ($113,228.60)","X2Y2"
"0x7a2a83421023263082ade192a025e061590ac65ad175957ffcb5aaff90627332","15811153","1666532243","2022-10-23 13:37:23","Bought","0xa7078ddf23d29e9d6e54e34909cd2ac1b33a67c5","BoredApeYachtClub","5715","721","1","76 ETH ($103,679.20)","X2Y2"
"0x30874d28d89219eb90630959c870ba0fcf850137f474ab2692e19220e3445c66","15812004","1666542527","2022-10-23 16:28:47","Bought","0x572d6f0628ef555061932f85687c9f8f85505ed1","BoredApeYachtClub","713","721","1","87 ETH ($118,685.40)","OpenSea"
"0xb9fc47a28bc9e30a498a8cb4a910b003863e417bcbb76e0dfa95ed559e9315cc","15813530","1666560899","2022-10-23 21:34:59","Bought","0xacdaeeb57ff6886fc8e203b9dd4c2b241df89b7a","BoredApeYachtClub","527","721","1","70.5 ETH ($96,176.10)","Blur"
"0xed61bfe708619594602be0b105448ee2c8ed9bab656fe159878078bdf2263c8a","15820065","1666640123","2022-10-24 19:35:23","Bought","0x6cfdad0772edc2ea15076a9706ec7c1f0a791ac1","BoredApeYachtClub","2071","721","1","70 ETH ($94,068.10)","X2Y2"
"0x513ddd488e3b3233b363d4484953f593b955eade3ef2d5d3d820cf46451cfd26","15820077","1666640279","2022-10-24 19:37:59","Bought","0x6cfdad0772edc2ea15076a9706ec7c1f0a791ac1","BoredApeYachtClub","8232","721","1","70 ETH ($94,068.10)","X2Y2"
"0x2564673d7718c8baeb889608d3eb3df7c715f3096c031dde77866e8b3aefa29b","15820869","1666649915","2022-10-24 22:18:35","Bought","0xf94085ac29870595ad32ea3ab6121fce9e9460ad","BoredApeYachtClub","5533","721","1","150,000 USDC ","OpenSea"
"0x5394dbbe813de06aead998100224969a427fa644ea8738d1be9b6bd4167d0bc8","15821866","1666661987","2022-10-25 01:39:47","Bought","","BoredApeYachtClub","8973","721","1","0 ETH ","OpenSea"
"0x59d01764598027139d0dd25584b0e383e2003c53c394a317b4c06da12b99ebeb","15821956","1666663067","2022-10-25 01:57:47","Bought","0xd8221df2b194f12f1328c2e62eeb8e70ba091e22","BoredApeYachtClub","8973","721","1","69.5 WETH ($101,495.72)","OpenSea"
"0xb63edb548a005acf456afe0c21de84319cdddcb662dd3f36ff73a47349caeee2","15822165","1666665575","2022-10-25 02:39:35","Bought","0x753055b31baf822f631223a4509500088bded507","BoredApeYachtClub","5794","721","1","96 ETH ($140,195.52)","OpenSea"
"0x6885b76a94332555d692b82c0940899c94ac8f15851e05a03f514ae328952d00","15822241","1666666487","2022-10-25 02:54:47","Bought","0xa52899a1a8195c3eef30e0b08658705250e154ae","BoredApeYachtClub","8973","721","1","76 ETH ($110,988.12)","Blur"
"0xdcc1188defd91ec20a6d7f12796769e028792fb95b01a05696c3cf8a1b3f96c2","15823203","1666678067","2022-10-25 06:07:47","Bought","0x98f58ab2f20398d681d74669022c77efc2d8b6f3","BoredApeYachtClub","8973","721","1","84.47 ETH ($123,357.45)","OpenSea"
"0xf7cbe16011cc07c660b51bf93cb2216a5af6857ce070d0fdd8c6cb2c674d64c9","15824439","1666692959","2022-10-25 10:15:59","Bought","0x3c05c8c71fc3bd1e095a71f1ab58a9142b41e8ad","BoredApeYachtClub","8438","721","1","98.4527 ETH ($143,777.37)","OpenSea"
"0x9952f5ac353cf765f87a1bb4c99cf641e8dd65d510298a1bf6faee940deecfd0","15824888","1666698347","2022-10-25 11:45:47","Bought","0x86d2bc8291f5b1999c5d78957c488fa52d528f48","BoredApeYachtClub","6619","721","1","78 WETH ($113,908.86)","OpenSea"
"0x8cbbfa686c521d7d165706d84fcbfc79d5882342fe962e5099aad7eb12355d0e","15825403","1666704563","2022-10-25 13:29:23","Bought","0xabf98cde9966abf4c968786331dc1e3b8ba5809d","BoredApeYachtClub","7110","721","1","107.5 ETH ($156,989.78)","OpenSea"
"0x55cb43a6af462137c85af96df7a47154098487f873b319de3b105362848d9ebc","15825634","1666707383","2022-10-25 14:16:23","Bought","0xa52899a1a8195c3eef30e0b08658705250e154ae","BoredApeYachtClub","3329","721","1","64.1 WETH ($93,609.72)","LooksRare"
"0xb2e73cb99cde9215b86ebb706bd766071e9b2f55affce0fe96538abcd7c4690c","15826530","1666718219","2022-10-25 17:16:59","Bought","0x543ecff492b72d041ca1bcb142b749612c9a4dcf","BoredApeYachtClub","2321","721","1","76 ETH ($110,988.12)","OpenSea"
"0xbeaf758adc6ddbf6b2844755e8808eff71a18f591642b38ea1afdcb06e696ab0","15826703","1666720331","2022-10-25 17:52:11","Bought","0xd279e2dd092835061fc6758d051bd78873ec7622","BoredApeYachtClub","7567","721","1","74.2 ETH ($108,359.45)","OpenSea"
"0x3071297f70302473eb38e3ca47258c5ff839c83c3c400804771c6c82fe83c6c8","15827596","1666731179","2022-10-25 20:52:59","Bought","0x91b1e9bb5a253b9042eb3271eca4a2d0a7bcabfe","BoredApeYachtClub","7303","721","1","9 ETH ($13,143.33)","Blur"
"0xe3ba2aa04fb622d72052c0de95826b391e4be10b6343dcb674e67403efa46b0e","15828060","1666736819","2022-10-25 22:26:59","Bought","0x1f055d883120bb393a8b0a913fbeb91667957201","BoredApeYachtClub","4271","721","1","75 ETH ($109,527.75)","X2Y2"
"0xbede7abf62e8da846b62ec9a7400897654c4c1f9ec0e9649fd917e7fa1fab766","15828336","1666740155","2022-10-25 23:22:35","Bought","0xd8221df2b194f12f1328c2e62eeb8e70ba091e22","BoredApeYachtClub","2368","721","1","69.5 ETH ($101,495.72)","Blur"
"0x3288a19fa85e74e5b7495bf8952df7bc8b4e3ab8e3c71a504393223f1f189c43","15829075","1666749071","2022-10-26 01:51:11","Bought","0xed2ab4948ba6a909a7751dec4f34f303eb8c7236","BoredApeYachtClub","2368","721","1","69.9 ETH ($109,522.82)","Blur"
"0xed4efd19e552f0445dd5a6f1dd001030e9d6f3d84f0c1aecfba54086f96ced62","15829088","1666749239","2022-10-26 01:53:59","Bought","0x420d6426e695f1d9eeba3693c465607819eb4417","BoredApeYachtClub","3392","721","1","84.69 ETH ($132,696.53)","OpenSea"
"0x20f4b50526c06ab973a8fd423a9334fadd84110b783adf6890e024a9289a49e6","15829717","1666756823","2022-10-26 04:00:23","Bought","0xed2ab4948ba6a909a7751dec4f34f303eb8c7236","BoredApeYachtClub","9109","721","1","70 ETH ($109,679.50)","Blur"
"0x86eda889552594c4e66dd263cbd4394c71504876f60e96c62dfa7582e88a3efe","15829726","1666756931","2022-10-26 04:02:11","Bought","0xb971bf5892c5603b58f0bd9d5af3c3437a94616b","BoredApeYachtClub","7892","721","1","84.48 ETH ($132,367.49)","OpenSea"
"0xadff57aea08c82e92c17e5bcb1a192eee5152c853d63a2cdab0c73c5b3b5672c","15829778","1666757555","2022-10-26 04:12:35","Bought","0xed2ab4948ba6a909a7751dec4f34f303eb8c7236","BoredApeYachtClub","8232","721","1","71 ETH ($111,246.35)","Blur"
"0xa802aa192a829307c8aa476ec0c387de09a3015330778718d9f2ca3b133003f4","15830985","1666772111","2022-10-26 08:15:11","Bought","0x0945c91d5ddc3cdfdf7fdd45ded0746d0f31296e","BoredApeYachtClub","98","721","1","73 ETH ($114,380.05)","OpenSea"
"0x365d1704d7b87e91438bcd3850d53c7df4e484c68abf99afda10be64f716663c","15831285","1666775735","2022-10-26 09:15:35","Bought","0xa0a8669028898b9e03abba675fc8cadaf2945ba9","BoredApeYachtClub","2071","721","1","71.987654321 ETH ($112,793.86)","X2Y2"
"0x314a4f8dc607d90b56cbe755a87943a82c0196d0b2dfd3c420a6821be4417d37","15832798","1666793927","2022-10-26 14:18:47","Bought","0x6cfdad0772edc2ea15076a9706ec7c1f0a791ac1","BoredApeYachtClub","1247","721","1","68.42 ETH ($107,203.88)","X2Y2"
"0x55cd93e4bd1b88e8ca2d485eaf71648e83670f9aa0ea88718b5ff186ba63bbd0","15833024","1666796651","2022-10-26 15:04:11","Bought","0xac174a684993fdc287e6e0516b25138eebeb1b12","BoredApeYachtClub","5148","721","1","83 ETH ($130,048.55)","OpenSea"
"0x7d0ad0af3f5c23252633d5a4b3fbaddbe63b080409742639304ee0ea04048581","15833889","1666807079","2022-10-26 17:57:59","Bought","0x66362b929c1a9aaf14c51aab9b455ad7fb8268c4","BoredApeYachtClub","1247","721","1","71 ETH ($111,246.35)","X2Y2"
"0xb29b78b450edf1f02e33c0e48f9accfeb2f3b12aeaece35628534f66e5f4647e","15834261","1666811555","2022-10-26 19:12:35","Bought","0x6bee7c98ca5a1e42ec5f8b2fb9c09442a192ac1b","BoredApeYachtClub","1563","721","1","90 ETH ($141,016.50)","X2Y2"
"0x39874e4397b79c40e9331e9295c91c89549964065ecd007cf1387ae422979ca1","15834419","1666813451","2022-10-26 19:44:11","Bought","0x66362b929c1a9aaf14c51aab9b455ad7fb8268c4","BoredApeYachtClub","7686","721","1","91 WETH ($142,583.35)","OpenSea"
"0xc3a610d2c8f769bb16ec556d6f5ffeea34d2a1d67f4d2453917f770c332d00a3","15834591","1666815527","2022-10-26 20:18:47","Bought","0xed2ab4948ba6a909a7751dec4f34f303eb8c7236","BoredApeYachtClub","3329","721","1","65.97 ETH ($103,365.09)","Blur"
"0xb9e3c666f0e6d92ea5c3d82beac3a9344d83deebac384876b92cb1c65f87e072","15835621","1666828007","2022-10-26 23:46:47","Bought","0x493a401122d858324517c5ec95145dc970c2c363","BoredApeYachtClub","4096","721","1","75.91 ETH ($118,939.58)","Blur"
"0xee4aecbd2223ac5cd273030c04037ecfbcbd3aba72c7c58c44e02473c46efcd0","15835853","1666830803","2022-10-27 00:33:23","Bought","0x8bbabe07f6b87264b1e63d6c03b10ecd8310d5e3","BoredApeYachtClub","1624","721","1","88.88 ETH ($134,595.43)","Blur"
"0x32f8048c504db740d0aef32c7b0e2d6722d6f174972c588ad326e56a2b5dd6b3","15840376","1666885367","2022-10-27 15:42:47","Bought","0x543ecff492b72d041ca1bcb142b749612c9a4dcf","BoredApeYachtClub","1051","721","1","80 ETH ($121,148.00)","OpenSea"
"0xfb05392b025e6bc8406598c4057f06d0607a7ce2156981cf4d894cee52be55db","15841196","1666895279","2022-10-27 18:27:59","Bought","0x0ca7a2e6b4f2c12b1285e487f9af8d3ab89d6af0","BoredApeYachtClub","4405","721","1","75 WETH ($113,576.25)","OpenSea"
"0xa1919162d53b6f21ed8bdd727199438709b2d0a88b450bf5b2a91a2cc8cd4ab5","15841397","1666897703","2022-10-27 19:08:23","Bought","0x0dae56c6e7c0ce012dd08a45321925dc618b531f","BoredApeYachtClub","9661","721","1","72 ETH ($109,033.20)","OpenSea"
"0xf3810a6cae63b20f8502cecbc8cbd49971b0016be0f6d2a78c71f57de4b4bdc0","15842753","1666914059","2022-10-27 23:40:59","Bought","0x6cfdad0772edc2ea15076a9706ec7c1f0a791ac1","BoredApeYachtClub","1220","721","1","68.8 ETH ($104,187.28)","X2Y2"
"0x7d89980c27b165a52fefff7003e2369e4c08324658d2ea0b4f59291b0293ef98","15842914","1666915991","2022-10-28 00:13:11","Bought","0x6682f185d982bd341a0e1dfccbc2562e3cb1eea7","BoredApeYachtClub","3015","721","1","69.42 ETH ($107,956.43)","Blur"
"0xb68ede46ac6c103c72810c997ebe9638251fb27be617a78471d32b9f13bcc90c","15842957","1666916519","2022-10-28 00:21:59","Bought","0xed2ab4948ba6a909a7751dec4f34f303eb8c7236","BoredApeYachtClub","1220","721","1","69 ETH ($107,303.28)","Blur"
"0x62de52488d6c70c74329aa729fa60b10cb4e74b5267a4b6a1756e0330b9e6400","15844226","1666931987","2022-10-28 04:39:47","Bought","0x26db774e3c5ed9d8930e89aadd598cb6e498d369","BoredApeYachtClub","7094","721","1","100 ETH ($155,512.00)","Blur"
"0xbe9991d21acdfefaf21839e2360dc335d051020bced053db8cb6d7dfa3b89e1e","15844878","1666939859","2022-10-28 06:50:59","Bought","0x5620dac57a8a91b51932943bb53ffef6fd68b16c","BoredApeYachtClub","3264","721","1","73.8 ETH ($114,767.86)","OpenSea"
"0xbe9991d21acdfefaf21839e2360dc335d051020bced053db8cb6d7dfa3b89e1e","15844878","1666939859","2022-10-28 06:50:59","Bought","0x5620dac57a8a91b51932943bb53ffef6fd68b16c","BoredApeYachtClub","3147","721","1","74.98 ETH ($116,602.90)","OpenSea"
"0xbe9991d21acdfefaf21839e2360dc335d051020bced053db8cb6d7dfa3b89e1e","15844878","1666939859","2022-10-28 06:50:59","Bought","0x5620dac57a8a91b51932943bb53ffef6fd68b16c","BoredApeYachtClub","4793","721","1","75 ETH ($116,634.00)","OpenSea"
"0xf64ee7195e301ab055243b9c9dfc6fa3172c0b727edb274e2cf64497a7cd0488","15851015","1667013887","2022-10-29 03:24:47","Bought","0x5af278b1c423a320425cd46f3f6e9c08c814bf86","BoredApeYachtClub","4492","721","1","74 ETH ($119,911.08)","OpenSea"
"0x0904fb84e42d66d303542d266e52a4f093f94ea78e8fa2a0bab046328690312c","15851074","1667014595","2022-10-29 03:36:35","Bought","0xed2ab4948ba6a909a7751dec4f34f303eb8c7236","BoredApeYachtClub","7864","721","1","69.96 ETH ($113,364.58)","X2Y2"
"0x00a2672a08f7bb03d643038069053b31e945218d59607ec7659e8f5d796879f6","15852290","1667029271","2022-10-29 07:41:11","Bought","0x5d30c7f521b0b05bd3245609c26cb2f21663b8d1","BoredApeYachtClub","1693","721","1","74 ETH ($119,911.08)","X2Y2"
"0x05a1265c4246f7693d1df539555b5937dc6e9d741fb7298d485eae5decbf07ec","15852441","1667031095","2022-10-29 08:11:35","Bought","0x07557f6138ed55485d82d64eea175043e4f2bbb4","BoredApeYachtClub","857","721","1","69 ETH ($111,808.98)","X2Y2"
"0xe89d4e94994f91ccb483db13281cbca69a4beb584a29db5db2d36d498bdc9adc","15855715","1667070695","2022-10-29 19:11:35","Bought","0xaeaee46b9ad8e1e213cf6d73b7b31ab19a2bb9be","BoredApeYachtClub","7250","721","1","67.3367 WETH ($109,113.74)","OpenSea"
"0x673bb28d84199d44cde7f51c47f3a894d2b8c8a4e398144faa43ccfacab8072b","15856429","1667079299","2022-10-29 21:34:59","Bought","0x7ae352b0c23c63a288b8f40f249b5f72d15b8f8a","BoredApeYachtClub","3501","721","1","88 ETH ($142,596.96)","Blur"
"0x2b2c076e4337295e564029581a27b624d1200c3f85a556153eea19335bf94e97","15856668","1667082179","2022-10-29 22:22:59","Bought","0x7e9f74ecfa5054b8672db762a2cb977379f33628","BoredApeYachtClub","7385","721","1","70 WETH ($113,429.40)","OpenSea"
"0x8fe5d6addfe3b0da4253a23601edef5c4579419eab7ac7a7b7be009d8bade31a","15856859","1667084471","2022-10-29 23:01:11","Bid Won","0xd00c66f16e00f990c85bbd76b3118878b904bef7","BoredApeYachtClub","8914","721","1","65.7 WETH ($106,461.59)","X2Y2"
"0x3a1b23de0b963dc39c6aa8a9921e3fc1dbfec1fbd30c16f427d67418692d680e","15858461","1667103779","2022-10-30 04:22:59","Bought","0xacdaeeb57ff6886fc8e203b9dd4c2b241df89b7a","BoredApeYachtClub","3859","721","1","69 ETH ($109,774.17)","X2Y2"
"0x96e3710ed0e075c84e24b47d5ff590f2b8eb3bee38d4e4f007c03d9d44896b69","15859151","1667112107","2022-10-30 06:41:47","Bought","0xe2c12954a2dc21535a4d86b6d324bce51051c8ed","BoredApeYachtClub","8803","721","1","70.99 ETH ($112,940.12)","OpenSea"
"0xd74dc68cc1e5cb2e7651dd17f18dab2f19097e660147e299c7e917a531b4fee2","15860083","1667123339","2022-10-30 09:48:59","Bought","0xaa96a50a2f67111262fe24576bd85bb56ec65016","BoredApeYachtClub","6749","721","1","75.5 ETH ($120,115.22)","OpenSea"
"0x5a86dcd883e2d0bfc20936850491ede9a73f7c0902a4e4dcd78dd1cfbd275d81","15861323","1667138267","2022-10-30 13:57:47","Bought","0xc5130c5f2b38636fc8aab0fb535a79bdfdf6c71a","BoredApeYachtClub","1806","721","1","85 ETH ($135,229.05)","X2Y2"
"0x100848f5e48ad0fe34734ed7d03d1af1d4894d3a1a0a26d8b0ee92859d44a91a","15862991","1667158367","2022-10-30 19:32:47","Bought","0xf6ac93c5bf408a6330a4572df31dad61985d8049","BoredApeYachtClub","7250","721","1","64 WETH ($101,819.52)","LooksRare"
"0xcc481ce0caf2581a06f83c737ed189e5476026d25a165e6bd5d2d5e63de7d30f","15864821","1667180483","2022-10-31 01:41:23","Bought","0xff6d917a46f3071e9dc83a57aba7e1c6e46b991c","BoredApeYachtClub","1348","721","1","68.23 ETH ($107,317.60)","X2Y2"
"0x95d82b70114d41aab798ebd8cef936bacd25d49592149f93ad0d02beecb667d2","15864836","1667180663","2022-10-31 01:44:23","Bought","0x52e1bb7fe65cd596766d375ff02ed341623559e6","BoredApeYachtClub","6484","721","1","64 ETH ($100,664.32)","Blur"
"0xd619f98281b4e7981a4779a53e07e30472463decbc4ded82ac35285a3e209449","15864902","1667181455","2022-10-31 01:57:35","Bought","0x6682f185d982bd341a0e1dfccbc2562e3cb1eea7","BoredApeYachtClub","9149","721","1","65 ETH ($102,237.20)","Blur"
"0xda61f66474f293af658dca4db6cf3c88fefc13a662b45aad3f381d23977c209e","15865083","1667183639","2022-10-31 02:33:59","Bought","0x281f18e7cb68e24924bf21e45ec97a4f22828593","BoredApeYachtClub","9149","721","1","67.86 ETH ($106,735.64)","X2Y2"
"0xd78b00c2db2a56702849c51e024d04357d509294202eb43748890e92e8932c01","15865141","1667184335","2022-10-31 02:45:35","Bought","0xed2ab4948ba6a909a7751dec4f34f303eb8c7236","BoredApeYachtClub","532","721","1","62.62 WETH ($98,493.75)","OpenSea"
"0x01e68d054182cededc724e1ba2a2f73d4573b82ccf60cb85a2b6feee1ffbfc27","15865286","1667186087","2022-10-31 03:14:47","Bought","0x6682f185d982bd341a0e1dfccbc2562e3cb1eea7","BoredApeYachtClub","5306","721","1","65.5 ETH ($103,023.64)","Blur"
"0x86b2f48d31544c068bf29460a2208d510465f336fc6e25337b328fa0d74924ef","15867171","1667208827","2022-10-31 09:33:47","Bought","0x29fc52da4178c6ebedd47a91d65ebae93dfd0784","BoredApeYachtClub","2764","721","1","187.187 ETH ($294,422.69)","X2Y2"
"0x6fe88b08625f86e1e23385266f1d2393674afcdbef3dcaa58c97bdadc0b3576b","15868185","1667221031","2022-10-31 12:57:11","Bought","0x9ead6ad583b039687889dc8229f2ad87682d8318","BoredApeYachtClub","529","721","1","67.869 ETH ($106,749.79)","X2Y2"
"0xdbcab885dc7c8e8b2503ab4c87e59843b4f883748609f8cc18a53a709d8f0038","15868805","1667228507","2022-10-31 15:01:47","Bought","0xed2ab4948ba6a909a7751dec4f34f303eb8c7236","BoredApeYachtClub","9744","721","1","63.8 ETH ($100,349.74)","Blur"
"0x9f7354911488c749459c4ea8d82b0e01b1ee88dc824ffd6b1f08470352576a6e","15869452","1667236319","2022-10-31 17:11:59","Bought","0xed2ab4948ba6a909a7751dec4f34f303eb8c7236","BoredApeYachtClub","8124","721","1","62.5 ETH ($98,305.00)","X2Y2"
"0xef96fbc8c5897bfc1f6fd0fe5aa481c36e2fdd4066dca0dcd03c6246264df067","15869540","1667237375","2022-10-31 17:29:35","Bought","0xed2ab4948ba6a909a7751dec4f34f303eb8c7236","BoredApeYachtClub","7404","721","1","62.5 ETH ($98,305.00)","X2Y2"
"0x08686900b9c9256831e64b4692ad570e44c3d15eef83b5d1e8a05b05ab333e4c","15870289","1667246423","2022-10-31 20:00:23","Bought","0x3f703546e6af3e06d5a1653a352f0a05744d1928","BoredApeYachtClub","5313","721","1","63 WETH ($99,091.44)","OpenSea"
"0x458cf373a09e6185a8bded060a4515544eb701615323dda75685198dab4a1f11","15870645","1667250743","2022-10-31 21:12:23","Bought","0x41fe7e4bc38352713de540a93836747f50be60aa","BoredApeYachtClub","3357","721","1","67.5 WETH ($106,169.40)","OpenSea"
"0x14572c6547c4759540dae338670faf24c4951a2c2867bc9df468f17d3a52020d","15870740","1667251919","2022-10-31 21:31:59","Bought","0xc3a1528df68db9b0e1f28edd7b3c4958550702d1","BoredApeYachtClub","4597","721","1","68.5 ETH ($107,742.28)","X2Y2"
"0x334cbcb7ccbcbff0910c6e8f3f13d8e32b03c663bd97ccf803ce4aad6f3b0f36","15870867","1667253443","2022-10-31 21:57:23","Bought","0x46a13b188365c40e5f4114a4cbd0d2425472d8d2","BoredApeYachtClub","7343","721","1","69 ETH ($108,528.72)","X2Y2"
"0x19332effba9e5c766c06e3666bfef11e51011d0003e919c7e1f376d33ea4bd6c","15871085","1667256059","2022-10-31 22:40:59","Bought","0x6fe45e0bb185bac093be30f7296b1d92a60fbb99","BoredApeYachtClub","7303","721","1","71 ETH ($111,674.48)","X2Y2"
