"Txn Hash","Blockno","UnixTimestamp","DateTime (UTC)","Action","Buyer","NFT","Token ID","Type","Quantity","Price","Market"
"0x2164eb5ae752dc9c83e89ffa36ba84b274e1eb69094aeb0e7f7ddaf8fcf52420","15453149","1662039065","2022-09-01 13:31:05","Bought","0x488db2810beba8dad806c7d237751075dc48364c","BoredApeYachtClub","5602","721","1","71 ETH ($112,604.58)","X2Y2"
"0xf2c2bf8da571d019b0676e2d4ebb32c57bfe68585a256426cd89f6123e5c06d4","15454140","1662052933","2022-09-01 17:22:13","Bought","0xb84e945c700990379370a3ab32b86f9b0b18ae39","BoredApeYachtClub","4489","721","1","130 ETH ($206,177.40)","OpenSea"
"0xdf1f5eed4e943c3b3e598c90930da0786f67c8b84a3e95d1600b65646791a30c","15456965","1662091527","2022-09-02 04:05:27","Bought","0x65d11b6626035378f822ca5442e6858c9227c8b7","BoredApeYachtClub","9123","721","1","84.69 ETH ($133,303.75)","OpenSea"
"0x694334015bddb78a3136fb693f5a55ad4204e07e71f0e0745814fa4933791f5f","15459891","1662131766","2022-09-02 15:16:06","Bought","0x543ecff492b72d041ca1bcb142b749612c9a4dcf","BoredApeYachtClub","9552","721","1","79 ETH ($124,347.58)","OpenSea"
"0x4d8bcce32d1c98dd98bf141d7ec8646274a9be91d16d343ceb173d29228b991f","15459999","1662133050","2022-09-02 15:37:30","Bought","0x87bc2f2ba8c83f412fed5c3151de0ffbdc959984","BoredApeYachtClub","6377","721","1","72.5 ETH ($114,116.45)","X2Y2"
"0xf4bedf51af4a5e5ea2da96ea454315a7506f50cb03c072b68ac31db54a4e3ddf","15460735","1662143330","2022-09-02 18:28:50","Bought","0xbf21b6b77b893e11e96d79157eb417f3e4e9538e","BoredApeYachtClub","4305","721","1","88 ETH ($138,513.76)","X2Y2"
"0x7c8cdced783e5ee503636ca77edddccdd32e552f818db095c31398afeacd3fcb","15460817","1662144440","2022-09-02 18:47:20","Bought","0x96c7f6d8748205ceabea71e1220d7e6556b7bef4","BoredApeYachtClub","5602","721","1","77.66 ETH ($122,238.39)","OpenSea"
"0xd144c4e5de16b9c16e8f31847838e89be2bbff8f2f6817ae179c007aba56598a","15462509","1662168274","2022-09-03 01:24:34","Bid Won","0xccc03c44a8a4176fb32a5f58c47e936924580b7c","BoredApeYachtClub","5896","721","1","75.95 WETH ($118,295.16)","LooksRare"
"0x33543fdc94335b6d6288fbef10e0a2e3443c0fdf79ca1ef3ff557f6099dd8618","15466560","1662224271","2022-09-03 16:57:51","Bought","0xc6e7f4f3c98cea314d0ef53a6c136201c963e97e","BoredApeYachtClub","4848","721","1","79.69 ETH ($124,120.36)","OpenSea"
"0xb7d3cdcdfae6fc1201ce7ef0ad520245667999372826743f8d6972ef0f232ae5","15466854","1662228318","2022-09-03 18:05:18","Bought","0xf1bcf736a46d41f8a9d210777b3d75090860a665","BoredApeYachtClub","326","721","1","70 ETH ($109,027.80)","X2Y2"
"0x5dc0d039ab66845c72ec92303d8537f309e70cac9456c8dcc8a613f839b15d1e","15467360","1662235406","2022-09-03 20:03:26","Bought","0x15251b01c04a14628e4480ab3e40e702594cf1db","BoredApeYachtClub","887","721","1","76.88 ETH ($119,743.68)","X2Y2"
"0xbd2a8ad0c7ab95288dfec103dd4232bf7e6d399c62480f944ae6fcc1f63e859a","15468705","1662253892","2022-09-04 01:11:32","Bought","0x7c5b7a2f56e47206e1bc67ff75fb1e3fc9291b02","BoredApeYachtClub","2389","721","1","87.5 WETH ($138,167.75)","OpenSea"
"0x4e08c077e733022dbf3d68a8e317d4c28da6baa9252d4f0a18498538b2c9c3f1","15475224","1662344352","2022-09-05 02:19:12","Bought","0x7bf481e3a1dd55618ac58f874481a9eaa3231734","BoredApeYachtClub","8914","721","1","73 ETH ($118,077.50)","X2Y2"
"0x373c340cfc8f90096aad69b33b98d6be347c4ebe3d22da7f4b4c501e1dd136c8","15475274","1662345081","2022-09-05 02:31:21","Bought","0x7bf481e3a1dd55618ac58f874481a9eaa3231734","BoredApeYachtClub","6077","721","1","73 ETH ($118,077.50)","X2Y2"
"0xda3dc65ad0894e3211bd3be38034fe66037f581c500d399a3fdf11adea38082b","15475829","1662353336","2022-09-05 04:48:56","Bought","0x64e4f7253eb86c7e75d850d182eafd9feed836c9","BoredApeYachtClub","483","721","1","97 ETH ($156,897.50)","OpenSea"
"0x28a61a46704c75b685591b6ae6c2eb82a088ba99fd158693251a5b2b062b8f6d","15477517","1662376204","2022-09-05 11:10:04","Bought","0xc237720d6d2451f4d938d5b6577d4341feff4a44","BoredApeYachtClub","3969","721","1","95 WETH ($153,662.50)","OpenSea"
"0x5bdb9eaeb3ccfe75d1a6c61a43375c0ccb5d34d4322c7d0782f4a7636910a0dd","15477546","1662376602","2022-09-05 11:16:42","Bought","0x6cc0300f729d8d313bbac69a790a664aed179c01","BoredApeYachtClub","7828","721","1","76.8 ETH ($124,224.00)","OpenSea"
"0xa214406d12921012d7622bcdcbaefedb7e06fa0b4c95079741d9e458823088c0","15478337","1662387453","2022-09-05 14:17:33","Bought","0x543ecff492b72d041ca1bcb142b749612c9a4dcf","BoredApeYachtClub","6237","721","1","88.69 ETH ($143,456.08)","OpenSea"
"0xf0b4bb46af36b3ee16110b1b50bf42ac481f82dc810927468994fb61dc01edfb","15479585","1662405361","2022-09-05 19:16:01","Bought","0xed2ab4948ba6a909a7751dec4f34f303eb8c7236","BoredApeYachtClub","9425","721","1","69.95 ETH ($113,144.13)","X2Y2"
"0x04d1b88921fa61e760cb55fe30e36efc346c9c313399b6c7775acb44b0ed320f","15479591","1662405470","2022-09-05 19:17:50","Bought","0x7bf481e3a1dd55618ac58f874481a9eaa3231734","BoredApeYachtClub","7404","721","1","72 ETH ($116,460.00)","X2Y2"
"0xc5fa6f1939d8b62024ab680b8ed747b719fca7be63d11cb69941154d3c6a896f","15480433","1662417133","2022-09-05 22:32:13","Bought","0x6cfdad0772edc2ea15076a9706ec7c1f0a791ac1","BoredApeYachtClub","4591","721","1","70 ETH ($113,225.00)","X2Y2"
"0xc69a2089aecde6acc04ed4bdda5db2889abcb5b22ae31e17c2ed2a57d448f65f","15481645","1662434301","2022-09-06 03:18:21","Bought","0xf6a242191ca16fb561403182a2c7a023f2261eb7","BoredApeYachtClub","5037","721","1","71 ETH ($110,681.90)","X2Y2"
"0xb6a42a0d54659210f5ba78cf8981377a9adf9b6e7ff17ce790cdd828ecbcdec4","15482016","1662439305","2022-09-06 04:41:45","Bought","0xad6452a9b8f10b0fe084c83c396abae96411c761","BoredApeYachtClub","4258","721","1","85 ETH ($132,506.50)","X2Y2"
"0x8874a24b5fe59b0c767a73cac189a368cf0724e396fb214f20bea2c346139083","15483488","1662459450","2022-09-06 10:17:30","Bought","0xea5b1f2f29d89dd959b11cf7d28065f1f25cf697","BoredApeYachtClub","5076","721","1","76.5 ETH ($119,255.85)","OpenSea"
"0x7b97c9de28b31f1c27affeb8b77096e081e89441ca7dd26fb812189240c9351c","15485557","1662487296","2022-09-06 18:01:36","Bought","0x56128e3aeabca989cdd4c7e91445e711de23b777","BoredApeYachtClub","638","721","1","80 ETH ($124,712.00)","OpenSea"
"0x41fb29c7eee85e6bc3743c98b56543e5dbd3f6e6824efd4ac273f78ef7cfd7c6","15490615","1662558057","2022-09-07 13:40:57","Bought","0x02fef8e09bd782d7a0628e9bb5f56977fd2d4802","BoredApeYachtClub","8485","721","1","77 WETH ($125,510.00)","OpenSea"
"0x6a7d16abd0b13522a99c5879f2e62ae66c15d91e4be7caa745c5bf0b0b2c3031","15490769","1662560018","2022-09-07 14:13:38","Bought","0xbdba56dac0c99fa9a020045d9ccc774ed2489558","BoredApeYachtClub","7369","721","1","69 ETH ($112,470.00)","X2Y2"
"0x49cbce6ab4af8894d51417132199a0f2c7509984f6c22bf1d5eaf0d4aad9fb6c","15491486","1662570112","2022-09-07 17:01:52","Bought","0x19fffb371b95574df860e90b6a5b69256629b585","BoredApeYachtClub","8749","721","1","80 ETH ($130,400.00)","OpenSea"
"0x14f6f7698fe763c61ebb146d047fdc70973bb8f2a1d97b911f1154aa1d0d2aeb","15493679","1662600397","2022-09-08 01:26:37","Bought","0xed2ab4948ba6a909a7751dec4f34f303eb8c7236","BoredApeYachtClub","4788","721","1","67.67 ETH ($110,681.05)","X2Y2"
"0xeb23a4aa54a9b26bb6c1e50c9a4f5608572a5029f4d380f695fd147da7295691","15493761","1662601462","2022-09-08 01:44:22","Bought","0xed2ab4948ba6a909a7751dec4f34f303eb8c7236","BoredApeYachtClub","3277","721","1","70 ETH ($114,492.00)","X2Y2"
"0xad3a55393931576599eee1bea83a59aa08986d67a01a05ea11d2f5ca89537c74","15495327","1662622747","2022-09-08 07:39:07","Bought","0x7811c6a535ddff8f86bfdeade882e744bc9fe380","BoredApeYachtClub","629","721","1","77 WETH ($125,941.20)","OpenSea"
"0xaba3558bfe202cf973733c996c511ff842825f1f9a14480efbb5ca60718da280","15495641","1662627460","2022-09-08 08:57:40","Bought","0x3869643b234d0c3c5ae6ee41d68cfc52a2b5dd00","BoredApeYachtClub","9357","721","1","71 WETH ($116,127.60)","OpenSea"
"0xff9f370de6afe35650eed207c16d7c46d0125122f1b1964d2eb6216b91be5932","15496941","1662645056","2022-09-08 13:50:56","Bought","0x488db2810beba8dad806c7d237751075dc48364c","BoredApeYachtClub","6937","721","1","71.00001 WETH ($116,127.62)","OpenSea"
"0xd7c07099eec38475c811cf3b3b4005d17f7492f967c1ad720a9a08707a95af2d","15497162","1662647916","2022-09-08 14:38:36","Bought","0x543ecff492b72d041ca1bcb142b749612c9a4dcf","BoredApeYachtClub","1702","721","1","76.8 ETH ($125,614.08)","OpenSea"
"0x481bc6807df052062fe0d363e22d2a4b40a06b71dea7117c764fd030005f1463","15497448","1662651831","2022-09-08 15:43:51","Bought","0x6e559f1a725e9583c5d9fa3b968b39e8f9cf6d1f","BoredApeYachtClub","7091","721","1","75.42 WETH ($123,356.95)","OpenSea"
"0x1f2765ab2b4877d2c631bf1ff969d41355d31223a71bfa6698ac8b4c0e9ed176","15498256","1662663117","2022-09-08 18:51:57","Bought","0x786965b9250a98a85d6b43ec83968dfd1ab60bf9","BoredApeYachtClub","449","721","1","75 ETH ($122,670.00)","OpenSea"
"0x17335a4605196ccadf646250ea0c344319d5ff03c1d39ed437f1e6d575ff28b5","15498350","1662664401","2022-09-08 19:13:21","Bought","0x47147c03b34e177020905afe309b77636ecac256","BoredApeYachtClub","6837","721","1","68 ETH ($111,220.80)","X2Y2"
"0xbb47d65c552581987180269adae1a59e533d1c98ae2d1df44a7175000eb4fec7","15499280","1662677468","2022-09-08 22:51:08","Bought","0x2ca043bf85fe1553bdef8c0dbf021ad6202efb41","BoredApeYachtClub","5622","721","1","90 ETH ($147,204.00)","OpenSea"
"0xcb4dcbc4f96cbdd32b48e94bf208e2308bfc90045c67884b6ae2afea57aa32da","15502088","1662717013","2022-09-09 09:50:13","Bought","0x36c1625e5ee6fbfa9fadd4f75790275e5eab7107","BoredApeYachtClub","3020","721","1","74 ETH ($127,231.90)","OpenSea"
"0x752bc1c8c0787bbb8fa4f05e2257f519a95bae5cd61b311f7c99aa8b3c90e43c","15502125","1662717649","2022-09-09 10:00:49","Bid Won","0xce053019efc36c7a184c96cae17c7ccca71c9874","BoredApeYachtClub","689","721","1","67.69 WETH ($116,382.80)","X2Y2"
"0x66c1e9586114a5d7149d75a35f2c2fd2d55666eadc31874d5ec339d49c523ede","15503119","1662732019","2022-09-09 14:00:19","Bought","0x3bd0718d52489a4c02d818cfefec13df4b9d1bef","BoredApeYachtClub","5745","721","1","79.8 ETH ($137,204.13)","OpenSea"
"0x49f6ce0e47b1acb174ba49fd2554e0c0a32495e95d1504782606a1ff79d5e442","15504649","1662753912","2022-09-09 20:05:12","Bought","0x2da7e2f0eb6fe7ecf7dea7be0bb9c3cdf20ca508","BoredApeYachtClub","8997","721","1","74.8718 ETH ($128,730.83)","OpenSea"
"0xc346fa238bc201df3fa5d24ad4d1319ebf7a145bc0391edd90fe10c9aeab7699","15505323","1662763288","2022-09-09 22:41:28","Bought","0xaccc711035b1d2ebe8b184d4798acf434f549103","BoredApeYachtClub","964","721","1","82 ETH ($140,986.70)","OpenSea"
"0x1432e4d05bdcce7ee2b88a36d620060af15ed0105a16df0de29c604da2b1a14a","15505639","1662767850","2022-09-09 23:57:30","Bought","0xd04ece2eb2a0df479cb7c9506e424b20cc6863ce","BoredApeYachtClub","4585","721","1","81 ETH ($139,267.35)","OpenSea"
"0x241a4857bd61eb9b5f85a7f73e70311ad9f82f37466bd79210d93ef91d313584","15505988","1662772801","2022-09-10 01:20:01","Bought","0xce22b873508558fa912171272ae7dd198e038e77","BoredApeYachtClub","6937","721","1","78.68999 ETH ($139,650.34)","OpenSea"
"0xd7e051e4ea557eb0a81d2ed89392320a11a72ec3a80b31328afc2f17596ab125","15507120","1662788622","2022-09-10 05:43:42","Bought","0x19fffb371b95574df860e90b6a5b69256629b585","BoredApeYachtClub","7230","721","1","66 ETH ($117,129.54)","X2Y2"
"0xb140e054049f76dfeda43819d9c4d110877c26ddec7b65cfc8e4a8a2124fbac3","15510714","1662840080","2022-09-10 20:01:20","Bought","0xe67112647b7aea8b7490f27e1c75208868138df2","BoredApeYachtClub","9477","721","1","71.9999 ETH ($127,777.50)","OpenSea"
"0x36f526f94c3c96dcce3b10481138b9566a0552f3f850d348cac283f7d3c40438","15511512","1662851741","2022-09-10 23:15:41","Bought","0x443f89c9a6f7b0989a38c6c8d3ad7f5b326d9c6e","BoredApeYachtClub","4560","721","1","73 ETH ($129,552.37)","OpenSea"
"0x40313be69f85d9458bd957daad93e998ef19345642d29611a902dee3f4c02145","15511636","1662853639","2022-09-10 23:47:19","Bought","0x6b957a2791f6e88c99ca0e58d866075430daf31d","BoredApeYachtClub","4560","721","1","66.5 WETH ($118,016.89)","OpenSea"
"0x98026098509e121a21f0bee19edf9b2861557d8593370090ce199666767a9d0b","15511835","1662856629","2022-09-11 00:37:09","Bought","0xd82a838a14dd1970bc03c939c5b041a7d7858ad2","BoredApeYachtClub","5344","721","1","84 ETH ($148,429.68)","OpenSea"
"0x04d78e0c3b31cc00d5674faa451dd0cd8f4473b585a6e68342eea69607204f2c","15512713","1662868819","2022-09-11 04:00:19","Bought","0xeec66aae21b019ab0da8cf884bbf4a0c658a6b4d","BoredApeYachtClub","5458","721","1","75 ETH ($132,526.50)","X2Y2"
"0xe1af6f9617576a49d6ad8e9a2fe6ddfcf954421828919b40b8c4b0a8ead04f36","15513665","1662882725","2022-09-11 07:52:05","Bought","0xce053019efc36c7a184c96cae17c7ccca71c9874","BoredApeYachtClub","9100","721","1","66 ETH ($116,623.32)","OpenSea"
"0xde50a31fe1223224fd54b362f119551bc9e8b1ba4c1a8b37423bb9163fda87cc","15515720","1662912303","2022-09-11 16:05:03","Bought","0xed2ab4948ba6a909a7751dec4f34f303eb8c7236","BoredApeYachtClub","3041","721","1","67.25 ETH ($118,832.10)","X2Y2"
"0x01edaa96e5386db59ff0a5f3095e9e0ff540a1f5d37827877d4528cfce196e70","15515788","1662913238","2022-09-11 16:20:38","Bought","0x990f80855f20585ad118fede91eb0703e48c4347","BoredApeYachtClub","7232","721","1","104.99 ETH ($185,519.43)","OpenSea"
"0x6e5f6a5189f63e529768e4102608036350f3ec2f3278eea39b4dc17a908bbd82","15516314","1662920762","2022-09-11 18:26:02","Bought","0xea5b1f2f29d89dd959b11cf7d28065f1f25cf697","BoredApeYachtClub","7046","721","1","76 ETH ($134,293.52)","OpenSea"
"0xefdfa635071469db3f4eecb532234426a8b1f615cca4e4b5c02ecb145edd5bf1","15516521","1662923840","2022-09-11 19:17:20","Bought","0x66b4e6eab4560ce036fdde5b26c07245a6b5a7f5","BoredApeYachtClub","8775","721","1","130 ETH ($229,712.60)","OpenSea"
"0xd899510d732af178b2e7da2acee05ea52ccff8b9ebe99091e83c216edda60fee","15516640","1662925526","2022-09-11 19:45:26","Bought","0xb8a7949ed8801e49897fd2bc6b316ede6129d851","BoredApeYachtClub","8174","721","1","80 ETH ($141,361.60)","X2Y2"
"0xc8594044bd1f3f197a3588208345aef3e9cd98424b59089e869acb0820580f69","15516644","1662925601","2022-09-11 19:46:41","Bought","0x66b4e6eab4560ce036fdde5b26c07245a6b5a7f5","BoredApeYachtClub","4351","721","1","92 ETH ($162,565.84)","OpenSea"
"0x207835a75cc838e1382a442875ac49a570bbf2a00a6435086fa5c1396d896e26","15518379","1662949455","2022-09-12 02:24:15","Bought","0xc76f66368af0ea7f609b851ae01f8ca022bcae2a","BoredApeYachtClub","8893","721","1","101 ETH ($173,369.53)","X2Y2"
"0xd426aec3d007873677cbff25b96da751ea914fd92ec8017138b0891b1cb3b087","15519393","1662963807","2022-09-12 06:23:27","Bought","0xed2ab4948ba6a909a7751dec4f34f303eb8c7236","BoredApeYachtClub","3615","721","1","65 ETH ($111,574.45)","X2Y2"
"0xcc9f8f03be8cb81c1f34c54fda8d387198259a3ec672a2c3a8d901daf98dc202","15520158","1662974861","2022-09-12 09:27:41","Bought","0xc29af06142138f893e3f1c1d11aa98c3313b8c1f","BoredApeYachtClub","4793","721","1","69.0722 ETH ($118,564.50)","X2Y2"
"0xa5adfde5a8ba57db03219af8da2dfa689956ecee2e8aab36dc84a1082dbc160c","15520163","1662974990","2022-09-12 09:29:50","Bought","0xc29af06142138f893e3f1c1d11aa98c3313b8c1f","BoredApeYachtClub","3758","721","1","72.86 ETH ($125,066.38)","X2Y2"
"0x3dcc84523c6a3c6728aece8740895758c439a0192ea4c7b6b8a2b06507bc88d7","15520167","1662975110","2022-09-12 09:31:50","Bought","0xc29af06142138f893e3f1c1d11aa98c3313b8c1f","BoredApeYachtClub","4431","721","1","71.99 ETH ($123,572.99)","OpenSea"
"0xafad79029ef962c75749733d271f081fffdb0ed87eed3835658f8fbf2c86c24e","15522304","1663006152","2022-09-12 18:09:12","Bought","0x6cfdad0772edc2ea15076a9706ec7c1f0a791ac1","BoredApeYachtClub","1105","721","1","67.5 ETH ($115,865.78)","X2Y2"
"0xfa769a36bfa8ab9b3b29b2d2f3eed442d402629bddf880c4a9b2e56fe05ef8db","15522411","1663007637","2022-09-12 18:33:57","Bought","0xbb836e231b31a5e4fd1788321a933e15d7c6e243","BoredApeYachtClub","2242","721","1","100 WETH ($171,653.00)","OpenSea"
"0xac2953a87c9e4b5035880645f690338766371a3baade520e31fd24f5ccf9fb97","15527678","1663082825","2022-09-13 15:27:05","Bought","0xc29af06142138f893e3f1c1d11aa98c3313b8c1f","BoredApeYachtClub","326","721","1","72 ETH ($113,368.32)","X2Y2"
"0xcf2830ab81a4066f8018cc7e3d41a9c99e369896ee2730ff29b73a5f79f28b40","15527692","1663082971","2022-09-13 15:29:31","Bought","0xc29af06142138f893e3f1c1d11aa98c3313b8c1f","BoredApeYachtClub","4788","721","1","72.165 ETH ($113,628.12)","X2Y2"
"0x2c5b10ab785e28bcb4dbd23e9cd966fe4b23509538dd6cfe08d86402f7bdccae","15527698","1663083110","2022-09-13 15:31:50","Bought","0xc29af06142138f893e3f1c1d11aa98c3313b8c1f","BoredApeYachtClub","3030","721","1","72.5 ETH ($114,155.60)","OpenSea"
"0xf4d35dbee2043ece53e343c7d341a406ee33859f60af00e996fc666d686fdcf1","15527956","1663086734","2022-09-13 16:32:14","Bid Won","0x0950541696888bcfac9af6a5c479871d3e583cac","BoredApeYachtClub","622","721","1","84 WETH ($132,263.04)","LooksRare"
"0xa3e5c66fda165e60f895c3b2bfe3cd07f267a7ccf90d3442f0cbe4054be534c2","15528190","1663089988","2022-09-13 17:26:28","Bought","0x6dc54e5eb422874585fb55c7845fddd136929f76","BoredApeYachtClub","9483","721","1","71.68 ETH ($112,864.46)","X2Y2"
"0xb8ed490e7333b5b1684ea8aa949058affa8423dabab16d9d558294a3e5e38f42","15528953","1663101157","2022-09-13 20:32:37","Bought","0x30d045223a623b1e02b27701ee6ae1980eb112b2","BoredApeYachtClub","3041","721","1","68 ETH ($107,070.08)","X2Y2"
"0x448e69de6bc8df51448dc3074632cc769efc7737d43a7a05ce4e081a081de8e6","15529561","1663109575","2022-09-13 22:52:55","Bought","0xf1bcf736a46d41f8a9d210777b3d75090860a665","BoredApeYachtClub","1105","721","1","68.5 ETH ($107,857.36)","X2Y2"
"0xef43a268f373249ae93158961b88eab6382fa1eada3a5207ba4bc570fb648a2c","15531524","1663138028","2022-09-14 06:47:08","Bid Won","0xed2ab4948ba6a909a7751dec4f34f303eb8c7236","BoredApeYachtClub","3015","721","1","66.6666 WETH ($109,306.56)","X2Y2"
"0xbb04ca9735be901d81ada58dcf26571ae7ca3b3f878ae0d3648fcb3fff993e41","15533798","1663170457","2022-09-14 15:47:37","Bought","0x543ecff492b72d041ca1bcb142b749612c9a4dcf","BoredApeYachtClub","4963","721","1","89.99 ETH ($147,547.60)","OpenSea"
"0x0c898bbfc87fc9ec561d137b1528d9c06d7bd05f40d65a674b1a86042f4decf2","15535072","1663189861","2022-09-14 21:11:01","Bought","0x7e5474cd10743ab90cafba6b0f2aaf020b12ee18","BoredApeYachtClub","8340","721","1","101 ETH ($165,599.60)","OpenSea"
"0xeeeae3fe4e12fc73f287eae0f89a7b0c7d14163c242df277e0531ad78fac2d88","15535243","1663192107","2022-09-14 21:48:27","Bought","0x88e3378dfb5463a0d151f802a48a104698e90e3d","BoredApeYachtClub","8595","721","1","93 ETH ($152,482.80)","OpenSea"
"0xf0d0a140463d59d40bfcd9c0837d3fa2551b95d282487b00084d4dddd6bb8d76","15536015","1663203384","2022-09-15 00:56:24","Bought","0x563153823d702516f92fc24edd9358d6973f60f9","BoredApeYachtClub","6366","721","1","65 ETH ($95,713.15)","X2Y2"
"0x84b9778aca968e44c95d8f1e421ac76fb3abeafa9159021f71173a0e60e6b0cf","15536034","1663203613","2022-09-15 01:00:13","Bought","0xbbb4661fb340eaaa3d35dabc942d8fe27ac9b300","BoredApeYachtClub","2581","721","1","81.5 ETH ($120,009.57)","X2Y2"
"0x97096a5249336c2792573fec976f233988b7e39e4e0f17a54f99af0c90601e4f","15536195","1663206189","2022-09-15 01:43:09","Bought","0xed2ab4948ba6a909a7751dec4f34f303eb8c7236","BoredApeYachtClub","7673","721","1","68.69 ETH ($101,146.71)","X2Y2"
"0xbd6430d73d21319da87a78ed9e11a234d98f69c418a939e1152ce4c09f57bf8e","15536493","1663210467","2022-09-15 02:54:27","Bought","0xed2ab4948ba6a909a7751dec4f34f303eb8c7236","BoredApeYachtClub","6366","721","1","69 ETH ($101,603.19)","X2Y2"
"0x9c8f611ee62da505d1ee49249327abea8c1998bb8c63d9a364acb241b5ab07b2","15536767","1663215150","2022-09-15 04:12:30","Bought","0xce053019efc36c7a184c96cae17c7ccca71c9874","BoredApeYachtClub","8912","721","1","67.69 WETH ($99,674.20)","OpenSea"
"0xa5b138c5e64aa76ccbfa5a83a463976d07f10ee07107fade94ae8a4f3155676d","15538462","1663237175","2022-09-15 10:19:35","Bought","0xc29af06142138f893e3f1c1d11aa98c3313b8c1f","BoredApeYachtClub","1105","721","1","72.8 ETH ($107,198.73)","X2Y2"
"0xe5fb2bb0ab956696b0ed72f4be44e9dab915457fcefc5b37ba79c52b82260080","15538478","1663237367","2022-09-15 10:22:47","Bought","0xc29af06142138f893e3f1c1d11aa98c3313b8c1f","BoredApeYachtClub","9725","721","1","73 ETH ($107,493.23)","OpenSea"
"0x1cb432c56d0cf271963193a2e0278d464d3f354799b53f387d2ef01469875125","15538581","1663238615","2022-09-15 10:43:35","Bid Won","0xc29af06142138f893e3f1c1d11aa98c3313b8c1f","BoredApeYachtClub","2327","721","1","74.5 WETH ($109,702.00)","LooksRare"
"0xc055adfcedce7d0a4288d5e27221520d57a4f1d852d0eae39ceb099577383182","15540440","1663261247","2022-09-15 17:00:47","Bought","0xd44aa3977ebd4570d8656fbb005d5797c0e43d55","BoredApeYachtClub","1570","721","1","75.99 ETH ($111,896.03)","OpenSea"
"0xb6a107f186178c9cf75c0baa52248dd3ff2840d603c618e74878c1b5ed6efe5d","15541568","1663274951","2022-09-15 20:49:11","Bought","0xcf85f08c2170331046aae812a1893ac94fa63f7a","BoredApeYachtClub","6069","721","1","75 ETH ($110,438.25)","X2Y2"
"0x543792e937e314aacc2e19a97594c08899d798085023fbbc7322030eb4de0ca9","15547294","1663344851","2022-09-16 16:14:11","Bought","0x3d66ba2fece30c309d9884419549d189f64e735c","BoredApeYachtClub","330","721","1","74 ETH ($106,113.78)","OpenSea"
"0x23560fe22cdcdaf3013e00684d3100596f9fb3a6930c1dcbe99a808be434c6bc","15548427","1663358591","2022-09-16 20:03:11","Bought","0x5d5335e6bea4b12dcb942cec1da951ae63f2ae64","BoredApeYachtClub","5108","721","1","68.534 WETH ($98,275.70)","OpenSea"
"0x244e6ef298c153f9c15bac3d2f5c00fdb77f371abc7efb5129a13b7771cde57a","15548882","1663364135","2022-09-16 21:35:35","Bought","0x488db2810beba8dad806c7d237751075dc48364c","BoredApeYachtClub","6103","721","1","83.00001 WETH ($119,019.52)","OpenSea"
"0x1efd91e7cc68f230a58730521ea74dd8a8b6de8c5f4c0c5beef5d72ae85e664e","15550481","1663383503","2022-09-17 02:58:23","Bought","0x886730ee60ec4e9d62573a9b78142c4d63beface","BoredApeYachtClub","3499","721","1","79.069 ETH ($116,156.31)","OpenSea"
"0xbd737f4cd8813edde96b2765c6254b6cd662441b773098b7e7eddd685fc6709e","15552307","1663405643","2022-09-17 09:07:23","Bought","0x9355e3fa0d4b14a14ca160497e20438249b7c360","BoredApeYachtClub","4179","721","1","123 ETH ($180,693.15)","OpenSea"
"0x37d8914538d87b9c0d68cdd36aa97ceee8a13b9ffadaa662b60dd0c30d1784b5","15553950","1663425587","2022-09-17 14:39:47","Bought","0x7b67ba73150c6bdfd75afe08fdfd45f4570a69d8","BoredApeYachtClub","7572","721","1","97 WETH ($142,497.85)","OpenSea"
"0x286fea2049e56513f3ba9144aa09757ba601637b3869af1fd8ec68ac48484481","15554629","1663433759","2022-09-17 16:55:59","Bought","0x9f64b95d496500d089ec1b9986e1bbc37233b91e","BoredApeYachtClub","9733","721","1","85 ETH ($124,869.25)","OpenSea"
"0x9c41dd87af77c237debbaabc4dbc0d90559336ac06654c8f50c5c1fedf58dbcf","15555014","1663438403","2022-09-17 18:13:23","Bought","0x5c41c2b9e14c9ed3c369b6bd87d5b95806a34502","BoredApeYachtClub","8941","721","1","83 ETH ($121,931.15)","X2Y2"
"0x74c488393cc293c552d1b2dd3322008b8475a978c53eccdfd64e838d31f7afc6","15555048","1663438811","2022-09-17 18:20:11","Bid Won","0x9bcfe21f8c443d969f2cbc176bd3443019c2c0e3","BoredApeYachtClub","3683","721","1","74 WETH ($108,709.70)","LooksRare"
"0x1c81d1224baab28f9966f297fcbc2c4de9991cefef9064433f84b4a3185a359c","15555469","1663443959","2022-09-17 19:45:59","Bought","0x1d3a44f4ac3a7f603c58c0d8e4a4749ea1757af8","BoredApeYachtClub","27","721","1","88 ETH ($129,276.40)","X2Y2"
"0x394191b0464c37413c734e1957c5535a9904facf487b872f04473a05f1006126","15555763","1663447559","2022-09-17 20:45:59","Bought","","BoredApeYachtClub","9982","721","1","0 ETH ","OpenSea"
"0x04abcb4d68aa0229e4ff539f49763f99b5ac1c3d79fd6a0c149875679ca9d6f6","15555808","1663448099","2022-09-17 20:54:59","Bought","0x1f8b5b6220eee763c60ac064da06fcd63533fd00","BoredApeYachtClub","9982","721","1","70.0141 WETH ($102,854.21)","OpenSea"
"0x50a4e4b6f8b72f29060851d14cc3de6b771d96000206fb377c1feae20bed0160","15556105","1663451699","2022-09-17 21:54:59","Bought","0x270d6ca14b8e5c76f0d5f231966879e2bd6f9e4b","BoredApeYachtClub","1846","721","1","106 ETH ($155,719.30)","OpenSea"
"0xa68d8a6acbb89371f8f8cfb90c621f24449dab06c4317d678a905552019d1e3f","15556311","1663454183","2022-09-17 22:36:23","Bought","0x134a7948e1363a95ee17a23c63b927152c4021ec","BoredApeYachtClub","2217","721","1","74.4 ETH ($109,297.32)","X2Y2"
"0xa727200eb4a2c7ae78fc80d7509a56f896ae63638493c266a2d823a1dcd9a669","15557240","1663465439","2022-09-18 01:43:59","Bought","0xed2ab4948ba6a909a7751dec4f34f303eb8c7236","BoredApeYachtClub","609","721","1","70 ETH ($93,401.00)","X2Y2"
"0xa4c26883119bb72508d219a7a1caaf74a420e85381a61087161c62c7a8b26c49","15558826","1663484651","2022-09-18 07:04:11","Bought","0x028b91c2da0eaacc4c6ba656e78d8e051a091540","BoredApeYachtClub","5733","721","1","120 ETH ($160,116.00)","OpenSea"
"0x1c62218e71a49e0abdfcb91320362c306cb22757dbb8c92cdcf3018fc152295d","15559878","1663497359","2022-09-18 10:35:59","Bought","0x201195156e8fceaaf21222a18662e56e5424cd1b","BoredApeYachtClub","4591","721","1","71 ETH ($94,735.30)","X2Y2"
"0xb9dfd698767233181d86ab249d4ab8a9522167a29385c106f496d70c7ddb6036","15560563","1663505675","2022-09-18 12:54:35","Bought","0xec894b25b92a0c62c2dc6433420567c002c4a59c","BoredApeYachtClub","6588","721","1","75 ETH ($100,072.50)","OpenSea"
"0x7d58a37a3e3d3cc31830f141e4a070695eec77ac9f7dd873f225c8c8c1babaa6","15560933","1663510175","2022-09-18 14:09:35","Bought","0xf17722ffa53a2c57bda1068a6890cda8d6caf110","BoredApeYachtClub","7445","721","1","86.5 ETH ($115,416.95)","OpenSea"
"0x58c56941708e11c2a79dae65ce428d8a9604c891ce96b5876cb443490d320e29","15561439","1663516331","2022-09-18 15:52:11","Bought","0xf1bcf736a46d41f8a9d210777b3d75090860a665","BoredApeYachtClub","7445","721","1","70 WETH ($93,401.00)","OpenSea"
"0xc48bfe1f0d9fec4e9ee7575ed4a675941075ef2e7feedf04d69b7fb44c3ea615","15561669","1663519103","2022-09-18 16:38:23","Bought","0x6cfdad0772edc2ea15076a9706ec7c1f0a791ac1","BoredApeYachtClub","7673","721","1","70.69 ETH ($94,321.67)","X2Y2"
"0x32799a5061d3ac0b511d68564f0f94c0a4b2c359c49567d8eaea61e14f84250c","15561915","1663522067","2022-09-18 17:27:47","Bought","0xc612bda4a16c9dd2054e23e0bb5f16b8b073271d","BoredApeYachtClub","1935","721","1","81.4 WETH ($108,612.02)","OpenSea"
"0x8b4b830fa7994c6c299b7eea02c69ce256125759ce6a4d2a52df74588407c1fa","15563458","1663540775","2022-09-18 22:39:35","Bought","0x3071a71194c5b128c6e96bfb55b35c1abd82e363","BoredApeYachtClub","2276","721","1","68.8 WETH ($91,799.84)","OpenSea"
"0x092d3d31d3594eecefba65675284189a60d233a8d48e64b4a013dd596c170452","15565079","1663560407","2022-09-19 04:06:47","Bought","0x6cfdad0772edc2ea15076a9706ec7c1f0a791ac1","BoredApeYachtClub","3154","721","1","68 ETH ($93,582.28)","X2Y2"
"0xdebdd0f299727f5b2e795dda2af1da9cf42659ba4e807df6af4f8b10ab92d4af","15565444","1663564847","2022-09-19 05:20:47","Bought","0xa308ed786f3bc9e3ad79554c2f3fc8cc67aff553","BoredApeYachtClub","6655","721","1","79.8 ETH ($109,821.56)","OpenSea"
"0x00cdb3e001b701060b2e4002c21194e051d94746af0603debffcb7a962a5c12b","15566045","1663572107","2022-09-19 07:21:47","Bought","0x2695a7f0ae9c4d04a04ac17d333345c0b071caf6","BoredApeYachtClub","5509","721","1","80 ETH ($110,096.80)","OpenSea"
"0x883170e720d1b1e03f5234b709d7296824c9f70e91e872fcb263f3e504b9e7af","15566955","1663583135","2022-09-19 10:25:35","Bought","0x6dc54e5eb422874585fb55c7845fddd136929f76","BoredApeYachtClub","2767","721","1","77 ETH ($105,968.17)","OpenSea"
"0x8871548712d7ba5b3ede633cb5be38b32e0490ad25616064d3ebac5f42aaeaca","15568060","1663596551","2022-09-19 14:09:11","Bought","0x543ecff492b72d041ca1bcb142b749612c9a4dcf","BoredApeYachtClub","417","721","1","100 ETH ($137,621.00)","OpenSea"
"0xb3a7a271a6bd6330f573ac97074c4c0deba5dea5348a4a9c50ebbfa97d8e428a","15568674","1663603991","2022-09-19 16:13:11","Bought","0x1e218a3795479f1a9f0156f6e136db6f1613f7d8","BoredApeYachtClub","4589","721","1","75 ETH ($103,215.75)","OpenSea"
"0xa5fde8364c0d6f2990e62486822fa6f9be2153ab2925ca76ea8d4513a36aae43","15568703","1663604339","2022-09-19 16:18:59","Bought","0x2924639e8af1f35a08c34334b387bc6dc057db8b","BoredApeYachtClub","5108","721","1","71.8 ETH ($98,811.88)","X2Y2"
"0x67b4574c1ad38fbe9119327cf2a907a4770083a91fa24de6acd780853b1feda9","15568884","1663606559","2022-09-19 16:55:59","Bought","0x671e4d58f407be00fcc383732c020a7ac1afde73","BoredApeYachtClub","3154","721","1","71.269 ETH ($98,081.11)","X2Y2"
"0xe8eb21595191c434d35dfc0d5868a23492c5c0557615389d9ba75c8faa34a0a1","15569784","1663617491","2022-09-19 19:58:11","Bought","0x5d5335e6bea4b12dcb942cec1da951ae63f2ae64","BoredApeYachtClub","3047","721","1","69.75 ETH ($95,990.65)","X2Y2"
"0x6010e9c7b5db8261972dcdd68eed1d88bcf8f0d927c72e1b7ffca9b54018051a","15573469","1663662071","2022-09-20 08:21:11","Bought","0x7fed396e60cb8672b523e0d5c179136998a810b2","BoredApeYachtClub","89","721","1","81 WETH ($107,168.67)","OpenSea"
"0x8f890a4dd66ef9644d7c2f2dfd2ad93d87a72f26dfe6ab1ec04a7b80e60a5b39","15573518","1663662659","2022-09-20 08:30:59","Bought","0xdb773adada14e6387080844c8d023ee8eff88ad1","BoredApeYachtClub","609","721","1","71 ETH ($93,937.97)","0x Protocol"
"0x8eb2c30391b8766f1537bce2fb82e290733ddb0d783b57a9ef1f545b156c4208","15575621","1663688183","2022-09-20 15:36:23","Bought","0x3d66ba2fece30c309d9884419549d189f64e735c","BoredApeYachtClub","7230","721","1","74.69 ETH ($98,820.10)","OpenSea"
"0x31623ac8357e95080280c2ffbf53d05ce05b811b4f9ce1d0b64f90e2b39cc279","15575662","1663688675","2022-09-20 15:44:35","Bought","0x3d66ba2fece30c309d9884419549d189f64e735c","BoredApeYachtClub","7291","721","1","75 ETH ($99,230.25)","OpenSea"
"0x6c5a93a6fc841fae1c1f880d881c99de88fa267fc658277a7541cc3563af9ac2","15575677","1663688855","2022-09-20 15:47:35","Bought","0x3d66ba2fece30c309d9884419549d189f64e735c","BoredApeYachtClub","3747","721","1","75.5 ETH ($99,891.79)","OpenSea"
"0x41043fc0de7f461c89774aea26f3adb798dff775051291fa5978075f5faaec80","15575898","1663691543","2022-09-20 16:32:23","Bought","0x488db2810beba8dad806c7d237751075dc48364c","BoredApeYachtClub","9948","721","1","90 ETH ($119,076.30)","X2Y2"
"0x16542302a15b17c91df8a25792d3b3e50b9980da731affd360ae5c66d45292e9","15576009","1663692875","2022-09-20 16:54:35","Bought","0x3d66ba2fece30c309d9884419549d189f64e735c","BoredApeYachtClub","5623","721","1","74 ETH ($97,907.18)","OpenSea"
"0x91b88e03c3527d118b7a4a76cc63c3684342e88956eb46d43653a5f4c3137079","15576276","1663696103","2022-09-20 17:48:23","Bought","0xed2ab4948ba6a909a7751dec4f34f303eb8c7236","BoredApeYachtClub","9568","721","1","73 ETH ($96,584.11)","X2Y2"
"0x67d4689764785a5ecb453960fe8f31ba4611d9ed5d0439fb17d1ffb64afb9c09","15576782","1663702235","2022-09-20 19:30:35","Bought","0xf2450d1e606117ed6f149a63e908149e6bfe6355","BoredApeYachtClub","5683","721","1","81.88 ETH ($108,332.97)","OpenSea"
"0x2652b2c9ae8425292b3b03968efdcdcee1e80a6ab678071949999efc1f6b1ff1","15576863","1663703207","2022-09-20 19:46:47","Bought","0xd14969938dbd45be356bffef350f6811d02332e1","BoredApeYachtClub","5439","721","1","78.99 ETH ($104,509.30)","X2Y2"
"0xb097bdd0b94fc79718258a4d31a177ee3ace9844571ee2c5326b8a0fb0d03e3d","15577450","1663710311","2022-09-20 21:45:11","Bought","0xeec66aae21b019ab0da8cf884bbf4a0c658a6b4d","BoredApeYachtClub","3508","721","1","78.5 ETH ($103,861.00)","X2Y2"
"0xf6c206dcea8d71aa0675ea1c3d402bdc705baa3b568e7b4e772960df03b02031","15577489","1663710779","2022-09-20 21:52:59","Bought","0xf76982fe0c2ac32c9126002b8988f5946421ce4c","BoredApeYachtClub","1863","721","1","78 ETH ($103,199.46)","X2Y2"
"0xc35d4f1e67067799aa49c49d60a6d5c51b83eec2b29314338a44629227193f26","15577500","1663710911","2022-09-20 21:55:11","Bought","0x762b2d5dc8009efa736dca8d59de7ec97a86b134","BoredApeYachtClub","9652","721","1","82 ETH ($108,491.74)","OpenSea"
"0xf9c571567a9a28488168daeefc80aa5f11a4934d7bf342f0da1e6775fe123d75","15577516","1663711103","2022-09-20 21:58:23","Bought","0xc1710053e48ce4fa1d7e39a0388fdbd297b40db8","BoredApeYachtClub","7961","721","1","82 ETH ($108,491.74)","X2Y2"
"0xac87ea5a7acd9203cc1867ac9c233917807ea74a29bf924ba75e78403a1d0487","15577720","1663713575","2022-09-20 22:39:35","Bid Won","0x599aa2feaeec1c4caa33da6b7fbd0e6578953c96","BoredApeYachtClub","4128","721","1","87.5 WETH ($115,768.63)","LooksRare"
"0xafc612efbf17a3fa264540f70f32026058fc1d87dbe56a1fef336d3d81405026","15580304","1663745171","2022-09-21 07:26:11","Bought","0x87bc2f2ba8c83f412fed5c3151de0ffbdc959984","BoredApeYachtClub","4651","721","1","70.003 WETH ($87,244.04)","OpenSea"
"0x1f3f2e8d8886003cde0e5e739ef6c8e4549dde2dd65b9dfe191a4e3d0a8f3ebd","15580868","1663752407","2022-09-21 09:26:47","Bid Won","0xb87e278d4e487cb4cb8fd503efaf5b40c2739e41","BoredApeYachtClub","8914","721","1","76.5 WETH ($95,341.19)","LooksRare"
"0xc2bdcb5dd8cb7f4186ba72d0ac8e70788330887b8e7be9777a9d848f5d75bb1a","15581392","1663758935","2022-09-21 11:15:35","Bought","0xf1aabd530c11eb9385e790d98ebb2b793a3d8165","BoredApeYachtClub","2672","721","1","71 WETH ($88,486.59)","OpenSea"
"0x3f1c2804c4b785d5912aa80e3dfa6aa1825ef973abe687b91769e26f72f42c18","15582229","1663769099","2022-09-21 14:04:59","Bought","0xb17cf8ef22a650b6de374a14fb1cabda635fdd8b","BoredApeYachtClub","9948","721","1","93.8 ETH ($116,902.00)","X2Y2"
"0x81ff8d0377fe9bdf547a95ded432889aed790ae5765fee16a94490811799eeee","15583838","1663788647","2022-09-21 19:30:47","Bought","0x0bfff40545a2250c3f11993e7b75dbbcb11e36ac","BoredApeYachtClub","7673","721","1","70.57 ETH ($87,950.69)","X2Y2"
"0xac16b936b371227ee65e14697990596850422e529f0545a1594c9d5da851dab3","15585156","1663804607","2022-09-21 23:56:47","Bought","0x6942049509693fbb63d7f1395dae5cfe1ccec1ba","BoredApeYachtClub","2680","721","1","100 ETH ($124,629.00)","OpenSea"
"0xf896588b3bdee34fba7c4f1603ef3e638f19f9596dfc6015e4271923a588c030","15586098","1663816019","2022-09-22 03:06:59","Bought","0x8046f1a06478a151027b501caa65e841d87ec876","BoredApeYachtClub","9568","721","1","72 ETH ($95,482.80)","X2Y2"
"0x214ff4338865a2d8ec78802cfa5b7935da373c5d33b2ed14836df8732c8733bd","15586390","1663819583","2022-09-22 04:06:23","Bought","0x42180ac05a5cc868ee9a493e2ec59b7f71e433db","BoredApeYachtClub","5458","721","1","74 ETH ($98,135.10)","X2Y2"
"0xe344f2b20b49bf14537c143b824e759fd3493fddcdce5485b0a3d2572b4d7643","15588726","1663847831","2022-09-22 11:57:11","Bought","0x355d9ae5e1280dae29442f250da325a0f7d5545e","BoredApeYachtClub","9355","721","1","75 ETH ($99,461.25)","X2Y2"
"0x951402d15cc1037c173eca0ac02280777717c5eb4929c3ee65a9a8a818b22242","15590154","1663865099","2022-09-22 16:44:59","Bought","0x26206caca89d7047dad7e3a15f18f0614a4b82d2","BoredApeYachtClub","7393","721","1","95 WETH ($125,984.25)","OpenSea"
"0xf1af9b57364943f11a220453cf062911bcb8214da0a4d3cc72723694db9189a0","15590358","1663867547","2022-09-22 17:25:47","Bought","0x834144ed1da093c3057ffb6f0e07289f0bcb8a05","BoredApeYachtClub","2675","721","1","74.69 ETH ($99,050.14)","OpenSea"
"0x532fbff0a84e28ca3be5d7746b15624ec2096b5b8c048d69c23eb63796ad3622","15591154","1663877111","2022-09-22 20:05:11","Bought","0x9355e3fa0d4b14a14ca160497e20438249b7c360","BoredApeYachtClub","6306","721","1","95 WETH ($125,984.25)","OpenSea"
"0xf5ede9165ece41ba737182296ea42467309d574a9c180a6b02ea773bd08a5a8f","15592520","1663893551","2022-09-23 00:39:11","Bought","0x36ab5220c885f4dbe0dad2ecb88d57d363a590ae","BoredApeYachtClub","8941","721","1","133 ETH ($176,484.35)","X2Y2"
"0x9e313bab087a63f04d83a5bc524faa14edfb5aa33d9437587793d4031be4dcb3","15592643","1663895051","2022-09-23 01:04:11","Bought","0x0b3560c195dbd9b48dda03f187769cac6d4980f9","BoredApeYachtClub","1231","721","1","115 ETH ($152,599.25)","X2Y2"
"0xaff9e8a1bb5b3d615336a9e10a5491957805edf3755debdfb2c4d782ea73c33d","15593038","1663899827","2022-09-23 02:23:47","Bought","0x60dbb8cdae2e4fd30c626f916631aa57d68513f4","BoredApeYachtClub","3716","721","1","90 ETH ($119,425.50)","X2Y2"
"0xa39f5a2f56aaf44faa0172fa77069ae204a42519d3d4d8b3e286db44cf4ff7bb","15593130","1663900955","2022-09-23 02:42:35","Bought","0x17d7a5754304ffc13c82ebee0aa1cd3b21cc5069","BoredApeYachtClub","8075","721","1","100 ETH ($132,695.00)","OpenSea"
"0xf50e713d01d20f6d6de5a6bdf99e5927d1237ab39dd1c16916e08a0a66970fb8","15594242","1663914335","2022-09-23 06:25:35","Bought","0x59a851891e2f0a1ea91351b042dd75b10af095d0","BoredApeYachtClub","7673","721","1","73.69 ETH ($97,782.95)","X2Y2"
"0x26fd97402467498a97b24a2e8718109cb85daf9755e2cd4efc7b872c5d0420c4","15595485","1663929311","2022-09-23 10:35:11","Bought","0x4b11e359156458970a55b9bbee4af353404bf4fc","BoredApeYachtClub","9706","721","1","77 ETH ($102,175.15)","OpenSea"
"0x62c85dfe0ed89a9784ab705bc930393547658899f3624e05295f5c208130680c","15595941","1663934819","2022-09-23 12:06:59","Bought","0x2fd427484e244fb5a46c3eccd7486c2acc693d51","BoredApeYachtClub","2836","721","1","79 ETH ($104,829.05)","OpenSea"
"0x2dfca581bbb56853b3dea89b0a5d302decbcf6d1f280103b959f776dcd37c2d6","15597016","1663947815","2022-09-23 15:43:35","Bought","0x00bfbcca7c2b84fa498112e83f22f370ad00e98c","BoredApeYachtClub","8518","721","1","101.69 ETH ($134,937.55)","OpenSea"
"0xba4a2d889565ea57b002595f7f4572260d1bfd18eb16cbcf2410de0c16a602c7","15597260","1663950767","2022-09-23 16:32:47","Bought","0xb7ef760f30d139097ba547bd6f0dfaecbf148452","BoredApeYachtClub","9932","721","1","130 ETH ($172,503.50)","OpenSea"
"0x629961eb0ac8fc779ee095e1c31946161791b9671184c30c627b464a01520fdb","15597372","1663952123","2022-09-23 16:55:23","Bid Won","0x7e9f74ecfa5054b8672db762a2cb977379f33628","BoredApeYachtClub","7445","721","1","78.8 WETH ($104,563.66)","LooksRare"
"0x74c7de5fb646eaeb1ff12935a467e28da43ab5ad0456fcfa806d08b42ef47a0a","15597377","1663952183","2022-09-23 16:56:23","Bought","0x7e9f74ecfa5054b8672db762a2cb977379f33628","BoredApeYachtClub","3041","721","1","77.5 ETH ($102,838.63)","OpenSea"
"0xb80e121cc89e2c0bb1cfce673c130b29aca1f287c0c971dffdb4e346dae39b1c","15597757","1663956767","2022-09-23 18:12:47","Bought","0x0955476b9daec02653e688b865660ca5417faad4","BoredApeYachtClub","4591","721","1","75 ETH ($99,521.25)","X2Y2"
"0xdac92f727410b9c6a42f6397686532aaa28a01f7244385a873bc521d3b539ffd","15598221","1663962335","2022-09-23 19:45:35","Bought","0x7e9f74ecfa5054b8672db762a2cb977379f33628","BoredApeYachtClub","4560","721","1","78 ETH ($103,502.10)","OpenSea"
"0xaddb0ebc33ebaccd7e68bd77c1e2fd1a300eaca873e95ee7ed1349ca4eea3142","15598246","1663962635","2022-09-23 19:50:35","Bought","0xed2ab4948ba6a909a7751dec4f34f303eb8c7236","BoredApeYachtClub","332","721","1","78.98 ETH ($104,802.51)","X2Y2"
"0x080a0ddc74129469b352e5cb6c54edc969184e5f562a32ceae9c9bc04f13797e","15598288","1663963139","2022-09-23 19:58:59","Bought","0xed2ab4948ba6a909a7751dec4f34f303eb8c7236","BoredApeYachtClub","1268","721","1","77.77 ETH ($103,196.90)","OpenSea"
"0x17d8a574306ae5970f31d8b3930ec3bf113c31b6fdf2811ac9e7a377836d4a2f","15598941","1663970987","2022-09-23 22:09:47","Bought","0x8919755f0cc60550b41f72fc5f9d99ebe4a029d6","BoredApeYachtClub","4977","721","1","81 ETH ($107,482.95)","X2Y2"
"0xb5a349978973997dbe6eb2a8ab64c88efc2f236d8977de8f891e905d7bcadfbc","15599554","1663978355","2022-09-24 00:12:35","Bought","0xed2ab4948ba6a909a7751dec4f34f303eb8c7236","BoredApeYachtClub","5672","721","1","78.68 ETH ($103,630.21)","X2Y2"
"0x834ed9123d44ad031e9cec06de921b29d9ca38b11108dd500312388fbfa23e8f","15599712","1663980263","2022-09-24 00:44:23","Bought","0xed2ab4948ba6a909a7751dec4f34f303eb8c7236","BoredApeYachtClub","3357","721","1","80 ETH ($105,368.80)","X2Y2"
"0xbea57c67aca3f2409143dd6dc8bddda26182d31dbd2341fc747a6fde15366a86","15599735","1663980539","2022-09-24 00:48:59","Bought","0xc55d11d884092701b4d4e0c3a875003e67036002","BoredApeYachtClub","9719","721","1","80 ETH ($105,368.80)","OpenSea"
"0xa88c5b82821b451f4630ffec2fbea9d6dc867c2ccce4068bb161f92dc5460a8a","15599761","1663980851","2022-09-24 00:54:11","Bought","0x616413c4a4fee2d64d9f58a56b97684c0e380b37","BoredApeYachtClub","4913","721","1","82 ETH ($108,003.02)","OpenSea"
"0x6a09db955c2c2e5a918576f11768dfcd3f424b15bb2287609dbb1849829c9178","15599776","1663981031","2022-09-24 00:57:11","Bought","0xd8221df2b194f12f1328c2e62eeb8e70ba091e22","BoredApeYachtClub","3047","721","1","75 ETH ($98,783.25)","X2Y2"
"0x9c1365fd107a02a74f11359705417aa6a5b2e38585cc9b77d2218b88a6257d93","15599786","1663981151","2022-09-24 00:59:11","Bought","0x8919755f0cc60550b41f72fc5f9d99ebe4a029d6","BoredApeYachtClub","6140","721","1","84.2 ETH ($110,900.66)","X2Y2"
"0x047cd9a8a41c0fdc20c226841cd2c23ccd021677921d1f8b1e4782cacec78d77","15599961","1663983275","2022-09-24 01:34:35","Bought","0x24278f2643e90b56a519aef6e612d91dca5257d1","BoredApeYachtClub","2276","721","1","95 ETH ($125,125.45)","OpenSea"
"0x405422f8c057b7fe9e8dfa7b68a6529840c03f0785bf03e5c596189119224ea8","15600030","1663984103","2022-09-24 01:48:23","Bought","0x5d5335e6bea4b12dcb942cec1da951ae63f2ae64","BoredApeYachtClub","3047","721","1","75 ETH ($98,783.25)","X2Y2"
"0xf2f9a81a3857fe62ad9f59f56a1d3dee91ea3345bec07e57e381e0ede287c210","15601026","1663996067","2022-09-24 05:07:47","Bought","0xb05cb2b980314b5d13dba4488921ff5bdf3ab690","BoredApeYachtClub","1786","721","1","81 WETH ($106,685.91)","OpenSea"
"0x4ac122b0aff460dd1cceffc7e57cde447f0e0f090a6159113e2077761a2e74fb","15601080","1663996715","2022-09-24 05:18:35","Bought","0xae1a33e8c8e0ab24f744d43f8e187aca5b45b8d3","BoredApeYachtClub","332","721","1","79.25 ETH ($104,380.97)","X2Y2"
"0xde9ec35ae40871fcab9e0d3cdb8f7a7106af6a13e0dca7279bbe2d5305613fab","15601420","1664000831","2022-09-24 06:27:11","Bought","0x6d0267156f1c6ce44caa4bf129b76009d3d41830","BoredApeYachtClub","536","721","1","80 ETH ($105,368.80)","X2Y2"
"0x2dd24d742f6ec0bdfceffb1f3798d04040e0dc0244780b8475ffc4e5c9e0f080","15601948","1664007191","2022-09-24 08:13:11","Bought","0xaeaee46b9ad8e1e213cf6d73b7b31ab19a2bb9be","BoredApeYachtClub","6148","721","1","78.5 ETH ($103,393.14)","X2Y2"
"0x28c4410b853195d1af387e63f22a292c0ae6951074bc3e50d25826f28fc4e80e","15602096","1664008979","2022-09-24 08:42:59","Bought","0xed2ab4948ba6a909a7751dec4f34f303eb8c7236","BoredApeYachtClub","4473","721","1","77 ETH ($101,417.47)","X2Y2"
"0xb5145c96bf2671d319be3c8f4cf650c4baf4afc2fb357845a0da39ddcae7b269","15602404","1664012687","2022-09-24 09:44:47","Bought","0xc612bda4a16c9dd2054e23e0bb5f16b8b073271d","BoredApeYachtClub","3357","721","1","81.4553 ETH ($107,285.59)","X2Y2"
"0x745e5a6c1b8547c23dba0fbef45482b21c99d9ab46ddce2cc361a14d2eeca055","15602570","1664014703","2022-09-24 10:18:23","Bought","0xb7ef760f30d139097ba547bd6f0dfaecbf148452","BoredApeYachtClub","1846","721","1","114.5 ETH ($150,809.10)","X2Y2"
"0xf69d27f4f86e94ed97e6016c1d3676943d14ac04407251cfffb394bff2b7d45b","15602812","1664017607","2022-09-24 11:06:47","Bid Won","0x201195156e8fceaaf21222a18662e56e5424cd1b","BoredApeYachtClub","2069","721","1","85 WETH ($111,954.35)","LooksRare"
"0x77e7ded50d617cf95323d8adfc00897fd0a2cedc0e05ee4569c6fa107b0bf0bf","15603853","1664030135","2022-09-24 14:35:35","Bought","0x1e218a3795479f1a9f0156f6e136db6f1613f7d8","BoredApeYachtClub","9670","721","1","83.8 ETH ($110,373.82)","OpenSea"
"0x7107d918a1868906ffe257c9bd06a9cec2511ebcbf7933ef3ed9da2281f04cb5","15607254","1664071163","2022-09-25 01:59:23","Bought","0x8bbabe07f6b87264b1e63d6c03b10ecd8310d5e3","BoredApeYachtClub","5151","721","1","120 ETH ($155,366.40)","X2Y2"
"0xcfd07e3361022cb0c57bf1fdb6a8066accc6c19944ded7dc3a1dd9b142672682","15608149","1664081915","2022-09-25 04:58:35","Bought","0xed2ab4948ba6a909a7751dec4f34f303eb8c7236","BoredApeYachtClub","7779","721","1","82.69 ETH ($107,060.40)","OpenSea"
"0x4b163eb10191199149eb96738bc8b8d6b91b12305abf5b346d9b1188c22afc82","15608409","1664085047","2022-09-25 05:50:47","Bought","0xed2ab4948ba6a909a7751dec4f34f303eb8c7236","BoredApeYachtClub","7339","721","1","81.042 ETH ($104,926.70)","X2Y2"
"0xe1511cd789ebb03bd7407a5c1b4e5548ec49128f4230debbf132af2086e4b6bf","15610022","1664104499","2022-09-25 11:14:59","Bought","0x4c9a436aef421725a42d5e25db567ccc14436d6f","BoredApeYachtClub","7654","721","1","105 ETH ($135,945.60)","OpenSea"
"0x300ccd25ce02a4c7a79ac38d6d65a1aff2f84baab3367d2cbf271a704b8bdb9f","15611642","1664123999","2022-09-25 16:39:59","Bought","0x4c9a436aef421725a42d5e25db567ccc14436d6f","BoredApeYachtClub","2211","721","1","89.89 ETH ($116,382.38)","OpenSea"
"0x342e5ca370f55c6c5f0ea2a7632eeca1d55651d9458165314b48afa84f3fb6e5","15612820","1664138219","2022-09-25 20:36:59","Bought","0x8ac9ab17d2a40c2213678b556ee597501dc1336f","BoredApeYachtClub","8163","721","1","78.69 WETH ($101,881.52)","OpenSea"
"0x8022f6699abc02a6fa70ac9ad6e61699a845b5de5efc882aed8c0c5a7af44f9f","15612857","1664138663","2022-09-25 20:44:23","Bought","0x70219c18604debf89379d566a622bde2c5bc7621","BoredApeYachtClub","3154","721","1","65 ETH ($84,156.80)","X2Y2"
"0x28af903f29034bbb7d154f196823e79d85a9eeb3dedf784d09742ae2dc5a879c","15613497","1664146415","2022-09-25 22:53:35","Bought","0x7e9f74ecfa5054b8672db762a2cb977379f33628","BoredApeYachtClub","4352","721","1","83.5 ETH ($108,109.12)","OpenSea"
"0xb1b22220b862b47c032d79f866165730bc65aca8294160cefeb2afdc842e2b78","15613708","1664148971","2022-09-25 23:36:11","Bought","0xd8221df2b194f12f1328c2e62eeb8e70ba091e22","BoredApeYachtClub","5672","721","1","78.02 ETH ($101,014.05)","0x Protocol"
"0xa41f8a9a7e3c4a1f08477220d6e779ae11ed247271749fc746ca8b5d0403d029","15613735","1664149295","2022-09-25 23:41:35","Bought","0xf1bcf736a46d41f8a9d210777b3d75090860a665","BoredApeYachtClub","5672","721","1","78.51 ETH ($101,648.47)","X2Y2"
"0x845918b961e5866e358d85fc96e95b17c8075432e1e118529285afaf036c3cdf","15614912","1664163515","2022-09-26 03:38:35","Bought","0x4713aae48823370edb61c9cc3cc3d4f0bf17f2e5","BoredApeYachtClub","2883","721","1","105 ETH ($140,348.25)","OpenSea"
"0xe86cfc92a92da8550aa7d189c055febb5e97a7d7856101e7397456a8ab5ec23f","15615568","1664171411","2022-09-26 05:50:11","Bought","0x1b5f4a31133a985fa99547c1adfdbbd2b3dcf4a8","BoredApeYachtClub","6620","721","1","80.25 ETH ($107,266.16)","X2Y2"
"0x0d4c138ec9c141f2a38a85b68301dc85e499c5cfd2ad9fb4b693550ba2010492","15615628","1664172143","2022-09-26 06:02:23","Bought","0xe51416ef43f4820aaa2b36ddd9cfe1278106190f","BoredApeYachtClub","7339","721","1","80.5 ETH ($107,600.33)","X2Y2"
"0x96effa6c0316282f26b03f5c66de53d7a58a832d8a0600506b2bbc2cc7abf37e","15615705","1664173067","2022-09-26 06:17:47","Bought","0x8f45d77f7c0d8e4023eab2a2e36c83667c6b0253","BoredApeYachtClub","6890","721","1","88 ETH ($117,625.20)","OpenSea"
"0x8c708331ef5faaf9918493cc36b5a7b136259f741e991491be5c46a8ac0140fd","15616370","1664181083","2022-09-26 08:31:23","Bought","0x3bad83b5e9a026774f3928d1f27d9d6c0590da85","BoredApeYachtClub","4275","721","1","90 ETH ($120,298.50)","OpenSea"
"0x8aee99617c3eea0f77d53f5404dd533460694fb2c83c641b8e0da91cbd2eb0f0","15616506","1664182727","2022-09-26 08:58:47","Bought","0x4c9a436aef421725a42d5e25db567ccc14436d6f","BoredApeYachtClub","781","721","1","83 ETH ($110,941.95)","OpenSea"
"0x6046675077398eee1397d6faab18409de82c4a6339e6e589edd6ddca21ae7b36","15617657","1664196623","2022-09-26 12:50:23","Bought","0xbc871a67e5e97c651be7eac8418d4f9a17debe3c","BoredApeYachtClub","5191","721","1","106 ETH ($141,684.90)","X2Y2"
"0x22031cf967e022ab5ce6ffca1dc4a17fd09d4d333d1d9517f953e99fa9a836e5","15618183","1664203019","2022-09-26 14:36:59","Bought","0xa3baff8fc6dda2e9c62d175c4980f9af70c5d687","BoredApeYachtClub","3154","721","1","65 ETH ($86,882.25)","X2Y2"
"0x6925eaff477ca174daeda9adf85849a49eaec7c74a805b37cf904e310dea4a5a","15618372","1664205311","2022-09-26 15:15:11","Bought","0xd64af668d0239153cac3476fbdf5f35b0576d079","BoredApeYachtClub","2672","721","1","71 ETH ($94,902.15)","X2Y2"
"0x384ac66ef0d344a7599e4b7c5d6ef30c4ffccb3cca078f44926b73ebfc22607a","15618480","1664206607","2022-09-26 15:36:47","Bought","0xf97abe183dfecff29275fc4ad8151489f8167ce8","BoredApeYachtClub","4009","721","1","90 ETH ($120,298.50)","OpenSea"
"0xe4a26d8eb18c3ef7007d71be0ffb3393eb261418bdabb527499acf0bf3fb9637","15620097","1664226215","2022-09-26 21:03:35","Bought","0x5d098af58c0622e3a76cbddebb0309623b2be408","BoredApeYachtClub","9658","721","1","87 ETH ($116,288.55)","OpenSea"
"0x080aa1fbfc161e9043e5142062c4e254eb7e7b2335cd6a1b04da69657056734f","15620107","1664226335","2022-09-26 21:05:35","Bought","0xb36ee9d909d2b0d6aaa72473640e204abdfa4cce","BoredApeYachtClub","9241","721","1","82 ETH ($109,605.30)","X2Y2"
"0x0508147ae28ba32e5cda1a420623a6ed097eeb8d3ab1664100ea8db7e3b39fcb","15622097","1664250347","2022-09-27 03:45:47","Bought","0xed2ab4948ba6a909a7751dec4f34f303eb8c7236","BoredApeYachtClub","956","721","1","78 ETH ($103,592.58)","X2Y2"
"0x8777080942aa63f69c396829c4d2d9070adc2bec378c781bb55344dc8b047842","15622154","1664251031","2022-09-27 03:57:11","Bought","0xeec66aae21b019ab0da8cf884bbf4a0c658a6b4d","BoredApeYachtClub","6907","721","1","114 ETH ($151,404.54)","X2Y2"
"0x5312c6bbdc3cbd3e778b40779da00bef230e8a8ebd36e662b4a0f6697443eddf","15624466","1664279015","2022-09-27 11:43:35","Bought","0x656db6380a7a566ffe8994a20a4c97c00a271bf9","BoredApeYachtClub","3155","721","1","90 ETH ($119,529.90)","OpenSea"
"0x465e6797309578b88672f92709ca0e0f7ad253ea9d854160644f86c424685799","15625250","1664288447","2022-09-27 14:20:47","Bought","0x4c9a436aef421725a42d5e25db567ccc14436d6f","BoredApeYachtClub","5544","721","1","107.8 ETH ($143,170.26)","OpenSea"
"0xdfb2ce48528ca435515cd3e30ea9ee15b2c58e8aa145eca1dfb5f7c56d2f1a37","15625253","1664288483","2022-09-27 14:21:23","Bought","0x488db2810beba8dad806c7d237751075dc48364c","BoredApeYachtClub","8879","721","1","90 ETH ($119,529.90)","OpenSea"
"0x0b86257d4fb3feee69c019302564377795cc8eee4b2fc9bd522450831e21a0a3","15626168","1664299559","2022-09-27 17:25:59","Bought","0xf1aabd530c11eb9385e790d98ebb2b793a3d8165","BoredApeYachtClub","5163","721","1","101 ETH ($134,139.11)","X2Y2"
"0x7b3be7d80c7f39d5512e2fd708a7a812adf7b5d115f83cd1e031343bc997449e","15627105","1664310923","2022-09-27 20:35:23","Bought","0x4c9a436aef421725a42d5e25db567ccc14436d6f","BoredApeYachtClub","438","721","1","105.5 ETH ($140,115.61)","OpenSea"
"0x994548e1ccc703416abb7fee64d8168e50b82a5a8820605056e543d8281b2d41","15627322","1664313587","2022-09-27 21:19:47","Bought","0xd9d7046933bd3d0a3e869959ef95e4c41522c1bf","BoredApeYachtClub","8879","721","1","100 ETH ($132,811.00)","X2Y2"
"0x1d256d35e4b35e3b02f71f8332cf69d007b3371f144884e6c1969393227b2401","15629163","1664335871","2022-09-28 03:31:11","Bought","0x138b9057d61e893b72b33ab2d17f24ac87bd33cb","BoredApeYachtClub","9619","721","1","99.9 ETH ($133,581.29)","X2Y2"
"0x096fd2d59956d7fa2134045b91cf841360660de4ff4377676bb1621c0350a373","15629214","1664336483","2022-09-28 03:41:23","Bought","0x6cfdad0772edc2ea15076a9706ec7c1f0a791ac1","BoredApeYachtClub","9605","721","1","79.5 ETH ($106,303.43)","X2Y2"
"0x1d4f0c5c2e2e86ef6c4538d503c1a9eb333b623c4e100b81e11bdaf0693eec76","15629228","1664336651","2022-09-28 03:44:11","Bought","0x2493c86b62e8ff26208399144817ef2898c59460","BoredApeYachtClub","9473","721","1","84.5 ETH ($112,989.18)","OpenSea"
"0xcc0715a97e220780662a53688cae98ca754197f9bd281e06e9df004cd3cdbe43","15629242","1664336819","2022-09-28 03:46:59","Bought","0x4c9a436aef421725a42d5e25db567ccc14436d6f","BoredApeYachtClub","9091","721","1","87.5 ETH ($117,000.63)","X2Y2"
"0xa1885423ddf7a39e0ceace88b3a97cc09376b9b29d6cd6f76a2266770b186622","15629612","1664341283","2022-09-28 05:01:23","Bought","0x4c9a436aef421725a42d5e25db567ccc14436d6f","BoredApeYachtClub","1530","721","1","132.24 ETH ($176,824.72)","X2Y2"
"0xc2edff95ab59996be9eb67433b0530c78c6b353ba04bc1f954adbdbb5651b9e3","15630991","1664357891","2022-09-28 09:38:11","Bought","0x543ecff492b72d041ca1bcb142b749612c9a4dcf","BoredApeYachtClub","7479","721","1","99 ETH ($132,377.85)","OpenSea"
"0xfc0cafc533f1cfd7b2a61443ac4ee5aabf121692b3c447bdf97dd5683bf14d55","15633938","1664393423","2022-09-28 19:30:23","Bought","0x0bfff40545a2250c3f11993e7b75dbbcb11e36ac","BoredApeYachtClub","5454","721","1","81 ETH ($108,309.15)","X2Y2"
"0xb5590bc4eff3675bba913f464d13e312db198169f6c29bd93dd07ac437e8e61b","15636060","1664418995","2022-09-29 02:36:35","Bought","0xb89f66d16e3fcbe1054139167f7f0aa4040a9b75","BoredApeYachtClub","9244","721","1","83.49 ETH ($111,534.29)","OpenSea"
"0xb21d8856f574e921b024971b3a90fe27f0299d227e9784de29edc1455ca548c4","15636066","1664419067","2022-09-29 02:37:47","Bought","0xb89f66d16e3fcbe1054139167f7f0aa4040a9b75","BoredApeYachtClub","127","721","1","83.5 ETH ($111,547.65)","OpenSea"
"0x97471253cbab3d5ca11bcf824da9ac94d9313319eacad2354885b1cff6ce491e","15637669","1664438411","2022-09-29 08:00:11","Bought","0x1649c7e888af08337d4743385f38037b242d24ed","BoredApeYachtClub","2003","721","1","78 WETH ($104,200.20)","OpenSea"
"0x7fe4450e903f4b4cd4cbef9a224068426902c0e8696499c01535b06dc5473918","15642655","1664498675","2022-09-30 00:44:35","Bought","0xcd0b89a35041fe3a648294d5014cf0bfcce2e954","BoredApeYachtClub","8885","721","1","79.5 ETH ($105,631.65)","X2Y2"
"0xaca19c57fc798c713d69a54e5070acef1074ea265d27bc65a99a2756d267b09a","15645133","1664528639","2022-09-30 09:03:59","Bought","0xa4689bd6a34af3781f92d4faf5a93c563089956f","BoredApeYachtClub","9727","721","1","91 ETH ($120,911.70)","X2Y2"
"0x8c68c2fdd44ad05e823e0528c39083f4364d40ab67617482e2ce5827c1a1167e","15646666","1664547095","2022-09-30 14:11:35","Bought","0x543ecff492b72d041ca1bcb142b749612c9a4dcf","BoredApeYachtClub","1996","721","1","98 ETH ($130,212.60)","OpenSea"
"0xf4bd21fcf31f11c889d9c3c8d0e99fa8722fe5cf08ea4c2822307ff7ae4a65e6","15647297","1664554715","2022-09-30 16:18:35","Bought","0x5b1a92c24a12c391b5676a83ce3c0418f737976a","BoredApeYachtClub","3047","721","1","79.75 ETH ($105,963.83)","X2Y2"
"0x99040eb0ed9373be93532315c4c4dfea21d19d43c749834c3030b1e6da576de9","15648141","1664564903","2022-09-30 19:08:23","Bought","0x5d5335e6bea4b12dcb942cec1da951ae63f2ae64","BoredApeYachtClub","1268","721","1","78 ETH ($103,638.60)","X2Y2"
"0x241ca7d4c049c913f7ef6d928f5d6466b693b62c1d71a7597e546805a165de6f","15648479","1664568971","2022-09-30 20:16:11","Bought","0xd3dc20a85f637cceeb95e0d6f6bbb757e73e236b","BoredApeYachtClub","4651","721","1","73 WETH ($96,995.10)","LooksRare"
