"Txn Hash","Blockno","UnixTimestamp","DateTime (UTC)","Action","Buyer","NFT","Token ID","Type","Quantity","Price","Market"
"0x15b40abb086baf2b60bb5a922d227d8a9521774420c2fc1ab607a4d96227ba20","14116914","1643675587","2022-02-01 00:33:07","Bought","0x28ef0ab6595f0c38fb476d125ec6175fd3eeaf6d","BoredApeYachtClub","3966","721","1","119 ETH ($332,027.85)","OpenSea"
"0x6c6e20705a83e6faea3136bac9878449c99e21f030ef20a15f2dbed46541e01c","14117044","1643677347","2022-02-01 01:02:27","Bought","0xeea28a4bbfdaf3cc972916cb7bb6b5cd92844297","BoredApeYachtClub","1005","721","1","149.69 ETH ($417,657.55)","OpenSea"
"0xf73bceff6575399221e2677fff7f3a4d3d68f350da0e4028a2b0cc41f964bc0f","14117582","1643684328","2022-02-01 02:58:48","Bought","0xf7a7f0402c1b4835e1cb1edcd90429b6f65d09b3","BoredApeYachtClub","1381","721","1","120 ETH ($334,818.00)","OpenSea"
"0x7c9eb62bfcdc514d57f121521c4b5274ebc6ea8cd2330b59f0a879dc679920d6","14117724","1643686339","2022-02-01 03:32:19","Bought","0x3db6fddaeab64679d5b178fe806d3b4d73b7fb3a","BoredApeYachtClub","6928","721","1","131 WETH ($365,509.65)","LooksRare"
"0xcff4f5cc8b9fe4fb747e8981cb9beb56a5f8df992a61c21b8986873fd040f903","14118100","1643691013","2022-02-01 04:50:13","Bid Won","0xa254000a65c58d887eab7abdab4a5232c4515b59","BoredApeYachtClub","4250","721","1","116.5 WETH ($325,052.48)","LooksRare"
"0x3a988568cd2fefebe9b2f7d3cb61a7b9b76252df58790d9e2986346e6e75f002","14118278","1643693306","2022-02-01 05:28:26","Bid Won","0x44944113c500d5d656bc49bd019168f05a238553","BoredApeYachtClub","1790","721","1","122 WETH ($340,398.30)","LooksRare"
"0x69e04c6241d91f609cfdea02d7a9e64fc106c698af6bf9c6fadc824a846c2293","14118351","1643694312","2022-02-01 05:45:12","Bought","0x2806214ca8400ee7575ca4de0f9272d440e4f067","BoredApeYachtClub","3680","721","1","175 ETH ($488,276.25)","OpenSea"
"0x3185f91914ac6b81b6deb530d8f65f994c673ebc1307acb6b70aa3d06c6da2b9","14118704","1643698841","2022-02-01 07:00:41","Bought","0x853122933448d4ecbb5403bc72605dadc1caab71","BoredApeYachtClub","8067","721","1","128 ETH ($357,139.20)","OpenSea"
"0x20318c530f1581452da33898b1d0e146c57492371f384f2e657facee3d0f4f25","14118988","1643702873","2022-02-01 08:07:53","Bought","0x801c1ee2f2e847e79b302ad983e2a7f33047434b","BoredApeYachtClub","3535","721","1","132 ETH ($368,299.80)","OpenSea"
"0xd56dc8f0e9ef0e0cc72cf1676e0295a5c85d4838295d1e3e097cb04288f9b233","14119073","1643704144","2022-02-01 08:29:04","Bought","0x85e64098f35b5600dfd1e9b8ec534dffa733779c","BoredApeYachtClub","9897","721","1","120 ETH ($334,818.00)","OpenSea"
"0x06c3c7fa4305cb62020d50ce4eab2540ede9512a843418f44e859654b2972367","14119195","1643705529","2022-02-01 08:52:09","Bought","0x72477f9dee979c12c2a014287ec1320ff1200dac","BoredApeYachtClub","9917","721","1","50 ETH ($139,507.50)","OpenSea"
"0x8aedca4580f7b7340c17ddbce1ba373374fa22e20f6e4275b97e316fccf5bf96","14119306","1643707265","2022-02-01 09:21:05","Bought","0xa0569ae4079667cf8a56f6e017ae775f993f47c2","BoredApeYachtClub","6900","721","1","124.98 ETH ($348,712.95)","OpenSea"
"0x553396dfaada5e9ec58840cc3ab424e4b727d2a3adf38d8695afd4cd6898bcb0","14119511","1643710025","2022-02-01 10:07:05","Bid Won","0x22db32ff3e0af1a75b747b52a44edeb6c575b564","BoredApeYachtClub","7051","721","1","120 WETH ($334,818.00)","LooksRare"
"0x7248421e0d5a3441b6ab9f6801766baf82a42f732bdd94c3c0fd05c72fa2f797","14119740","1643713464","2022-02-01 11:04:24","Bought","0x206d8389519e0029ae0a7b19f9382fa116af5c95","BoredApeYachtClub","9482","721","1","135 ETH ($376,670.25)","OpenSea"
"0xf26e40ea691c1d0e10cb9c4f5fb94dfc47eb9db7a0f0982ca972b0c09dd7e58b","14120629","1643725587","2022-02-01 14:26:27","Bought","0x090287febbfff70be7a0f8ff2409e07c215e6152","BoredApeYachtClub","8357","721","1","124.99 ETH ($348,740.85)","OpenSea"
"0xc5f59281385a38c883d9f4c2b22240cd6b8d9a29ea30feec34cff1653d2ea1b4","14121298","1643734447","2022-02-01 16:54:07","Bought","0x97acef8388579e8641ea82258044e8996337abeb","BoredApeYachtClub","9029","721","1","119.42 ETH ($333,199.71)","OpenSea"
"0x3a580fd591f03d2c079723f4a102024b5f5bbf87e820f1468dd8a1a55b217896","14121319","1643734740","2022-02-01 16:59:00","Bought","0x3fe798b21147f9f3dc97a2f15ad9750f888de976","BoredApeYachtClub","717","721","1","118 ETH ($329,237.70)","OpenSea"
"0x9739ccdb420fcfa49e05ecf0a9c97b9996ba211086f3bb68ef4b6c2c6b94794e","14121414","1643736040","2022-02-01 17:20:40","Bought","0x8675d32e2cb8b2ab84c9e968f3140213303b1318","BoredApeYachtClub","8005","721","1","125 ETH ($348,768.75)","OpenSea"
"0xd6884cfaf17bb2ef941d174e4db42d4577084fe2bb4245a49ce5aab91bfdc26d","14121418","1643736096","2022-02-01 17:21:36","Bought","0x39fec2e2beab6a63c1e763d0dc4120af60bee39f","BoredApeYachtClub","5243","721","1","158 ETH ($440,843.70)","OpenSea"
"0xd07fd0958ada2df7d05e43e876228652c2a2241d21fe98ad6dfe415cce8d96a4","14121575","1643738015","2022-02-01 17:53:35","Bought","0x0514a89b8bac595e323603cc3c0a1cb765e99eb2","BoredApeYachtClub","5851","721","1","116.9 ETH ($326,168.54)","OpenSea"
"0x14a01f20bdbc1c807e626e12adb6f41175b4138f00dc7a50282a1fd693bec7ce","14121838","1643741611","2022-02-01 18:53:31","Bought","0xd08cc5cbd1012c6c4ef7a47c047dec036d51d54f","BoredApeYachtClub","7946","721","1","116.5 ETH ($325,052.48)","OpenSea"
"0x3360af0c237b681e7f68d58699ef6b02f4137e8babd16f7f1df5336f8660c854","14121864","1643741878","2022-02-01 18:57:58","Bought","0x8e9a5a46928e04912a4a49533abf09c1c107bfca","BoredApeYachtClub","282","721","1","122.5 ETH ($341,793.38)","OpenSea"
"0xf4d7385d713aa8db470ca1a03ec1a3e9f6522a0ba2cae34523c390b31df257f7","14121864","1643741878","2022-02-01 18:57:58","Bid Won","0x352e32ad9791c5cc8d8614cfd0748fa6500400fc","BoredApeYachtClub","7982","721","1","118 WETH ($329,237.70)","OpenSea"
"0x312ec84c415c59b0a1440ed80263f0f46de827c6af1d4c0757617f8e920080d2","14121870","1643742010","2022-02-01 19:00:10","Bought","0xfa0084b0be1a55523116223f56242ec470d21e1a","BoredApeYachtClub","669","721","1","118 ETH ($329,237.70)","OpenSea"
"0xcf592d142cd6d4bd9540ce1d9e9b5917c74b6b79f9cc0400e2f542eb991c4af8","14121880","1643742114","2022-02-01 19:01:54","Bought","0xfa0084b0be1a55523116223f56242ec470d21e1a","BoredApeYachtClub","7570","721","1","117.5 ETH ($327,842.63)","OpenSea"
"0xfca50b6876c3b80e00d8a7256d4262bdf9c75f8f186a55b2656d61a0d1e19359","14121900","1643742293","2022-02-01 19:04:53","Bought","0xfa0084b0be1a55523116223f56242ec470d21e1a","BoredApeYachtClub","6300","721","1","117 ETH ($326,447.55)","OpenSea"
"0xf239bef5f4ec0cf7a1fd24866e03c3e1a0205f4509771650ea41ea1a1d567f15","14121931","1643742646","2022-02-01 19:10:46","Bought","0xd8e749e457fcd1918c9a589bfaa87db9f8e154d6","BoredApeYachtClub","2670","721","1","125 ETH ($348,768.75)","OpenSea"
"0xdbc53b54db5dc9294eb8d1239f554398f3422bae07761b6c381cce58cb43523f","14122027","1643743649","2022-02-01 19:27:29","Bought","0x62261bae83431db16d01589256e9b39e0d46079e","BoredApeYachtClub","602","721","1","150 ETH ($418,522.50)","OpenSea"
"0x6c1b35e6de8235de5ed3c5e987ae8b0b9276549eceb9e3411b7b0963632d40c0","14122246","1643746589","2022-02-01 20:16:29","Bought","0xd8fdd6031fa27194f93e1a877f8bf5bfc9b47e1e","BoredApeYachtClub","9268","721","1","120 WETH ($334,818.00)","LooksRare"
"0xc5570babc841d15c7846ae601c5b4989cd51668041a7180f1179152d01e22089","14122620","1643751755","2022-02-01 21:42:35","Bought","0x3d216c627351e53669f138fd6e1e3e1f31b5dff0","BoredApeYachtClub","5574","721","1","123.45 ETH ($344,444.02)","OpenSea"
"0x455ce3977b388b7122dc463a74ec1c775b78ea8cbb96af21bd9b47e02d89dadc","14122680","1643752501","2022-02-01 21:55:01","Bid Won","0x053c07c8c7d6cb9b6e78c9df3436cfb0fd72b1de","BoredApeYachtClub","8548","721","1","134 WETH ($373,880.10)","OpenSea"
"0xf773f62087b4860ea1517833262ec2493aa247d1645554b0c59ed134d88222ed","14122707","1643752813","2022-02-01 22:00:13","Bought","0x05a9d39e168fd7aca02970be894aea848d85bd33","BoredApeYachtClub","4329","721","1","120 ETH ($334,818.00)","OpenSea"
"0x28ac1726cc317c7c6b760361d6536ad127abc9ff110be9fb39c00b33e7828d7f","14123574","1643764190","2022-02-02 01:09:50","Bought","0x99fa5ce33ba89aab922cdaa473df06b7f330802a","BoredApeYachtClub","3634","721","1","113 ETH ($302,965.43)","OpenSea"
"0xbc654a764938c8558161fcbcaa7d78e10f7a423de0d7901710cbfe595866754c","14124502","1643776407","2022-02-02 04:33:27","Bought","0x8ffd0b26e7a5d1b535bcc3227b44a933fff0d338","BoredApeYachtClub","7032","721","1","115 ETH ($308,327.65)","OpenSea"
"0x44430ab41e9601999c811bae4c95273a1218dc18c222ec6f1f1916059423c425","14125014","1643783314","2022-02-02 06:28:34","Bid Won","0xd5e8ca6c9e54f0e06a297f6634191244aa7aaf82","BoredApeYachtClub","3851","721","1","127 WETH ($340,500.97)","OpenSea"
"0x37e3bd223e1bbfe51ae000279a43653f1ed18a6d998b6472e4cf9b2d6585dc68","14125116","1643784592","2022-02-02 06:49:52","Bought","0x4f23098268b4d97fa339c2004c4e37d137e46178","BoredApeYachtClub","6869","721","1","128 ETH ($343,182.08)","OpenSea"
"0x302b0fc0fa6a195b6288a0f0ff1bb739256976a12dbd9bda98941f4649c5c200","14125452","1643789073","2022-02-02 08:04:33","Bought","0xbe13cdad7df8bd3c7f481b78ddb09314313c33e3","BoredApeYachtClub","5824","721","1","109 ETH ($292,240.99)","OpenSea"
"0x578faef33d095f060b5984354e8031ddb4644f784b0bcdcbd63420c3c13a7d1a","14125495","1643789744","2022-02-02 08:15:44","Bid Won","0x8e9a5a46928e04912a4a49533abf09c1c107bfca","BoredApeYachtClub","9261","721","1","125 WETH ($335,138.75)","LooksRare"
"0xd8c7890d1876f15e9ab447d4b5c345dcc3e20db2ada061baf0afd18b86c82d94","14125518","1643790115","2022-02-02 08:21:55","Bought","0x8803365ba597e1091bf1bce491555e525aa29a1d","BoredApeYachtClub","337","721","1","170 ETH ($455,788.70)","OpenSea"
"0xee77a5b1054599e18379216e17642b396604b11db9ee57243a47a97566dbba61","14126467","1643802724","2022-02-02 11:52:04","Bought","0xe6563194f9baa6e3064086a98bf73608fc17cbfd","BoredApeYachtClub","6415","721","1","109.69 ETH ($294,090.96)","OpenSea"
"0x914caa62d82a54297eace1599e2439db52fb9057cbce19d45740f1f9ae27d4a0","14126926","1643808905","2022-02-02 13:35:05","Bought","0x40f0f1f2bdfbf0faab4ae06962268b9a8d28af3c","BoredApeYachtClub","5945","721","1","110 ETH ($294,922.10)","OpenSea"
"0xe0be417d5c179f40759b54a7792485574d56efae42f7fdd1453ac1140afacc84","14127149","1643811899","2022-02-02 14:24:59","Bid Won","0x61a4fc9028048e562b2a49d8dccf2378b644df03","BoredApeYachtClub","9241","721","1","83 WETH ($222,532.13)","OpenSea"
"0xcf933883d25912f3d525b1abbff7514a2fd57ed96eaa82c3bd62881efe961279","14127325","1643814262","2022-02-02 15:04:22","Bid Won","0x3b7340e0cbb7bbd29ff3f0b1d33fbde3b12ddb39","BoredApeYachtClub","9821","721","1","95 WETH ($254,705.45)","OpenSea"
"0x79cb4cb8c557a3634d323dad969686fb83efe4ba6d46a9f1a74f160e78412f12","14127816","1643820833","2022-02-02 16:53:53","Bought","0x68ea913a3caad9f917ba458897284364d33456e3","BoredApeYachtClub","2604","721","1","100 WETH ($268,111.00)","LooksRare"
"0x934b7ac6832dab44f0d7e1daef11869dfd033b2e84c33d31706fb426f6a69e5b","14127897","1643822023","2022-02-02 17:13:43","Bought","0xb4281c6f9b20bd1658f25c894f31a3690dcbcfea","BoredApeYachtClub","2208","721","1","95 WETH ($254,705.45)","LooksRare"
"0x8c96d86ac19716690d84c1231d36442da7e6b69939ccb614f81f46878d941321","14127959","1643822820","2022-02-02 17:27:00","Bid Won","0xa961d7d90e819a35ec0853cc623c8fa2e6113943","BoredApeYachtClub","9019","721","1","102.5 WETH ($274,813.78)","OpenSea"
"0x2f99cf193afab42a93103c03c9833a3fde0a853e7d20582154eeb858371976c3","14128158","1643825428","2022-02-02 18:10:28","Bought","0xe71190560bce6095eb0c78cce170518e0c43cddb","BoredApeYachtClub","9558","721","1","98 ETH ($262,748.78)","OpenSea"
"0xb3c205524cfa74c12d25b14288bef90329825635e4bfaf8608288f4d7be31a30","14129545","1643844077","2022-02-02 23:21:17","Bought","0x223a1b48af9d4498e6334c85efb405983f1ef649","BoredApeYachtClub","4523","721","1","103 ETH ($276,154.33)","OpenSea"
"0x6bcd8c408e22054277e5fc5ddbd4a88196fbcb5592a0ea41cd959f74255c2fe7","14129827","1643847718","2022-02-03 00:21:58","Bought","0x48cbcfdc54561cdf92a662876b73edba390829f6","BoredApeYachtClub","8095","721","1","99 ETH ($267,020.82)","OpenSea"
"0x209300c68d49ef7e64e3c0dbb6db983de3a74fe4542f19c773a51fc59ba86310","14130001","1643850023","2022-02-03 01:00:23","Bought","0x5d13e62c715e69d55a355d66a6555ffdffdb87e8","BoredApeYachtClub","9090","721","1","104 ETH ($280,506.72)","OpenSea"
"0x2c78dcfa80d83b7126a3d70997cf5c190af62bd5fae7615edf437f2419cac25d","14130257","1643853680","2022-02-03 02:01:20","Bought","0x4f23098268b4d97fa339c2004c4e37d137e46178","BoredApeYachtClub","2967","721","1","140 ETH ($377,605.20)","OpenSea"
"0x2b4b83a529487c03caa349543d59c3b8af14c50b8779a22d810442377eea310e","14130672","1643859571","2022-02-03 03:39:31","Bought","0x8c6c8f26b48549295c8ff74ee64f319468a9176e","BoredApeYachtClub","2742","721","1","133.333333333333333333 ETH ($359,624.00)","OpenSea"
"0x47bd46034651545b3d05ec515df90c54c5f85680d6eb3e0591a0b63599d6b0b1","14130677","1643859684","2022-02-03 03:41:24","Bought","0x0e1c3d5357c34f5cba26d9bf6f750cba14bb2653","BoredApeYachtClub","8936","721","1","105.27 ETH ($283,932.14)","OpenSea"
"0x72835ffddf8e2789756dca1df718f4cff670786ebe20920f0e5f5ecb507fa3ff","14130705","1643860085","2022-02-03 03:48:05","Bought","0x24476341a2a33c12fdb84b100102ae55b1b99956","BoredApeYachtClub","779","721","1","100.5 ETH ($271,066.59)","OpenSea"
"0x474e312ec7e325f0e6dfad38ab3096690145f4a128a6ff4e3bc71bffe1f72e45","14130762","1643860794","2022-02-03 03:59:54","Bought","0x898bd919ad1bad4fd7b2a1672126c5df7bc0e03e","BoredApeYachtClub","2594","721","1","106.99 ETH ($288,571.29)","OpenSea"
"0xd0e02ded3b82fa4d04e0d77bc07b490c1ce0e3af72f97aa8f43cfac405fba073","14131219","1643867114","2022-02-03 05:45:14","Bid Won","0x63ab5e4585117bbae537758cad594933d5459e28","BoredApeYachtClub","3683","721","1","88 WETH ($237,351.84)","OpenSea"
"0xad6b3ff5e02c58d5bd5888fd2ee82b5554a88153cc68122e3ef12b476ec4035c","14131875","1643876038","2022-02-03 08:13:58","Bought","0x3da83f10a57e6e36b53c102c6c9a42b89daf0026","BoredApeYachtClub","6123","721","1","97 ETH ($261,626.46)","OpenSea"
"0x9ecb45e90311ae86a024af169626552b546c4f269e66e0048375f5b7644b3be1","14133247","1643894387","2022-02-03 13:19:47","Bought","0xc3874a2c59b9779a75874be6b5f0b578120a8701","BoredApeYachtClub","4104","721","1","103 WETH ($277,809.54)","LooksRare"
"0xe509ad6420e00e4b968f7001a1fa95b082ef97e4907ac7a6305d33440c63769c","14133304","1643895144","2022-02-03 13:32:24","Bought","0x3aec1bcb575817218a8461739e26dcc29bf035f8","BoredApeYachtClub","9076","721","1","99.9 ETH ($269,448.28)","OpenSea"
"0xc19e2620db98603b473ac6f1d8c62dd7501ee53432ae7834cfb91d81976c2513","14133445","1643897013","2022-02-03 14:03:33","Bought","0x40bdd53703448ecaadf06fab1a3814167df71978","BoredApeYachtClub","8095","721","1","105 ETH ($283,203.90)","OpenSea"
"0x2be1baafdab44936798022e529cd3aec4f22ab4d7fa812871392b4c7b17c1bfa","14133676","1643900223","2022-02-03 14:57:03","Bought","0x2875a263546e9edc3349489238d8571e5be21726","BoredApeYachtClub","5522","721","1","107.69 ETH ($290,459.31)","OpenSea"
"0xd5a5e0e5dd708a9fdd06053830c99720106ae39b112c6b97a4c93aaecbb948da","14133691","1643900541","2022-02-03 15:02:21","Bought","0xcfc50541c3deaf725ce738ef87ace2ad778ba0c5","BoredApeYachtClub","3050","721","1","123.69 ETH ($333,614.19)","OpenSea"
"0x3b6916c3ee01c7943aa517f0c781b23d1fe0877515f3e98f3a7e4c551d0a9c3e","14133874","1643903108","2022-02-03 15:45:08","Bought","0x98ed15c309e734466d0f6ec80fc81a5b8c2a9caf","BoredApeYachtClub","6688","721","1","120 ETH ($323,661.60)","OpenSea"
"0xcc55416f5a047f416d198f10ba0529b0bd34e835badf08455652466b91e3eeed","14134533","1643911423","2022-02-03 18:03:43","Bought","0x11dbb4c3f51584090397e1d7b5f67023292dd58b","BoredApeYachtClub","1487","721","1","99 ETH ($267,020.82)","OpenSea"
"0x16c27a297c62d5b978eb788b8a1fad4280d75f0eab42349733e7281ac9a7e42d","14134607","1643912224","2022-02-03 18:17:04","Bought","0xf428227b9679a938fa44dc09e0dbb38cb8e49e90","BoredApeYachtClub","1633","721","1","148 ETH ($399,182.64)","OpenSea"
"0x50cb776a3c0c2baddb800968d7f985dd1ec63ad5c1da4b42559f08b3b9545670","14135518","1643924775","2022-02-03 21:46:15","Bought","0x44874658340fa4ebe399546841319655fb606a45","BoredApeYachtClub","4051","721","1","103.9 ETH ($280,237.00)","OpenSea"
"0x866edeb335ced00e4f40c8afa3b7a7a5388e4953200fba071d44114165b21c09","14135969","1643930492","2022-02-03 23:21:32","Bought","0x5cbdccb21447cdbc7491402808c205848f19dd19","BoredApeYachtClub","5234","721","1","99.2 ETH ($267,560.26)","OpenSea"
"0x30a6bdb0254959a5ad030be3564adee5b121e03c3648e4268499904726cb92dc","14136503","1643937611","2022-02-04 01:20:11","Bid Won","0x59265c2f1e8cfc6ce4d918da3df3f160d75568ea","BoredApeYachtClub","7957","721","1","72.69 WETH ($217,865.01)","OpenSea"
"0x072803af9102ffdba26efc1fcb6ef615cad68b02f279acfabc120673e945d7fb","14136594","1643938872","2022-02-04 01:41:12","Bought","0xe21dc18513e3e68a52f9fcdacfd56948d43a11c6","BoredApeYachtClub","3850","721","1","166 ETH ($497,531.88)","OpenSea"
"0xf02fff87dfa6aeee79fe66371efdda0db66b05ab7c4eeb2d3de093dc2af77eb9","14136891","1643942757","2022-02-04 02:45:57","Bought","0x5ac7983a4faafbee0150a8bf8100960887f1b102","BoredApeYachtClub","2276","721","1","183 ETH ($548,483.94)","OpenSea"
"0x37c0e02296a075fa6f520e35395a49067853e07605c22dc76ef303aa564ad5d9","14137539","1643951499","2022-02-04 05:11:39","Bid Won","0x840de9986997435983f3d827df933638f1ed23d7","BoredApeYachtClub","7985","721","1","140 WETH ($419,605.20)","LooksRare"
"0x18e4e1ccba0148d5145eccadfebaefe1d924fe8bf32ffe12f4d180a7c0e57c39","14137584","1643952124","2022-02-04 05:22:04","Bought","0xcfc50541c3deaf725ce738ef87ace2ad778ba0c5","BoredApeYachtClub","1819","721","1","99 ETH ($296,720.82)","OpenSea"
"0x532246ebb60b20bec04662f3a3d7564b027aa0baf6fe1a36c67398fe1b823c1e","14137590","1643952222","2022-02-04 05:23:42","Bought","0xcfc50541c3deaf725ce738ef87ace2ad778ba0c5","BoredApeYachtClub","3506","721","1","110 ETH ($329,689.80)","OpenSea"
"0x803737e77ef1795bd3b92f0da9c014dce115164037ba4b81b8a09d91f7942fc1","14137596","1643952340","2022-02-04 05:25:40","Bought","0x9150df052c9ce5a68fb3a0028a657a274ab43258","BoredApeYachtClub","4991","721","1","130 ETH ($389,633.40)","OpenSea"
"0xd6e0e52c6666b130fe7bd636367d8bc3a917f85c2071cde83c8b4e6687c2d5a2","14137724","1643954026","2022-02-04 05:53:46","Bought","0x6c48abc33ac232c1c5560285bbf63e9125944aac","BoredApeYachtClub","320","721","1","120 ETH ($359,661.60)","OpenSea"
"0x2153434170e1eb2b6b8c1cbe01cbd6d0479a506ba2f2390596140601beba8397","14138040","1643957983","2022-02-04 06:59:43","Bought","0x2674b201050e0e0b1c826db06a76fc9674292763","BoredApeYachtClub","2810","721","1","100 ETH ($299,718.00)","OpenSea"
"0x06a675514985a8338290ce1899303ab32b8e7568df9d57efcfaf929a3a7aa90e","14138192","1643959964","2022-02-04 07:32:44","Bought","0x0514a89b8bac595e323603cc3c0a1cb765e99eb2","BoredApeYachtClub","2863","721","1","125 ETH ($374,647.50)","OpenSea"
"0xda2178628f6dd6ab87abbd9f88eea37c9e21089373b0094d7814d173c793e384","14138861","1643969326","2022-02-04 10:08:46","Bought","0xeaf9f4f9afe7a1e61549fed36b4f0c4021a44a8a","BoredApeYachtClub","2020","721","1","130 ETH ($389,633.40)","OpenSea"
"0xa6102a97240ecfab535cebb6a0239303d53c319d4a3c0cd81599b573149f375c","14139909","1643982882","2022-02-04 13:54:42","Bought","0xaca26abf289dc8c909b576b57d89a992ee92082e","BoredApeYachtClub","1166","721","1","99.3 ETH ($297,619.97)","OpenSea"
"0xd0a482e994b53cff7a2d1d812d0afc54d5d715cd31f80aa876c5304eb5f43294","14140208","1643986895","2022-02-04 15:01:35","Bought","0x42d69f67a14753824ff1ae387a98cc0d490d0474","BoredApeYachtClub","9673","721","1","126.942 ETH ($380,468.02)","OpenSea"
"0x71d8553873e8ab94028391a33fe95b4e6fe4b5fc0fd820684c0a66b32e4d6110","14140389","1643989249","2022-02-04 15:40:49","Bid Won","0x69a8ff43d44ca25e0af4061fef73a738e100361c","BoredApeYachtClub","5411","721","1","119 WETH ($356,664.42)","LooksRare"
"0x5defbb9f240de9fbc45a6ab169ace5728055f1c6c145e7cb15fed3eb36c3ffbd","14140692","1643993175","2022-02-04 16:46:15","Bid Won","0x3829e2c5862bcf52c21c1710dfa60d6650294099","BoredApeYachtClub","7370","721","1","107 WETH ($320,698.26)","LooksRare"
"0x20a768ba8a4d63545b487066a365ef05cf6e0de0843e72a5071043665860d634","14140693","1643993196","2022-02-04 16:46:36","Bid Won","0x1058eb5261010d18cc8dc770637cba2ac164f31a","BoredApeYachtClub","5701","721","1","109.77 WETH ($329,000.45)","LooksRare"
"0x8d75ca8a2d1371be28f7462cce8dbca4b8b865d4202e065d48dd7035e3ea7294","14140707","1643993416","2022-02-04 16:50:16","Bid Won","0xed2ab4948ba6a909a7751dec4f34f303eb8c7236","BoredApeYachtClub","1791","721","1","99 WETH ($296,720.82)","LooksRare"
"0xb6cb6481eda6e23e42e73843d5701b12b64ac6724d11a4c507edc642ee6ddbe5","14140849","1643995542","2022-02-04 17:25:42","Bought","0x9f6bf4eed59f2f8e2ddc9cd52957bad550e5ca5a","BoredApeYachtClub","7720","721","1","103.69 ETH ($310,777.59)","OpenSea"
"0x43e6cf16136bf9cf4be69ca80b82dcb66287d0ddffc7c19adf90be0c6c50f62d","14141364","1644002136","2022-02-04 19:15:36","Bought","0x6d790d9e11e8bf869cb4c8d800f5fe57d94fb8e7","BoredApeYachtClub","8710","721","1","99.69 ETH ($298,788.87)","OpenSea"
"0xdcf093c06e48c89c28b5ce884a5a9984f9c2e616be0d6a07bb94872766e25a97","14141447","1644003136","2022-02-04 19:32:16","Bought","0x26d5e7969a918cae6af67de09c350b5625164691","BoredApeYachtClub","2370","721","1","115 ETH ($344,675.70)","OpenSea"
"0x34b5f879394faf756402716491844eb4485b98d371fd7251bf7b0d3edb184699","14141558","1644004633","2022-02-04 19:57:13","Bought","0x9aef7c447f6bc8d010b22aff52d5b67785ed942c","BoredApeYachtClub","5815","721","1","150 ETH ($449,577.00)","OpenSea"
"0x083244a7f09c43acf5876003c224421c7d8bdc025d402695c358d02a27bffecc","14141774","1644007192","2022-02-04 20:39:52","Bought","0xe67112647b7aea8b7490f27e1c75208868138df2","BoredApeYachtClub","4960","721","1","99.9 ETH ($299,418.28)","OpenSea"
"0xfcfd9a421e82b361e223ed67d3372ec905ce8d6e89d6a1247a0f485a2a446304","14141800","1644007529","2022-02-04 20:45:29","Bought","0x9bb2bb8aedc2dd7e343306862b9c8b3ebef1fef4","BoredApeYachtClub","6169","721","1","101 ETH ($302,715.18)","OpenSea"
"0x6797e3d403f28c51b6ae1ccc43d4fce33ec97c481fe030fa7514f2ac2ff5b2d5","14142089","1644011062","2022-02-04 21:44:22","Bid Won","0x19e389d6c2d2eae2da32287e4691e08e32d2ae4f","BoredApeYachtClub","3511","721","1","110 WETH ($329,689.80)","LooksRare"
"0x39c82d6c9f79f1733b861039f3b348f8da087ceee694de590d289857cbdaff42","14142749","1644019877","2022-02-05 00:11:17","Bought","0x675e4accf559807ede5a1a159a8579c7d5344b5e","BoredApeYachtClub","4031","721","1","139.99 ETH ($422,106.25)","OpenSea"
"0x71f43059d7d3b695cc77614fd8274caadf06231945878b29c19cbfebbe9c13c4","14144089","1644038843","2022-02-05 05:27:23","Bid Won","0xbdcbd84b7272e66d66be31acda10311bb2d3cbaa","BoredApeYachtClub","5046","721","1","130 WETH ($391,983.80)","OpenSea"
"0x02806e9833441ef8f73021e2f079b45077674775f464df1fbcfa4df031376bf0","14144989","1644050706","2022-02-05 08:45:06","Bid Won","0xc3356a39c71ba301c41162b4958dd7e66aa2d79b","BoredApeYachtClub","9917","721","1","133 WETH ($401,029.58)","LooksRare"
"0xadfb5b5a26a93f3b141b18d1545b9b81e44fc0d600305d6ffce5e621503f9fed","14145189","1644053415","2022-02-05 09:30:15","Bid Won","0x20c3cc9e8869adc1b7efad187f10969a449653f5","BoredApeYachtClub","7202","721","1","90 WETH ($271,373.40)","OpenSea"
"0x09abb135a7bc156434a711985e7418c90e05217701a151669cd31149215500ca","14145303","1644054943","2022-02-05 09:55:43","Bid Won","0x1fd2978ac57fb2f459ef1ab7812b58f29ab437ba","BoredApeYachtClub","4701","721","1","99 WETH ($298,510.74)","OpenSea"
"0x00b6461999b7e65a50d72b2b6a79057effbe3c26943a8b6218b4d9f896049f47","14145583","1644058381","2022-02-05 10:53:01","Bought","0x6d0267156f1c6ce44caa4bf129b76009d3d41830","BoredApeYachtClub","1606","721","1","136.1 WETH ($410,376.89)","LooksRare"
"0x71d8145806e91d0fb6da221fb42f7ba7ef1cc6cb43ce6a96f81dd5a76c85857f","14146361","1644068965","2022-02-05 13:49:25","Bought","0x3499c6b65b080891e0054203dcb5e0f1b346a215","BoredApeYachtClub","1898","721","1","100 ETH ($301,526.00)","OpenSea"
"0xce47d090735ec6f69c6c013a8d6d1225483239623b8eac956a119cb46d905845","14146762","1644074528","2022-02-05 15:22:08","Bid Won","0x03edc8fb25596306c478797bbef04813db7b06dc","BoredApeYachtClub","7983","721","1","109.69 WETH ($330,743.87)","OpenSea"
"0xb290492ff46ee0d874244383a8d26a97cebd0f3ee5db37cae40619df8029fc9f","14147167","1644079896","2022-02-05 16:51:36","Bid Won","0x688d747ce287b760d48f411c86c605d8671d0a64","BoredApeYachtClub","5228","721","1","98.25 WETH ($296,249.30)","OpenSea"
"0x54c408a06573ec7b60bedc799600b056d7dddcca6eb89f9823db36a8430974ef","14147220","1644080598","2022-02-05 17:03:18","Bought","0xb8f5e8c6503a1b9a863799884f314c64770cf694","BoredApeYachtClub","7448","721","1","117.88 WETH ($355,438.85)","LooksRare"
"0xfc49283116441abc3f4907e208039f7ee105239112d9184334ee6ceedcd3fec3","14147535","1644084638","2022-02-05 18:10:38","Bid Won","0x7eee817ddcfc513645b67e535193d2047b29efe9","BoredApeYachtClub","7914","721","1","95 WETH ($286,449.70)","OpenSea"
"0x298b333097c9ada809066ab35a0f5ee2d9c49f13a73b00f0e2b18b85482f2712","14147548","1644084888","2022-02-05 18:14:48","Bid Won","0x7a5ead0ec37bca5aa4b27cf094ffcb1bd42aba11","BoredApeYachtClub","7150","721","1","101 WETH ($304,541.26)","OpenSea"
"0x56819f6d367050bf8deea404526d8cfda1c6cb117a66fa83f142e62ceb4072f9","14147578","1644085304","2022-02-05 18:21:44","Bought","0xcc89db0941759b8a1b34fb9dfa24e1b3dba143f2","BoredApeYachtClub","4754","721","1","100 ETH ($301,526.00)","OpenSea"
"0xbaab4f369a81d8232bbee539c211cd886daab492bad7b8bf5508d6d8ab39958c","14148022","1644091465","2022-02-05 20:04:25","Bid Won","0x13ad898d74bd0b193a8ee12c487037982c78f4b9","BoredApeYachtClub","2609","721","1","105 WETH ($316,602.30)","OpenSea"
"0x223bd615ac1444ce34fb4a4ddaa6a65a51ed5e45cc3da7789eee0fd2b48aa1a4","14148458","1644097303","2022-02-05 21:41:43","Bid Won","0x5a0edf13fc5dcd54f5ea567786ee011f261d51c3","BoredApeYachtClub","6426","721","1","113 WETH ($340,724.38)","OpenSea"
"0x9329a296c290f3d290c2c5183693924555b094c9abf86af968a926619a0c99fa","14148681","1644100096","2022-02-05 22:28:16","Bought","0x4d14ad8f6f891f4421c80ce9a37cf3e1d55e7aa0","BoredApeYachtClub","4536","721","1","105 ETH ($316,602.30)","OpenSea"
"0x97c95d9e891f22533924e936764ae2111432afaea73db16f600d1b2c0387aea8","14148800","1644101674","2022-02-05 22:54:34","Bid Won","0x298d5537c181766d22a27d40b90a9c8cca5b5ad5","BoredApeYachtClub","2282","721","1","104 WETH ($313,587.04)","OpenSea"
"0x399aa9134e340498d50e477248b71708b3d2ba258b2f71f82c8cb5b633f4998d","14149037","1644105092","2022-02-05 23:51:32","Bought","0x6b208402b6694d6ec02a9a3ce5bcf485972522b5","BoredApeYachtClub","629","721","1","118.49 ETH ($357,278.16)","OpenSea"
"0xb05c2e94a46fe1def878d780e7d2c09f2d4a726b9629969a847c30baadc448b2","14149138","1644106557","2022-02-06 00:15:57","Bid Won","0xa2fa5595c036499e7ec4ee9e0476b285881f1b9c","BoredApeYachtClub","2945","721","1","100 WETH ($305,768.00)","LooksRare"
"0xdc1b6cb6beb50007e76295e71ad9aa3bedcfc6e26e8b31d98cf30dc7ce3eccf4","14149173","1644107019","2022-02-06 00:23:39","Bid Won","0xd1dd2e62aa7f24d60ee25d3623a56c376ff6076c","BoredApeYachtClub","9241","721","1","99 WETH ($302,710.32)","LooksRare"
"0xdd2345837c9fdda5652036979efb7881d29e490c340d71ccf6fc19a4e68282b3","14149229","1644107847","2022-02-06 00:37:27","Bought","0x70ed00e20dd88e7bb74be284a2c8adaa2ab394bb","BoredApeYachtClub","8794","721","1","104 ETH ($317,998.72)","OpenSea"
"0xd380aa5a887646120f3fbe82a171c80b648684d14c02adb5f1cac08ba9d7b8b1","14149238","1644107952","2022-02-06 00:39:12","Bid Won","0xf76a10230bbfe868650165e7128fd16c18e9054d","BoredApeYachtClub","7245","721","1","101 WETH ($308,825.68)","LooksRare"
"0x77df249ae3295063cb2b474bee61254f497397bc2407d0eb3404cb168a55eb41","14149412","1644110146","2022-02-06 01:15:46","Bid Won","0x78b2b89855960ffbb6b9071a50d02ff0875063aa","BoredApeYachtClub","480","721","1","98 WETH ($299,652.64)","OpenSea"
"0xb6cd4bbc4bf465307c3feb6b00e3f66114470bcb058f2b95a1b3fd20a0028072","14149485","1644111137","2022-02-06 01:32:17","Bid Won","0x6193ba2e8f5fb3260541e90b21a7cba5381702b9","BoredApeYachtClub","7381","721","1","150 WETH ($458,652.00)","OpenSea"
"0x4b107b7575854956c936a00358324320e33d65627ef06b7caebbe69082443a40","14150412","1644123237","2022-02-06 04:53:57","Bought","0x41b5fd86a27bd8db8f29d9a7def0f757c63c2169","BoredApeYachtClub","6167","721","1","114.88 ETH ($351,266.28)","OpenSea"
"0x30ec9069905e1f167ca093e4747f3fdc2bddd7256f542ff6ba9de94e0e3a7674","14150572","1644125415","2022-02-06 05:30:15","Bid Won","0x6df7c97c3c3d1a0bf6d9564b49ecfb0c69fecd06","BoredApeYachtClub","2664","721","1","159 WETH ($486,171.12)","LooksRare"
"0x34231f4ce1bb5cf2cd6c617698baa0271d7c5c1588956b8a91bf740db365f79e","14150944","1644130088","2022-02-06 06:48:08","Bought","0x6ea68f8c8959d2b61f499b044a4871c4d7df0b0f","BoredApeYachtClub","8046","721","1","103.9 ETH ($317,692.95)","OpenSea"
"0x1903e190e646c5c6eee5dcb50366b891c16607aa87f3f0e2159b9f5313a32f52","14152689","1644152592","2022-02-06 13:03:12","Bought","0x91218ec5a596cd22f912fad6c239ca77d2394fe3","BoredApeYachtClub","7258","721","1","104 ETH ($317,998.72)","OpenSea"
"0x4a6029b197e3651492ddbb7584fa00b10ecaeae958adaaf00c11f1b7a26e739c","14152830","1644154571","2022-02-06 13:36:11","Bought","0x5f2e70f029d970ff573b459721532b02ae0261d7","BoredApeYachtClub","9774","721","1","115 ETH ($351,633.20)","OpenSea"
"0xcc655df11798503a886852d4252fcc95bf88932c371dd06dbe7271f79068a706","14152879","1644155369","2022-02-06 13:49:29","Bought","0xc2a59d94b69f7739f77892677ec875f3629a3f94","BoredApeYachtClub","8118","721","1","97 ETH ($296,594.96)","OpenSea"
"0x733188f1cd87d1230d83e0862d9ae32871bedc5d71ea462d779a98e2e52f373d","14153405","1644162428","2022-02-06 15:47:08","Bid Won","0x621028759484648ca6fd0c24ddbfade21f231593","BoredApeYachtClub","3399","721","1","83 WETH ($253,787.44)","OpenSea"
"0x7ff55b804e94e4506c5659d4237c61b2dac6f65e1c6824b37850eda1f24e9117","14154256","1644173828","2022-02-06 18:57:08","Bid Won","0x6beea82395faa733f42c817271e395249159a0b8","BoredApeYachtClub","6578","721","1","108 WETH ($330,229.44)","LooksRare"
"0x1f16b9062e85baaba8b2c15ed1ec3f7a4fc851af8397c1800d23b350a0a790b0","14154935","1644182880","2022-02-06 21:28:00","Bought","0x0ccce9b458d1ec2c5ca4a31b65910890f4416d7f","BoredApeYachtClub","5956","721","1","105 ETH ($321,056.40)","OpenSea"
"0xc02526ab53bab4d1204df21e82dacc33ca69ce3664f0d6728b4af7998a8b8b9d","14155470","1644189888","2022-02-06 23:24:48","Bought","0x728b0fd70519120e3eb0d7f29bd359eeb95fb73c","BoredApeYachtClub","4444","721","1","110 ETH ($336,344.80)","OpenSea"
"0xdac7fb7da36ad5cc37c07e582263dc68c593d59652b9eabf3426a084483c5e43","14155667","1644192653","2022-02-07 00:10:53","Bought","0x069d48ed08843a5aef2350b17292b228c295e7b8","BoredApeYachtClub","8848","721","1","136.9 ETH ($430,054.92)","OpenSea"
"0x2e8fe8611629bd2b8a11d08a1769195ab2090ddeb174d84ed2daf8627e26f61a","14156319","1644201377","2022-02-07 02:36:17","Bid Won","0xe109b3fd5e5475733c5f2c451bccbf5ebef0f18d","BoredApeYachtClub","2671","721","1","105.8 WETH ($332,358.00)","LooksRare"
"0x77b49c56e4e07006153b45bcb68d5c31b923e0c62ed857d707d1e9785d2ff4d0","14157206","1644213126","2022-02-07 05:52:06","Bought","0x3decc60a463ddd85fbd9a00c688fce327bd8e881","BoredApeYachtClub","8736","721","1","132 ETH ($414,662.16)","OpenSea"
"0x4cddc730e869d371be75794ef957374b00c086143873e3f110c0619edb8da257","14158763","1644234952","2022-02-07 11:55:52","Bought","0x51027ea4793ba2100ff0b8601beec3b58a11af4a","BoredApeYachtClub","6904","721","1","118 ETH ($370,682.84)","OpenSea"
"0x2cf63656a76547023a58ffd8cbfbc43fce26a0d1ddb96bcbdd67d5bea13dda62","14159044","1644238639","2022-02-07 12:57:19","Bought","0xeb10476878ab36c53121b362b0ee62977440f742","BoredApeYachtClub","9212","721","1","140 ETH ($439,793.20)","OpenSea"
"0xfbe03a48a89d1a38dc36e58ef91cd99dfd52c60b11e58ed63f9ea7244a8f40ea","14159355","1644242775","2022-02-07 14:06:15","Bought","0x677e7c5f2427a24c9589e7b805e602a44a5bf825","BoredApeYachtClub","7145","721","1","116.1 ETH ($364,714.22)","OpenSea"
"0x5d3d54e66c80b827d878e4cab45dc281166641f967ffb7b2f91d8979dc1119b1","14159743","1644247686","2022-02-07 15:28:06","Bought","0x6e5d4b843c7668461ca8bbedbcf37f181c97925a","BoredApeYachtClub","3052","721","1","250 ETH ($785,345.00)","OpenSea"
"0x2e193826d4df5fd0cc76b8cb1eae6108fdecc7426727a57842d3495b60b2324c","14159961","1644250551","2022-02-07 16:15:51","Bought","0xbba5b5a12375dae4b6fc293a8203bfec4ca6476c","BoredApeYachtClub","3759","721","1","130 ETH ($408,379.40)","OpenSea"
"0xbf287cfaca76c399355935d23e64edb6f8676c28000f8fdbe25dc9eb55e22c5f","14160136","1644253082","2022-02-07 16:58:02","Bought","0x7c5fad52ec4f7cf406b731db70360bc4a34b92c2","BoredApeYachtClub","995","721","1","110 WETH ($345,551.80)","LooksRare"
"0x26593912c6edc376493c9569e69a2dff54cfc63f5151481017533a781b90e086","14160480","1644257486","2022-02-07 18:11:26","Bought","0xb0ba8ae2c7260d73ac6e966effbe4f2f17373878","BoredApeYachtClub","4523","721","1","129.129 ETH ($405,643.26)","OpenSea"
"0x923fcd46c718a14b67f85d2abf8c0dd4ab94b90d3332a47ff3518494cf3528c4","14160485","1644257539","2022-02-07 18:12:19","Bought","0x193638bcac338f6b0d4199c9190c433d8b4908d1","BoredApeYachtClub","6498","721","1","100 ETH ($314,138.00)","OpenSea"
"0x3fc778692c1913307dde05dee2b708c55d7b71cbd58b2a74a821c8623d86588d","14161004","1644264265","2022-02-07 20:04:25","Bought","0x92afc898473994d7d89418c09e7ac5551d30c385","BoredApeYachtClub","6175","721","1","102 WETH ($320,420.76)","LooksRare"
"0x0a0e488f5e32d698fe562cc1699350cc7b3a705de9d4b5146b49238ed029f1cd","14161590","1644271749","2022-02-07 22:09:09","Bought","0x223a1b48af9d4498e6334c85efb405983f1ef649","BoredApeYachtClub","3082","721","1","114.5 ETH ($359,688.01)","OpenSea"
"0x6a89b67a7f367b55b1b90ece8327f42c5d973f6692f8e18d3c92613b2c3ad82c","14161637","1644272345","2022-02-07 22:19:05","Bought","0xe7e24b34f86570f5cf1db74b7fd6d1cb3bd66da4","BoredApeYachtClub","8057","721","1","90.25 WETH ($283,509.55)","LooksRare"
"0x198a75cc05f41e05573c966134b64572ff4fbe39d462c963b8122d360d219daf","14161940","1644276477","2022-02-07 23:27:57","Bid Won","0x0ea12ccd16b1a9b8b28ceea7241d905eda7e8d73","BoredApeYachtClub","3475","721","1","0.01 WETH ($31.41)","OpenSea"
"0x01142fbcfa8fd213903de4ab8d950f646e61605a077db49ec894986bbb81af71","14161986","1644277108","2022-02-07 23:38:28","Bought","0x40ae5101739475dff1f3dec6b02fd6b74fcb5b9c","BoredApeYachtClub","9951","721","1","106.9 ETH ($335,813.52)","OpenSea"
"0x38f918b400ababb35cd959cb9a68160ef5c6b220883c76bf0622359ffc3e72c6","14162616","1644285131","2022-02-08 01:52:11","Bought","0x78cc85c982435774c0768741e16b9b7e5083a221","BoredApeYachtClub","3475","721","1","98.9 ETH ($308,445.36)","OpenSea"
"0x9c4cfabc967e422210069bd473a34b0167f5beecbf7fc3421e5696b8cc674fb3","14162945","1644290119","2022-02-08 03:15:19","Bought","0x027aeece6ad65d61ae5abb85552e6631956518cb","BoredApeYachtClub","7781","721","1","103.99 ETH ($324,319.85)","OpenSea"
"0x89203c0c18d52fbcfee0dcfc3f2ab33418d43f9ce06f99d46c7df065c7d1bb22","14163669","1644299532","2022-02-08 05:52:12","Bought","0xe281bc64eb933a9ea2ace27259cf7df83cc75497","BoredApeYachtClub","6978","721","1","109 ETH ($339,944.84)","OpenSea"
"0x27b75b483aca406ddeac828a0ba9fe777bd4d310388b0f179f1dbc8eac946f84","14164638","1644312735","2022-02-08 09:32:15","Bought","0x158583fd32b7bfb11a29639533f23f03bed79978","BoredApeYachtClub","1469","721","1","110 ETH ($343,063.60)","OpenSea"
"0xaa97497e89ac96d2ca1b053027d338ca12446bac28d6b596d517b1265469b087","14165612","1644325766","2022-02-08 13:09:26","Bought","0xeb10476878ab36c53121b362b0ee62977440f742","BoredApeYachtClub","5552","721","1","157.95 ETH ($492,608.14)","OpenSea"
"0x1fab45ebb6c99f900170894fb5efae720e2d4a4bf98485a4d9f03cee4ecc1457","14166834","1644342525","2022-02-08 17:48:45","Bought","0x6dbd6a29aee4a273c5178dae7c48bc3d3deb1d7d","BoredApeYachtClub","8647","721","1","97 ETH ($302,519.72)","OpenSea"
"0x3148ffc2f49a9b7f7d7cf37f50355585c0c3bf80cc53c45d87369d855baab18b","14167009","1644344569","2022-02-08 18:22:49","Bought","0xbda35c85e2e732398f0b334d6570f6c7041566a7","BoredApeYachtClub","378","721","1","109 ETH ($339,944.84)","OpenSea"
"0x70521697246df8d8d7903b396ffe162011c7a9fe219bc60c813d82d6ec4ab3a7","14169583","1644379013","2022-02-09 03:56:53","Bid Won","0x542d53a9ac94b2f1fea63fd2f218d0ec7cbe34ed","BoredApeYachtClub","1544","721","1","95 WETH ($308,438.40)","LooksRare"
"0x8f340e906f023bd532dbd82b36265d663b79943098e2acff331866fc62b09b73","14170060","1644385494","2022-02-09 05:44:54","Bought","0x26c0c33454929e1098ef8ab5b47020d52335e023","BoredApeYachtClub","1074","721","1","101 ETH ($327,918.72)","OpenSea"
"0x5867f078e4e98de9a80c3916b7ae8b45e07226ab8cc863681e90f001970a9d3b","14170286","1644388414","2022-02-09 06:33:34","Bought","0xd7bd01fc50e0575c28572fb11da0c339fc55be45","BoredApeYachtClub","6797","721","1","119.69 ETH ($388,599.92)","OpenSea"
"0xd3fb21b14beff97b96df5b0b7e3cdd3c2f2617f7cc589b05de8e47f9bcdaac07","14170420","1644390311","2022-02-09 07:05:11","Bought","0x51714e9e356045deaa392fcc502fa82bb45dd5c4","BoredApeYachtClub","167","721","1","93.75 ETH ($304,380.00)","OpenSea"
"0x512a7e3898e3a2df82d715dd5a86236f4e832f31de018ff7cfda2d92b8ddc610","14170430","1644390480","2022-02-09 07:08:00","Bid Won","0x0845c3d2bb02ea136b234dfd3d892f1e38cc3388","BoredApeYachtClub","447","721","1","93 WETH ($301,944.96)","LooksRare"
"0x1c076d60c86feb390f54cecd09a913b18d18c7ee76f34450cdf8c80da78b88bd","14170731","1644394371","2022-02-09 08:12:51","Bought","0xbecb17e9ca8021852b4d21d3750ee59e76aa517c","BoredApeYachtClub","4226","721","1","99 ETH ($321,425.28)","OpenSea"
"0x00e2e09867244aff89d94c9742f71458cb7b9918a32bb4c2af3af66aa84816e5","14171188","1644400053","2022-02-09 09:47:33","Bought","0xa70b4d042327d7da97c6db480be0549f4a4642a0","BoredApeYachtClub","9703","721","1","109.69 ETH ($356,132.72)","OpenSea"
"0x9b5c50fd78bd783a51c0d506bd55c5214dda949e8345851f8ba18bc97db7313d","14171925","1644409911","2022-02-09 12:31:51","Bid Won","0x6ab615cf8decfc488186e54066fc10589c9293a3","BoredApeYachtClub","2568","721","1","92 WETH ($298,698.24)","LooksRare"
"0x08294f8f1a0fe0c6e9518a81995589b399a9d632476baf2875e78511eb639b1e","14172930","1644423650","2022-02-09 16:20:50","Bought","0xe17680c0c797cea8cab685d8de58910ffacb27c0","BoredApeYachtClub","4863","721","1","122 ETH ($396,099.84)","OpenSea"
"0x78680917230a602ba0926ae30c3bf11ad17ad916d4ebd4bb42c8b7980dd2818b","14173206","1644427544","2022-02-09 17:25:44","Bought","0x77cd810b85dae46a275f4dc5a0d7748be5d8477a","BoredApeYachtClub","9424","721","1","97.9 ETH ($317,853.89)","OpenSea"
"0x4c5b233fc5c2d72e54ad0ff598dc49ee1440e90c20a0cb1893afcd60c7f0d387","14173590","1644432731","2022-02-09 18:52:11","Bought","0xab933d06742095c526d6ae2590ca6cbcf355f632","BoredApeYachtClub","9565","721","1","101 ETH ($327,918.72)","OpenSea"
"0x62dd4cc10f2badd3f59d85f4b2627b8520dcae0809613d4e5d7b2c6e81d9fbb7","14173715","1644434319","2022-02-09 19:18:39","Bid Won","0x44bb3f276284af4da32505222f54d2fd8fe64c1c","BoredApeYachtClub","7683","721","1","115 WETH ($373,372.80)","LooksRare"
"0xda4b9a89f324f05ca5010afd0e5ddbaf64d43e1c005c8e321061a54fa98bd0a0","14174227","1644441245","2022-02-09 21:14:05","Bid Won","0x304aa04d546750b0af651ecdbaf1aa1ca57e0b58","BoredApeYachtClub","9995","721","1","90 WETH ($292,204.80)","LooksRare"
"0x2dac29c7074c00916b61397b5f0711da3a484ded8036fdb169346632df4a2ceb","14174498","1644444847","2022-02-09 22:14:07","Bought","0xd75233704795206de38cc58b77a1f660b5c60896","BoredApeYachtClub","9152","721","1","100 ETH ($324,672.00)","OpenSea"
"0x4ac44211a197f56e4571d450017ba55c8e9b34bc56b40288ef67a0c673ee8e74","14174656","1644447004","2022-02-09 22:50:04","Bought","0x020ca66c30bec2c4fe3861a94e4db4a498a35872","BoredApeYachtClub","2736","721","1","117.69 ETH ($382,106.48)","OpenSea"
"0x69712ef3b0efa883b64c597d8742d06a039831817c041217229dfe99cee4f894","14175213","1644454038","2022-02-10 00:47:18","Bought","0xcf052e16ec612c67ac99803292b38c199c4eaff2","BoredApeYachtClub","470","721","1","108.9 ETH ($334,850.08)","OpenSea"
"0xd487bd148f23ccb8bdda524b83f3641b7817fe2d28ca6e9501ef69868e6f894c","14175677","1644459976","2022-02-10 02:26:16","Bought","0x22811cbb477bd2e18313b7113fc8b66abe929861","BoredApeYachtClub","4780","721","1","92.4 ETH ($284,115.22)","OpenSea"
"0xabe0d6ba0e3ea3bbe4a01c61a0b9650fa8936ce2f1e8c124388e3d5f1d7059a7","14176753","1644474959","2022-02-10 06:35:59","Bought","0x80b2f25fec1f6ca3971c892a88dd8e5501d7c9e7","BoredApeYachtClub","298","721","1","99 ETH ($304,409.16)","OpenSea"
"0x56774ac6bf652ea3bc2e290aaa8f7b41bb1cfd8e2fef5a0609e02cb0387abb91","14176806","1644475633","2022-02-10 06:47:13","Bid Won","0xe35030236beee69e66941977caf9c06082c50ddb","BoredApeYachtClub","1289","721","1","140 WETH ($430,477.60)","LooksRare"
"0x351148738377ef9197ac5396e717252723826fa86bb5590740e2e8f09be10a98","14177509","1644484991","2022-02-10 09:23:11","Bought","0xf2a6333ef506def8100854bbee0e7d0d8c25822b","BoredApeYachtClub","7051","721","1","90.99 ETH ($279,779.69)","OpenSea"
"0x2722fe8e25717a7b3dcf11940546fd43573e8922656402dc479a08abcb6469a2","14179031","1644505428","2022-02-10 15:03:48","Bid Won","0x9ff57f608deb3344f32e0f49beeb69b1a090a56e","BoredApeYachtClub","8057","721","1","89.99 WETH ($276,704.85)","LooksRare"
"0x285491453a141f95121020d42fd81a6bbd7bc3808d6b93cf8faa9a0c8f500f5c","14179767","1644515700","2022-02-10 17:55:00","Bid Won","0x40236e4f733647d6b6a6ccebf8b0baa83bdd1da5","BoredApeYachtClub","9440","721","1","138 WETH ($424,327.92)","OpenSea"
"0x88fe6c8207a93159a1f0436ccf9117a45a495b533d0c80508dc2593652cd5c94","14180876","1644530205","2022-02-10 21:56:45","Bought","0xe1aeacb5f91a2938ac9474fd880ec1542047b333","BoredApeYachtClub","6921","721","1","62 ETH ($190,640.08)","OpenSea"
"0xe986266663bdd1f4a850a723f283644f3304b35ebdbcce441604a9ff6ef062fc","14181059","1644532495","2022-02-10 22:34:55","Bid Won","0xb385a44f5447691adf74dd16dd2490d93f564842","BoredApeYachtClub","2821","721","1","99 WETH ($304,409.16)","LooksRare"
"0x0b99cff339f176c6a3d967b50a8ef52e12a3e5f8b1e5ae6257f244f34fd13e0f","14181426","1644537599","2022-02-10 23:59:59","Bought","0x3ae83c82dda6323ff2ca8c09b19bcdd8fd8b37a7","BoredApeYachtClub","3169","721","1","101 ETH ($310,558.84)","OpenSea"
"0x06e65e7f1b6d2b370921fdec2877f779ccabc3998f7a1f5fd9cbd2c2f1eb1d28","14182422","1644551362","2022-02-11 03:49:22","Bought","0x63748140c409b490952c37dae5a60715bf915129","BoredApeYachtClub","2361","721","1","190 WETH ($556,496.70)","LooksRare"
"0xd61057815bbd6da6237b14025cd6ad01007138e5c03c2f46c047ca51339ba235","14183809","1644570012","2022-02-11 09:00:12","Bought","0x3122761dcd9723ab6001320c4449442860ad31d5","BoredApeYachtClub","480","721","1","138 ETH ($404,192.34)","OpenSea"
"0xdd157a5a7b2846ee39b5f8b65ce144658962b5c94766cb229ec95155cbd03005","14183894","1644571219","2022-02-11 09:20:19","Bought","0x7c34befc37c0f86628ebe822a7fb2bd817955e77","BoredApeYachtClub","4038","721","1","99.99 ETH ($292,863.71)","OpenSea"
"0xc6bf2b164fd24ec4a029b8bcbbc804f1e23ab4fe702c3134676babacc7ea522c","14184688","1644581603","2022-02-11 12:13:23","Bid Won","0xe5d24b0604477f69d9ce388fd2598bbdd382be0c","BoredApeYachtClub","1085","721","1","90.2 WETH ($264,189.49)","OpenSea"
"0x816bcddacf5731cb6311a927e9eca3b67b400faacf7f5dbbf8990f9720ee6e44","14184759","1644582555","2022-02-11 12:29:15","Bought","0x0075ba8bbb3f9177d14ce60881c6d5479d36ed91","BoredApeYachtClub","4344","721","1","91 ETH ($266,532.63)","OpenSea"
"0x45f3f3044338fb14099e8109cda82c3a0ddd38af3bf06542f8e2bcf31c75bfde","14185361","1644590931","2022-02-11 14:48:51","Bought","0x7eb413211a9de1cd2fe8b8bb6055636c43f7d206","BoredApeYachtClub","5139","721","1","91 ETH ($266,532.63)","OpenSea"
"0xf7e0de04910bac45c3ea2a7adcfb86953809f029dd7472d8aabb7ef2243ce660","14186096","1644600379","2022-02-11 17:26:19","Bought","0x9be313209be2bf005942d4ddbafececde5f18b30","BoredApeYachtClub","7671","721","1","90.9 ETH ($266,239.74)","OpenSea"
"0x433fe6fec38d1d958ca76449266e5c18bb5d059580aba79805218822d504cfdd","14186479","1644605519","2022-02-11 18:51:59","Bought","0x5247f0eb5cc2396d60fab7b849e5bf84468dd298","BoredApeYachtClub","1544","721","1","125 ETH ($366,116.25)","OpenSea"
"0x89d85de876abaa6d39a341b691a4f2d08881afb2680d8ab0a4a3fbdf30b1a0b1","14187514","1644618544","2022-02-11 22:29:04","Bought","0x78b2b89855960ffbb6b9071a50d02ff0875063aa","BoredApeYachtClub","511","721","1","115 WETH ($336,826.95)","LooksRare"
"0x0ff5bbbaa9c4582132adf96b41b228e373e9c70ab3bd26175bd03f581740ff8e","14187964","1644624296","2022-02-12 00:04:56","Bid Won","0x542d53a9ac94b2f1fea63fd2f218d0ec7cbe34ed","BoredApeYachtClub","5816","721","1","109 WETH ($318,099.06)","LooksRare"
"0x5649e5ab7dd95c514638847444efb91fa22110778b8a7a13e821edb80b9ed1bd","14187981","1644624529","2022-02-12 00:08:49","Bought","0x8aded1b49b6ac106465a4c737b67a27241d504c1","BoredApeYachtClub","5537","721","1","125 ETH ($364,792.50)","OpenSea"
"0x3fe0e3d753c4836833438553ea54d65e6f96bdd5089baea0a64a9236e5705ab8","14188362","1644629879","2022-02-12 01:37:59","Bought","0xec5b49202c731d28fa716227ccab4d1231ae7c0f","BoredApeYachtClub","1039","721","1","129 ETH ($376,465.86)","OpenSea"
"0x502a190c0b1265375ce5665386700c2ae1ddd723419ee779c06890543f7fbea5","14188382","1644630119","2022-02-12 01:41:59","Bid Won","0x7eb413211a9de1cd2fe8b8bb6055636c43f7d206","BoredApeYachtClub","3046","721","1","227 WETH ($662,463.18)","OpenSea"
"0x5343329720fe782c45a3cc90800378af28a457b3187cf23fb42c79350f04d055","14188717","1644634657","2022-02-12 02:57:37","Bid Won","0x95921da9f69d177c1c4421ff3b70446883c538b8","BoredApeYachtClub","959","721","1","100 WETH ($291,834.00)","LooksRare"
"0x24ddfb741daa11fc1e6e5fec5ffef8489a121a099317bed56d01e3a127c32e6a","14189094","1644640271","2022-02-12 04:31:11","Bought","0x2edfa738dfcc3182c79646ea263b42f5734d914b","BoredApeYachtClub","6233","721","1","95 ETH ($277,242.30)","OpenSea"
"0xc375d63e656afd6ebee82a73b87606c5a8fba994dc2e90ddd022b67a5e3dedec","14189141","1644640934","2022-02-12 04:42:14","Bought","0x500f2e800003f7f33e1edc76e3ae89b591f432a6","BoredApeYachtClub","1964","721","1","95.69 ETH ($279,255.95)","OpenSea"
"0x199d66227a45e82309b945c410895b4ce51ace6400eb058767dd87294fedc4b0","14189440","1644644590","2022-02-12 05:43:10","Bid Won","0x7eb413211a9de1cd2fe8b8bb6055636c43f7d206","BoredApeYachtClub","4237","721","1","111 WETH ($323,935.74)","OpenSea"
"0x55a18cb12038b1222a2417911ab3cbe57b7e1569be1ee7af1ba76e49c32f5243","14189629","1644647142","2022-02-12 06:25:42","Bought","0xe92ff0f4daf94a110cbd36c98a8e50662d8779e8","BoredApeYachtClub","2221","721","1","98 ETH ($285,997.32)","OpenSea"
"0xff1015b97d2836eb431ef69db8052ac2dbef321e1fa6dcc0ab0eccb5f7771ba6","14192228","1644682018","2022-02-12 16:06:58","Bought","0xc53d286fefcbd9a62fecbfb74334688019c5f535","BoredApeYachtClub","7032","721","1","98.8 ETH ($288,331.99)","OpenSea"
"0x8b403a6694aab6b1f66459396d925754b3f89069f131a2c28f31dad4049dbd3b","14192444","1644684646","2022-02-12 16:50:46","Bid Won","0x4918fc71bd92f262c4d2f73804fa805de8602743","BoredApeYachtClub","4250","721","1","113.9 WETH ($332,398.93)","LooksRare"
"0x3614ae038630a6697053b4d527efd4565f9624e7e65e7de336f4322e40539fdf","14193536","1644699003","2022-02-12 20:50:03","Bought","0x774c84838054bf1a3ce0117eda3674c222d1a636","BoredApeYachtClub","9881","721","1","130 ETH ($379,384.20)","OpenSea"
"0x859a62423e2c999645821d85638cdecaf14d8ed9e6bae61dc82c7ea46f12211f","14193617","1644700108","2022-02-12 21:08:28","Bought","0xa63986cd94aa2df0db430e50c938e2f4795e153d","BoredApeYachtClub","3670","721","1","94.55 ETH ($275,929.05)","OpenSea"
"0x9547b9f80c9acb4156a5be3ed4dc7011bfc84da3e8bb0ea98d87dd490d271189","14193928","1644704233","2022-02-12 22:17:13","Bought","0xc3c972a56a83382bffd4883904a94afbfe74c31b","BoredApeYachtClub","3826","721","1","99 ETH ($288,915.66)","OpenSea"
"0x3473d3caa487d6a8524aa1963265f0a302cf13261c3de91cbf7541bd237eac42","14194135","1644706750","2022-02-12 22:59:10","Bought","0x81afdbe6db037da6ca99dc22f41dc4f37181d501","BoredApeYachtClub","2655","721","1","94.55 ETH ($275,929.05)","OpenSea"
"0x06fe5257244ebfb473eb94821c3d5095488f3b026cc67cd5f3cb5f568de9405d","14194338","1644709428","2022-02-12 23:43:48","Bid Won","0xd71d40c047a2f1ea5b523ddeac03a9024d82f618","BoredApeYachtClub","7957","721","1","96 WETH ($280,160.64)","LooksRare"
"0x1891bcb508791862fcee28725517dd4233f0e2789fc8eb6ae60cc920f8346855","14194879","1644716776","2022-02-13 01:46:16","Bid Won","0xbd302b98060febeaac5234ad092ae5ee08d8fdb8","BoredApeYachtClub","8157","721","1","113.88 WETH ($327,113.47)","LooksRare"
"0xf908a552d49056e11c49a0b63ad3c332ad75e8e38a2db72812e71ddc07758d60","14194897","1644717031","2022-02-13 01:50:31","Bought","0x1fd2978ac57fb2f459ef1ab7812b58f29ab437ba","BoredApeYachtClub","4574","721","1","102 ETH ($292,988.88)","OpenSea"
"0x3e811ce596b2dd6a947cd5d6099c21f413217832c568b93c37969acb152641e4","14195640","1644727342","2022-02-13 04:42:22","Bought","0x2f7a530dbd952cbe19345b80dc8ab267406f9114","BoredApeYachtClub","8140","721","1","132 ETH ($379,162.08)","OpenSea"
"0x6fe26828ad5872a683868cdecfa1365cd3af6b4f6c3ae7d2f1ff60eee622b5e4","14195709","1644728184","2022-02-13 04:56:24","Bought","0x2817d099e7c4284ed5d23af6271e9256c529bd49","BoredApeYachtClub","1166","721","1","101.5 ETH ($291,552.66)","OpenSea"
"0x72aed11fd711cd87d11c950c38c89ad166209bb52fc0e9146a8e3d2e59c93e42","14195943","1644731216","2022-02-13 05:46:56","Bought","0x6cc3737c48c4beeef43ff88217adb8c59f1e0d93","BoredApeYachtClub","6077","721","1","110 ETH ($315,968.40)","OpenSea"
"0x77e8be9265de2f73695f44d26a2236172274411eaa47c3489b76f87f8fc2f605","14196102","1644733346","2022-02-13 06:22:26","Bought","0xa254000a65c58d887eab7abdab4a5232c4515b59","BoredApeYachtClub","5228","721","1","104 ETH ($298,733.76)","OpenSea"
"0x4228a4c5e3fe26d08ff15e37200e2bf32b09b6c2db5f49a7e8b686091228575d","14196913","1644743276","2022-02-13 09:07:56","Bought","0x768ca08bdad020d6fdf9a4faec5e3c6983ee8363","BoredApeYachtClub","2805","721","1","103 ETH ($295,861.32)","OpenSea"
"0xdc9edf744354e9df8ba693ae3759af7c41850ec8dacf2333dac2d9059733bf7f","14197207","1644747459","2022-02-13 10:17:39","Bought","0x82ff0601bed0ef945925186f439c675bd4d608fa","BoredApeYachtClub","5924","721","1","101.95 ETH ($292,845.26)","OpenSea"
"0xbb35f91728c68f8f56e797d0e228e59f50dcae90bf9a3ad8b80146b92a19e736","14198320","1644762591","2022-02-13 14:29:51","Bid Won","0x18fdf5422b1fa535099b6af87110c777602e9203","BoredApeYachtClub","4136","721","1","84.99 WETH ($244,128.68)","OpenSea"
"0xd2fcec1ad6f59cc20e127fcfc7b9be495e5eec9a11510b8cb43e101524b813be","14198417","1644763939","2022-02-13 14:52:19","Bought","0x057a636662d00fedb2660f99728659f4dda6a686","BoredApeYachtClub","3941","721","1","105 ETH ($301,606.20)","OpenSea"
"0x2b594939f8e4b737db752ad5bbf2a21a35b07de99af1097d731add91f869bdb7","14198711","1644767745","2022-02-13 15:55:45","Bought","0xcf34cfd4b294ab754c5dd312003a6bbdf2b74e81","BoredApeYachtClub","8222","721","1","114.99 ETH ($330,301.88)","OpenSea"
"0x8a53ec5a2b2400916216bb8c4c2518b152dc43607431cd48b560c32207bd1d50","14198722","1644767866","2022-02-13 15:57:46","Bought","0x3a748f0aab9b7bc9a56640e4647ee7cf6831120d","BoredApeYachtClub","5564","721","1","106 ETH ($304,478.64)","OpenSea"
"0x02cf18cb7f306171f40a1e3a4e59ba953dbd1f9c4c45915e61ca33fde688d9c7","14198855","1644769712","2022-02-13 16:28:32","Bought","0x839c8b27c0c01e9f1c17f4b90934eca8e0cc6740","BoredApeYachtClub","4721","721","1","112 ETH ($321,713.28)","OpenSea"
"0xdcb1405be273794360551fb128870e4d9bac1040219aea34107b758eb494bca4","14199190","1644774095","2022-02-13 17:41:35","Bought","0x98900672092da2e048a381749589427c7438e084","BoredApeYachtClub","2046","721","1","110 ETH ($315,968.40)","OpenSea"
"0xee72aaba1bcbb57ac635c932329989f87fb8fa653587cd9fe16ce74d388d9372","14200169","1644786535","2022-02-13 21:08:55","Bought","0xaca26abf289dc8c909b576b57d89a992ee92082e","BoredApeYachtClub","4483","721","1","100 ETH ($287,244.00)","OpenSea"
"0x0cb31e0e3031c521ce97a356ed673de88de2bcb3181d6f0d1bffa8ce2f53cab3","14200584","1644792539","2022-02-13 22:48:59","Bid Won","0x24f73a226d84c95d40c79d6fa870d8314fc6d6f9","BoredApeYachtClub","1951","721","1","102 WETH ($292,988.88)","OpenSea"
"0x7fad40cc5c94bb502484652829527d5ee9a4d2e9fb567e52e7e764cef2b564e1","14200712","1644794471","2022-02-13 23:21:11","Bought","0x9df276bc9d4527e801c4b12b4edce3cd484bd490","BoredApeYachtClub","4131","721","1","120 ETH ($344,692.80)","OpenSea"
"0xe4d1b37495492928c4f09169b835d124b311441519a698a3bf225964d66b39bd","14200812","1644795756","2022-02-13 23:42:36","Bid Won","0x9da0c4cac34275c451ed644ff6a671c41545bc51","BoredApeYachtClub","1579","721","1","102 WETH ($292,988.88)","LooksRare"
"0x68206f9bbc324e2674f421ae492fd53985de9def8dff1a39b23a3d9327a6159d","14201757","1644808898","2022-02-14 03:21:38","Bid Won","0xfb97122d5096226f6c664df0cbc6c78862a978aa","BoredApeYachtClub","7089","721","1","86 WETH ($252,076.32)","OpenSea"
"0x2a48a2aaaa6f898c5fd06cad154db0e90216ff92d32fc096b5e2dc802acf3166","14205172","1644853815","2022-02-14 15:50:15","Bought","0x8d72c02ab62b073ce3eb04e8bc6b01620db9f374","BoredApeYachtClub","1715","721","1","101 ETH ($296,043.12)","OpenSea"
"0xe761506e6e8e518a2ef188de21e845971a136c796da380a6e61749a058e706b8","14205277","1644855311","2022-02-14 16:15:11","Bought","0xfdde50bf38b1443614f71bef1328b761a44b7b4d","BoredApeYachtClub","70","721","1","100 ETH ($293,112.00)","OpenSea"
"0x2e02cb2c481a92b53f6605670b7d1a2cda3c168d7adce160f6a496d16a1cd488","14206135","1644866857","2022-02-14 19:27:37","Bought","0xa088dbabfb8c606058ece639e9a2c273c8c37213","BoredApeYachtClub","2828","721","1","99.99 ETH ($293,082.69)","OpenSea"
"0xe80cd0cc2c5210568f2129a0f27bc71db8c242a777bb182522166c517e0f9bc1","14207431","1644884415","2022-02-15 00:20:15","Bought","0x020ca66c30bec2c4fe3861a94e4db4a498a35872","BoredApeYachtClub","5172","721","1","110.69 ETH ($352,637.31)","OpenSea"
"0x0625fb5fa3a957f3cf1d5c514307233cb4bb6ce4c83ecb66c17c35045edefa87","14208301","1644895794","2022-02-15 03:29:54","Bought","0x80c2c1ceb335e39b7021c646fd3ec159faf9109d","BoredApeYachtClub","7703","721","1","105 ETH ($334,510.05)","OpenSea"
"0xccfe95f898090168418d5393422205f3c1c98fd092af43f1770e7c292708fafc","14208605","1644899433","2022-02-15 04:30:33","Bought","0xa8134d86bd51c7db2c4235f859835500d6481848","BoredApeYachtClub","3671","721","1","165 ETH ($525,658.65)","OpenSea"
"0xc4799a1224ded0716b62e6d4bed621c15d14966219c45a8bec20c60a74e94298","14209339","1644909414","2022-02-15 07:16:54","Bought","0xa15bc3ec6b8d7ea995f8590e9431b6636d4fe454","BoredApeYachtClub","8481","721","1","115 ETH ($366,368.15)","OpenSea"
"0x04501a15dc86c374f79f3a197c09bf3f8384c18544534555e53e7e6bcc299d9f","14210216","1644921598","2022-02-15 10:39:58","Bid Won","0xaf36433947ff8713ec169c28534ce26322676f66","BoredApeYachtClub","6995","721","1","89.69 WETH ($285,735.30)","OpenSea"
"0xbeef8fbccca0b478f1fd0b7c7e96e18057ea6c536c4380fddab41abe2722dbd4","14210220","1644921673","2022-02-15 10:41:13","Bid Won","0xfbb8e06a7ea35d40b6f1d4cf6afed35a8ff23dd0","BoredApeYachtClub","3494","721","1","88 WETH ($280,351.28)","OpenSea"
"0x25182b4e0a636c16e752f402bbfa006198603550b0287a52f36f9c38dcf5f857","14210222","1644921685","2022-02-15 10:41:25","Bid Won","0x8d0c6330ba59eb93f5dafe41138913926cb9b31c","BoredApeYachtClub","8081","721","1","93 WETH ($296,280.33)","OpenSea"
"0x464f01e53e6c59e5bb460cecb5fe7341c676e57a45f2ee58f642c3f2b7d31b83","14210349","1644923417","2022-02-15 11:10:17","Bought","0x9b9d5173f8bc98cd121fad3f004a2e8aeb5ed3d4","BoredApeYachtClub","5180","721","1","104 ETH ($331,324.24)","OpenSea"
"0x4130821ff5e77056cd44972f56eda6c5743f33d8db48056a3be61091f6ab7142","14212012","1644945461","2022-02-15 17:17:41","Bid Won","0x54b174179ae825ed630da40b625bb3c883cd40ae","BoredApeYachtClub","3771","721","1","125 WETH ($398,226.25)","OpenSea"
"0x5c92dfb919a466ee1d62e7f4bf088ea525886273b923b00d20944ea61488b350","14212797","1644955727","2022-02-15 20:08:47","Bought","0x765be930300cb48fc1bb1da68673967360bf4c31","BoredApeYachtClub","1355","721","1","104.88 ETH ($334,127.75)","OpenSea"
"0xe5c1d3195e1cecacb78bd3f8aaf281541e702716bdec55160ffada46fc85dbc0","14213542","1644965656","2022-02-15 22:54:16","Bought","0xeffd73e20e40f5ee86c6b71323acaa1b8662b561","BoredApeYachtClub","5830","721","1","105 ETH ($334,510.05)","OpenSea"
"0x5f911bd7406fab0b1e7b4461bc361d75055d1d323be95a73f6520d07dd86d2de","14214633","1644980319","2022-02-16 02:58:39","Bought","0x7bef8662356116cb436429f47e53322b711f4e42","BoredApeYachtClub","6921","721","1","103.9 ETH ($324,617.89)","OpenSea"
"0x09f199f98f084d830ed9b50005812806ace19c5126ccbfd05ab1e0d508d6f960","14215108","1644986521","2022-02-16 04:42:01","Bid Won","0xe78694951271aeb4b01bc19edc45f81ea8cc599e","BoredApeYachtClub","6302","721","1","101 WETH ($315,557.33)","OpenSea"
"0xeab06a4a809dd60bec1105798c85f650e2f8eb9dacbe7c2fb617d78ead094670","14215549","1644992645","2022-02-16 06:24:05","Bought","0x10a7330415017a71ba28cd22a5eec748b280d6ca","BoredApeYachtClub","3280","721","1","117.99 ETH ($368,639.70)","OpenSea"
"0xce8e8c37f183562c083960fc6b0291064bf67b3fb708d2661c1a5fbc50fec7ed","14217713","1645022069","2022-02-16 14:34:29","Bought","0xadc6a7985036531c394b6df054666c51de29b9a9","BoredApeYachtClub","9939","721","1","114.99 ETH ($359,266.71)","OpenSea"
"0xc79004c75349ad0a1a5dfa68150eb2c1df1accfc7eed95bf48a61f3c7d9b0065","14218077","1645027009","2022-02-16 15:56:49","Bought","0xb3328bdfe097d07efaa575fe60e4d57ab49df9d2","BoredApeYachtClub","5855","721","1","99.9999 ETH ($312,432.69)","OpenSea"
"0xb46ea820498463be507092c2fa4357a00e16d5359846c82dde8a4cec63208eea","14219021","1645039353","2022-02-16 19:22:33","Bid Won","0x38f36b39112d1470c3eeb3d02f861273eec9306e","BoredApeYachtClub","3519","721","1","83.3 WETH ($260,256.69)","OpenSea"
"0xe542be18420a68f067524b634b17eaa84b81fc492465d7e9d605522128820d74","14219287","1645042703","2022-02-16 20:18:23","Bought","0xd75233704795206de38cc58b77a1f660b5c60896","BoredApeYachtClub","7092","721","1","105 ETH ($328,054.65)","OpenSea"
"0x93fcf9406db0489ac11dc3c0722890ee5bd2979a7b01088ee8e64ed94c3c2fb2","14220192","1645055156","2022-02-16 23:45:56","Bid Won","0xe1aeacb5f91a2938ac9474fd880ec1542047b333","BoredApeYachtClub","6583","721","1","121 WETH ($378,043.93)","OpenSea"
"0x29aa8bd6af2bb5b090cd7c73df34d118a464d0c1700d2a602b9d46de675b4289","14221085","1645066806","2022-02-17 03:00:06","Bid Won","0xbb05651b34db70d69934f678cee5c71103a14c10","BoredApeYachtClub","55","721","1","220 WETH ($636,772.40)","LooksRare"
"0x254d0add4543b7b1cc05c89a42e441f99f362b122eabcc44995be3c0973b45dd","14221837","1645076855","2022-02-17 05:47:35","Bid Won","0xd1ad9234a72f1ab96eabc13a58e25fb6082331e5","BoredApeYachtClub","2341","721","1","83 WETH ($240,236.86)","OpenSea"
"0x6ff420a0001c2cabdfd1b57610a2313eba5b5c2560bd9e69a4af342cab7a3fbe","14222466","1645084753","2022-02-17 07:59:13","Bought","0x7b66d27825cd8fd2d9748221d7e06c10072b6e36","BoredApeYachtClub","2630","721","1","109 ETH ($315,491.78)","OpenSea"
"0x79d4e65fe173efcfde3f069716ece37793b5b78ab0ce240073280c06837a3b04","14223426","1645097841","2022-02-17 11:37:21","Bought","0x5c41c2b9e14c9ed3c369b6bd87d5b95806a34502","BoredApeYachtClub","5345","721","1","110 ETH ($318,386.20)","OpenSea"
"0x322c3ce33324a9e3e08dec0c5fd39f96e5b3172a7754bdea5c2ae2d9fecd6f19","14224014","1645105792","2022-02-17 13:49:52","Bought","0x7b66d27825cd8fd2d9748221d7e06c10072b6e36","BoredApeYachtClub","8675","721","1","110 ETH ($318,386.20)","OpenSea"
"0xaa0975770ddae96e9dfe959d620c482987fff821411953dc45f37bd800b67dc7","14224172","1645107963","2022-02-17 14:26:03","Bid Won","0xd1ad9234a72f1ab96eabc13a58e25fb6082331e5","BoredApeYachtClub","4017","721","1","83.301 WETH ($241,108.08)","OpenSea"
"0x6220934afe98541f1662415effd025f4f892004aeaba912c38e70d37024ec88d","14225935","1645131693","2022-02-17 21:01:33","Bid Won","0xd1ad9234a72f1ab96eabc13a58e25fb6082331e5","BoredApeYachtClub","6065","721","1","86.861 WETH ($251,412.22)","OpenSea"
"0xab81b915e80511b5cd3eb8503da37c2b1a69bea3f636c4ea5ee591f060649285","14227195","1645148452","2022-02-18 01:40:52","Bought","0x59265c2f1e8cfc6ce4d918da3df3f160d75568ea","BoredApeYachtClub","1528","721","1","78.1 WETH ($217,174.23)","LooksRare"
"0x5bee48acac10ad33e1cdc80b4f4a732d56459777f321485a14ed1eff5f16aa63","14227653","1645154743","2022-02-18 03:25:43","Bid Won","0x0cd736a414bca437342e02850c0c0e1252ce7946","BoredApeYachtClub","7682","721","1","89 WETH ($247,484.08)","OpenSea"
"0xb9e0b998f1be26f580c6013a139208fe67be68738d7bbbeef64dd96c625e8cec","14228158","1645161622","2022-02-18 05:20:22","Bid Won","0x1fe4da8bfb7bbdb8b1894b59d3e365dc00f69b88","BoredApeYachtClub","5978","721","1","115 WETH ($319,782.80)","OpenSea"
"0xf330f9e682f88ee7b57482dd0e14efef9f7b6971a702e3ae5ff0f2233742e879","14229966","1645185471","2022-02-18 11:57:51","Bid Won","0xb620ad0c8decc0c8892d134b38442fc572b9de65","BoredApeYachtClub","7086","721","1","85.85 WETH ($238,724.81)","OpenSea"
"0x69b0067a12829d48e43ae884138acb281544f74d8951ce5e2e6f636212cb7571","14230801","1645196908","2022-02-18 15:08:28","Bought","0xfe5c087fd87891ca23ab98904d65a92d15a07d45","BoredApeYachtClub","3391","721","1","92 ETH ($255,826.24)","OpenSea"
"0x26fb73c9f7a7187590a6df95b2c9e4896bc423d75790d795a04639d859e353e8","14230875","1645197822","2022-02-18 15:23:42","Bid Won","0x25de83caa6a2c4a07f7b4718faf5aa06d880c0cf","BoredApeYachtClub","3084","721","1","86.5 WETH ($240,532.28)","OpenSea"
"0x66b440a81e7a219cc0bd1a5cbf48229b6c78b8d41b10ddeccd7957c1e92cf8f6","14231060","1645200366","2022-02-18 16:06:06","Bought","0x64ddfa770f4bcfe7358d1331d81e7f75fae9080c","BoredApeYachtClub","1391","721","1","153.67 ETH ($427,313.24)","OpenSea"
"0xb3c2a691a8bbcde96632b9a6105465a7b647d0c3b12295f443e4d400cc5fedc4","14231396","1645204763","2022-02-18 17:19:23","Bid Won","0xd75233704795206de38cc58b77a1f660b5c60896","BoredApeYachtClub","8353","721","1","200 WETH ($556,144.00)","OpenSea"
"0xe6560999309918ee2f982ecd0805e380f7698ea1a18ad51e4ebaf0e5ed66f241","14231934","1645212046","2022-02-18 19:20:46","Bought","0x25de83caa6a2c4a07f7b4718faf5aa06d880c0cf","BoredApeYachtClub","117","721","1","100 ETH ($278,072.00)","OpenSea"
"0x11091500ebf716fc1290db2f730bb4466ba03796a7a69762710f675de777dbee","14231957","1645212507","2022-02-18 19:28:27","Bid Won","0x8911509c17a1c826ac54de495038d3891d3bca08","BoredApeYachtClub","7089","721","1","98 WETH ($272,510.56)","OpenSea"
"0x53e2e2b5cfab8f4b5520201e53f648a56706e377ab208473cf262e9316ecb755","14232021","1645213304","2022-02-18 19:41:44","Bought","0x901e29e6cdf33e940f4f20ddd74d83edd65bc17c","BoredApeYachtClub","3613","721","1","90 ETH ($250,264.80)","OpenSea"
"0xfed2ac369615c28d0d059fafe870dc94d070dece7643cfed367b795c72869481","14232351","1645217691","2022-02-18 20:54:51","Bought","0x9916f91c1d905176a23f94077ae6b775e64f4cfb","BoredApeYachtClub","4623","721","1","105 ETH ($291,975.60)","OpenSea"
"0x19363dfdf7ec845515b5687f2bc43f237c1368a152b6211faa349a42e6e5ecc6","14234143","1645241607","2022-02-19 03:33:27","Bought","0x1f36331490302b9ba19fae01e70197829be0d606","BoredApeYachtClub","7470","721","1","107.5 ETH ($297,183.75)","OpenSea"
"0x8f9d788dd97df69fe59f9b3ee21282dd4ca87523bbead49993382ead7277b85d","14237531","1645288256","2022-02-19 16:30:56","Bought","0x2806214ca8400ee7575ca4de0f9272d440e4f067","BoredApeYachtClub","1951","721","1","109 ETH ($301,330.50)","OpenSea"
"0x05557ddfb64851f6a404edda3872c196478320dd2f2e0397bcd8e98e1463545c","14239898","1645319625","2022-02-20 01:13:45","Bid Won","0xfb97122d5096226f6c664df0cbc6c78862a978aa","BoredApeYachtClub","9703","721","1","83.01 WETH ($217,710.33)","OpenSea"
"0x0404b5bbbdf8fb1f1ad10f0d9b276b34b68001d277724afd568c89fc3388364b","14241799","1645344893","2022-02-20 08:14:53","Bought","0xefdd9a85e4bb37e37bc834901bd3c631c9539d54","BoredApeYachtClub","1856","721","1","110 ETH ($288,497.00)","OpenSea"
"0x4608fbbbe148445ace3ede766ca9b69e280d77e4ce50922a183022512bf0a920","14242251","1645351026","2022-02-20 09:57:06","Bought","0x314bf6dd83066d5c64fcfc07ac97cb15408a572e","BoredApeYachtClub","4429","721","1","0.11474111111111 ETH ($300.93)","OpenSea"
"0x98359eb4f582327a15a010c30f3f9384c2ed605e5d748c4b4655716755afc882","14242361","1645352398","2022-02-20 10:19:58","Bought","0x2b82027683c58cfb817bab52f3c4f10ff6fbbd92","BoredApeYachtClub","4429","721","1","80.27 WETH ($210,524.13)","LooksRare"
"0x042fc1934755a2e30ce6588f5b4225a9c27a17e498905057655f3506759cd943","14242823","1645358844","2022-02-20 12:07:24","Bought","0x261069b68c2e783f090253bd82036af32afadf1b","BoredApeYachtClub","2131","721","1","100.69 ETH ($264,079.66)","OpenSea"
"0x9a9bb48a9a9b6c3bbd98f4786b85ec15e4fe78acf946c8ff09201c1a8371e8ee","14242833","1645359001","2022-02-20 12:10:01","Bought","0x594c6ed60fa2471de8757b34b116d68b68824017","BoredApeYachtClub","1277","721","1","80.269 WETH ($210,521.51)","LooksRare"
"0x6aed536317c68594fa141793cd01aecc20272857112af61f1f348e0948b545a8","14242836","1645359029","2022-02-20 12:10:29","Bought","0x304aa04d546750b0af651ecdbaf1aa1ca57e0b58","BoredApeYachtClub","3771","721","1","105 WETH ($275,383.50)","LooksRare"
"0xf4be7c83e8b621eb20ae30340ad442e9aa367716b9e507c7df4d06053248d918","14242900","1645359892","2022-02-20 12:24:52","Bought","0xe7d39b7a1193c6f89921db643ee811c919403285","BoredApeYachtClub","8911","721","1","72 WETH ($188,834.40)","LooksRare"
"0x15c448538af38bc0ba8fee7862f905fa73d86aac505928ddfc02bc887d8926e5","14242934","1645360377","2022-02-20 12:32:57","Bought","0xc5bf47ecafe951626e40ef72693064c255d9e180","BoredApeYachtClub","6963","721","1","108 ETH ($283,251.60)","OpenSea"
"0x896fe82234bcc44e5869e0b3e31e32be0479c4cdc9e1a07674bc540e99331c43","14243679","1645370648","2022-02-20 15:24:08","Bid Won","0x53522c0448c73aae2ccccf53f27ce88fd3c19291","BoredApeYachtClub","5737","721","1","96 WETH ($251,779.20)","OpenSea"
"0x2458d9c1c5f7a60d62e36efd75a9462701d1a45118ca14ac887e7372dd0ef16e","14244128","1645376502","2022-02-20 17:01:42","Bid Won","0x80b2f25fec1f6ca3971c892a88dd8e5501d7c9e7","BoredApeYachtClub","4879","721","1","110 WETH ($288,497.00)","OpenSea"
"0xf488ac91dbbfdd01264054487f9ab11f78db044f05f820a2a5f4109c37dba217","14244747","1645384415","2022-02-20 19:13:35","Bought","0x24476341a2a33c12fdb84b100102ae55b1b99956","BoredApeYachtClub","213","721","1","92 ETH ($241,288.40)","OpenSea"
"0x1a50488e287afb66489aa3faab3d71dff87dd80b73d151d08b1c6b9182803bdc","14245614","1645395516","2022-02-20 22:18:36","Bid Won","0x2c09ab4118d93f7082704a32637027e7cdf52a0d","BoredApeYachtClub","5957","721","1","89 WETH ($233,420.30)","LooksRare"
"0x075173f993d3ba9ca43bb858ac2d09a0e9593258a886df80f78499f3e896d764","14248047","1645427972","2022-02-21 07:19:32","Bought","0x68011fb6d68b12150135f8781423538960dcd761","BoredApeYachtClub","403","721","1","82.44 WETH ($211,883.17)","LooksRare"
"0xfecd2800d3a1d5a5047966c4a0d44ba2b975c08277cb292c10a185f402329e36","14248236","1645430871","2022-02-21 08:07:51","Bought","0x3ed7db11f0b2de2fa4d65e8114d9d914bc5dc2fa","BoredApeYachtClub","6540","721","1","93 ETH ($239,023.95)","OpenSea"
"0x7f0e80678aeb56ac174aec83c07706a2c34724b88cb4157ccc82376519453f97","14250114","1645455542","2022-02-21 14:59:02","Bought","0x0183dc3823ed44a1c1b39cf22da990c352e8e5b0","BoredApeYachtClub","5920","721","1","97.5 ETH ($250,589.63)","OpenSea"
"0x7b933b4825638011eb3d3db0cb7ac222addbbf94c6b6cb276eb813e3a6aa864c","14250658","1645463064","2022-02-21 17:04:24","Bought","0xb083d5deee59546d30b626c2203e2aed8c19484b","BoredApeYachtClub","7572","721","1","111 ETH ($285,286.65)","OpenSea"
"0x908f8e8b511ec61e2611b19f7287d59440d10147a68f9348b21ad625708cc160","14250672","1645463305","2022-02-21 17:08:25","Bought","0x96c80ab80a920efd32485bc2fb9dfec601f357e6","BoredApeYachtClub","6855","721","1","99.69 ETH ($256,218.25)","OpenSea"
"0x00a6d5bba7d6ed0b03f67d4178a2323c4bf822f4b3ee5111500bd4094d965a77","14251194","1645470166","2022-02-21 19:02:46","Bought","0xc2a59d94b69f7739f77892677ec875f3629a3f94","BoredApeYachtClub","5747","721","1","95.59 ETH ($245,680.64)","OpenSea"
"0xcf9367a9af056e0d6c58deadfe370eab3740882d70b99282a720c7c2cc60ddd6","14251383","1645472721","2022-02-21 19:45:21","Bid Won","0xb3ced66d05495fddd35e65caa5da7805755e51ef","BoredApeYachtClub","181","721","1","110 WETH ($282,716.50)","OpenSea"
"0xf5d40da9e25004c8e59a2c4680666d314d8f7263a953df662f67d08581aad4aa","14252042","1645481501","2022-02-21 22:11:41","Bought","0x0ed32c3fc7086d9a72958f802eb1db8fea6782ec","BoredApeYachtClub","9703","721","1","94.9 ETH ($243,907.24)","OpenSea"
"0x3d30b3ebf89246cbc57e1115559c840c41746f2403de7f123b9d17b02888d08e","14252184","1645483623","2022-02-21 22:47:03","Bid Won","0x7155cdd3efe712cd9805e5f58ff4f40868fed12e","BoredApeYachtClub","9546","721","1","79.6365 WETH ($204,677.75)","OpenSea"
"0x616619ab57041a0b04ae9162dada6de1e95b7665c748c84bf6c50429ee0b573e","14252726","1645490956","2022-02-22 00:49:16","Bought","0x8ae57a027c63fca8070d1bf38622321de8004c67","BoredApeYachtClub","9044","721","1","102.69 ETH ($270,979.40)","OpenSea"
"0xab3357b2f8f8318f6ed4fe40cd9290304ec3e62ce7e066d65af76c9a5d5fa888","14253318","1645498493","2022-02-22 02:54:53","Bought","0x838fb079aaa86e65e466193cd0dd14b3eaaa3984","BoredApeYachtClub","2281","721","1","100 ETH ($263,881.00)","OpenSea"
"0x7e1dc8724e008468714ec1905832a6e87d29cb69e56716f951757a75dbecab74","14253454","1645500317","2022-02-22 03:25:17","Bought","0xd75233704795206de38cc58b77a1f660b5c60896","BoredApeYachtClub","7434","721","1","120 ETH ($316,657.20)","OpenSea"
"0x2cb4378cec8fb78b6f88908f94f75415f1cc15f164e1897fefb1b536b04dd7c0","14254288","1645511896","2022-02-22 06:38:16","Bid Won","0xd1df5522ad6d080615d645f49be708fa4e605cae","BoredApeYachtClub","1007","721","1","83 WETH ($219,021.23)","OpenSea"
"0x873413230a013dc72bbb80b5999ea8f31930909d64f95d037fd00a43126f5035","14254295","1645511979","2022-02-22 06:39:39","Bought","0x13909229d04a2e3c5543f04f8fa44aa0ca8db861","BoredApeYachtClub","6987","721","1","95 ETH ($250,686.95)","OpenSea"
"0x7135394018d03a86013f9dc40ed17b3bc9f67b582a5920cde3745df7973e5591","14254546","1645515388","2022-02-22 07:36:28","Bought","0x3d47b9cb9be340563edd413811c68f828130c3b0","BoredApeYachtClub","5957","721","1","80.257 WETH ($211,782.97)","LooksRare"
"0xab23661f8ab4a859e787a761f6337d5e45750495a9ba4d1bf4bdbdcee6766fa0","14254875","1645519958","2022-02-22 08:52:38","Bought","0x5e7e85abb4f0901cb19b76220cfeb337a66cd01a","BoredApeYachtClub","8118","721","1","97.8 ETH ($258,075.62)","OpenSea"
"0x8db7f72f77375a7b6edf7f8df115e2d948088fc40600df531e25829053a877b2","14255530","1645528580","2022-02-22 11:16:20","Bought","0x40ac60428f6e4bf46262f72c62b1badcde71c7a4","BoredApeYachtClub","7762","721","1","99 ETH ($261,242.19)","OpenSea"
"0xaee43450367c515a7902ced3fa0799a8173d5e562862234ac67279559d32516e","14257023","1645548495","2022-02-22 16:48:15","Bought","0x20c3cc9e8869adc1b7efad187f10969a449653f5","BoredApeYachtClub","9415","721","1","85 WETH ($224,298.85)","LooksRare"
"0x29e84970d94655aa2d6458b9f47d094d86cf88670bb624bff0b402986ad605ca","14259328","1645578975","2022-02-23 01:16:15","Bid Won","0x5becc69e08b4f3e76bc5bebe5a9e1693fd65f1f5","BoredApeYachtClub","2255","721","1","100 WETH ($258,097.00)","OpenSea"
"0xd0aa16bc8dd7eaf37668cc0e62bb9026a6cde14af2f130e354c3fe7eaa1ac44b","14259339","1645579114","2022-02-23 01:18:34","Bought","0x20744fbf4085fda538bbf0d30a5ae9c9bbf45d9c","BoredApeYachtClub","2260","721","1","89.69 ETH ($231,487.20)","OpenSea"
"0x83576df0f96347951a7495e14134b5b26d62658432c16d9e3d131ee3a91a0630","14260354","1645592737","2022-02-23 05:05:37","Bid Won","0x4e5e5b2bd6feec12436e115431963cbe3e6ae1b9","BoredApeYachtClub","5318","721","1","94 WETH ($242,611.18)","OpenSea"
"0xc69036319afef143cf3cb4818436ef8e07190b7c600d76722c15cf2a3288a18c","14260897","1645599861","2022-02-23 07:04:21","Bought","0x487f42ced2df38f5264886b2843c8516c62cf083","BoredApeYachtClub","5149","721","1","148 ETH ($381,983.56)","OpenSea"
"0x63459285952293f71f7c4d8fcc9483a3a3ef6ca3feaeadf4d0a89cae44e03a33","14261748","1645611394","2022-02-23 10:16:34","Bid Won","0x93c7803015bb1d859c8c2d131a29e5e0ed82afe7","BoredApeYachtClub","6963","721","1","76.36 WETH ($197,082.87)","OpenSea"
"0x69d61196204cc773b54facc7fbfc43586459a713dd8fe744a3d873eb3cd541a8","14264651","1645650109","2022-02-23 21:01:49","Bought","0x76ac547afd8ec285ab60e84618e84ddbce04252c","BoredApeYachtClub","1161","721","1","89.5 ETH ($230,996.82)","OpenSea"
"0x7d836947286caf34539fabf61509c22b130231c6198e5de9cc131fa37dd8cff2","14264736","1645651375","2022-02-23 21:22:55","Bought","0xbea363401de7e527fe14adb3e9c3d376efec7757","BoredApeYachtClub","7390","721","1","92.88 ETH ($239,720.49)","OpenSea"
"0x220956ad8d76c72d5f763b2563d15ca303bff1208232e393de0fb275f9bc78a4","14265381","1645659479","2022-02-23 23:37:59","Bought","0xd75233704795206de38cc58b77a1f660b5c60896","BoredApeYachtClub","4976","721","1","95 ETH ($245,192.15)","OpenSea"
"0x83036c8f38e0d8aacf876d3a37b1b388aad9f6c4678e0ccca41292d938570203","14265674","1645663540","2022-02-24 00:45:40","Bid Won","0x3ea899819660317a8724d5af4e0becf0cdb08ea4","BoredApeYachtClub","572","721","1","80.01 WETH ($207,861.18)","OpenSea"
"0x867a24bb55c65167c9d0da717d4b4d3ad3d5f4ef44284a2cf31f7838605f4509","14266195","1645670711","2022-02-24 02:45:11","Bid Won","0x25de83caa6a2c4a07f7b4718faf5aa06d880c0cf","BoredApeYachtClub","6583","721","1","120 WETH ($311,752.80)","OpenSea"
"0x17e1d39df937b7938f1937f0ae81c70ead37eb4ead89e6db780bfa7c72c06154","14266216","1645671102","2022-02-24 02:51:42","Bought","0xbd4d6c1ddef3fe672665454d7ab69f5b370f8762","BoredApeYachtClub","8008","721","1","82 ETH ($213,031.08)","OpenSea"
"0x5820164ff82f2044f8625e73e7b923a66690cb8785dfe6eafeac6f2192de0f4a","14266359","1645673305","2022-02-24 03:28:25","Bid Won","0x5e6e41b4ca86ba6c4173a16bb5847d184a408678","BoredApeYachtClub","4409","721","1","82 WETH ($213,031.08)","OpenSea"
"0x73d45311b2ba3b5bba8a4403ee34120ec0e900e7e06c99f926512c8022f8453b","14266490","1645675081","2022-02-24 03:58:01","Bought","0xa078efb1e49bd30fc720fb8f6aadc2228b15a53d","BoredApeYachtClub","4429","721","1","72 WETH ($187,051.68)","LooksRare"
"0xa72a5fb75341ee8047fb6c55375f1de5ca03c531a38a845ed5c7f581e82116e0","14266929","1645681027","2022-02-24 05:37:07","Bought","0xd2beda3c70f7240e1c82471dc40a97c638dbf546","BoredApeYachtClub","4098","721","1","82.5 ETH ($214,330.05)","OpenSea"
"0x54d2f1bedb8b767bd222aa678d0bdff408550bb38e3bde2ddff643f01c1d17b0","14267150","1645683969","2022-02-24 06:26:09","Bid Won","0x6bfd74c0996f269bcece59191eff667b3dfd73b9","BoredApeYachtClub","1488","721","1","77 WETH ($200,041.38)","OpenSea"
"0x048729c7a0fdd0b0fe99fcefcf5f1fbd841353b7746564becd2151bb30e6ca30","14267288","1645685709","2022-02-24 06:55:09","Bought","0xa9afcef744fc60baf5a1325d4071dd5e9ba4a5c9","BoredApeYachtClub","9750","721","1","80 ETH ($207,835.20)","OpenSea"
"0x710b33ae91a593cfff4acbc6010f7139936488061c18e78d37c36cc5a883ea1c","14267421","1645687340","2022-02-24 07:22:20","Bid Won","0x25de83caa6a2c4a07f7b4718faf5aa06d880c0cf","BoredApeYachtClub","8797","721","1","87 WETH ($226,020.78)","OpenSea"
"0x8f87f44418b2961af539fc9d84243f612acce1c603be4cab0d8692d8de2c788e","14267481","1645688089","2022-02-24 07:34:49","Bid Won","0xfb97122d5096226f6c664df0cbc6c78862a978aa","BoredApeYachtClub","1488","721","1","68.01 WETH ($176,685.90)","OpenSea"
"0x40a238457d9d9c8f59ccd22879c2cb9ee415b6ef5c7c132b55780a67a529ce1d","14267815","1645692357","2022-02-24 08:45:57","Bought","0x963128499c42385a89d62b88b94cd6ed5b9c4403","BoredApeYachtClub","4284","721","1","77.7777 ETH ($202,061.80)","OpenSea"
"0xa711616eb29630fb2278f4c5348a29894b33c8f7a52beace21ff1bd5c314f96a","14268330","1645699506","2022-02-24 10:45:06","Bid Won","0x501b37413751ab0824e910b601dd94734f0453f9","BoredApeYachtClub","2955","721","1","75 WETH ($194,845.50)","OpenSea"
"0xba3914263053472037f126c1df38b92a028b10a2ff4f9ac5553bc3d90dd2430a","14268332","1645699543","2022-02-24 10:45:43","Bought","0xe6563194f9baa6e3064086a98bf73608fc17cbfd","BoredApeYachtClub","1305","721","1","162 ETH ($420,866.28)","OpenSea"
"0xa9e75011dfe13c7df5b09e80b68687534517603f8e8b8c6f40e801779f426d85","14269037","1645708801","2022-02-24 13:20:01","Bought","0xa37271736c9d3e27a65d75b3839bf3638191c1fc","BoredApeYachtClub","1662","721","1","80 ETH ($207,835.20)","OpenSea"
"0x32e6b92a23140161f5fad81409a56dd84844af8af094b97b5bbade50d6dfb4b9","14269185","1645711132","2022-02-24 13:58:52","Bought","0x7992a0c50090c4e36cffe956d50e4fb8b1a8755c","BoredApeYachtClub","9334","721","1","82 ETH ($213,031.08)","OpenSea"
"0x31762f3640fc0b4de3197c54aec572125ccab170a423edf075790229b2ea869a","14269482","1645715292","2022-02-24 15:08:12","Bought","0xf130ff6e567349e4f466ca77e48df19ab23f45ae","BoredApeYachtClub","1332","721","1","145 ETH ($376,701.30)","OpenSea"
"0x46a48eb7af9a47151ce99c2e7fe1b1c72a8065f996846ed87bda5b798a60ddde","14269892","1645720584","2022-02-24 16:36:24","Bought","0x0a6e1b43e6b7a6e407a4461f94e65c69731d6dca","BoredApeYachtClub","9669","721","1","84 ETH ($218,226.96)","OpenSea"
"0x46a867e7b1e785638b3884c1d232171371c6d6209b835eb492a9daab64ab7b9c","14270177","1645724238","2022-02-24 17:37:18","Bought","0xff6d1efa9d9fc2cf168f3a2f938825877e652f2a","BoredApeYachtClub","6686","721","1","90 ETH ($233,814.60)","OpenSea"
"0x111b0f2c85ab236525241eb37f28aeb65599ac669f49322787abea83a78a7a96","14270269","1645725387","2022-02-24 17:56:27","Bought","0x16747255e128660cbcbbce20f1ad1637efbc535e","BoredApeYachtClub","9868","721","1","82 ETH ($213,031.08)","OpenSea"
"0x93379559a2099624f41c580008d51a550d4dad3c83d4d9b940c032f74a1db100","14270383","1645726782","2022-02-24 18:19:42","Bought","0xef45e0778e3d600e3cb93fd93628bcafd6cdc477","BoredApeYachtClub","9022","721","1","84.9 ETH ($220,565.11)","OpenSea"
"0xf0ae1a4ea18e6602bdb7838e9c554434b16df41c2bf373e213e06ecd9565de37","14270953","1645734357","2022-02-24 20:25:57","Bid Won","0x78cc85c982435774c0768741e16b9b7e5083a221","BoredApeYachtClub","575","721","1","72 WETH ($187,051.68)","OpenSea"
"0x1d4b33c7feb4516a0a2b718201ee0fe588655088927657835b06ad02e6d70b67","14271310","1645738899","2022-02-24 21:41:39","Bought","0xa078efb1e49bd30fc720fb8f6aadc2228b15a53d","BoredApeYachtClub","4825","721","1","45 ETH ($116,907.30)","OpenSea"
"0x0f44165595846057fc92a06ca29a3112eaf9ca67feac03a08c64395656f51ac1","14271571","1645742514","2022-02-24 22:41:54","Bought","0xa078efb1e49bd30fc720fb8f6aadc2228b15a53d","BoredApeYachtClub","7040","721","1","75 ETH ($194,845.50)","OpenSea"
"0xde069f400432cf55f0779003cd5a44dce7b2966b2d38ee1e9d1800ca5940f60d","14271661","1645743544","2022-02-24 22:59:04","Bought","0x80fdae0482a52347b0f4c61485c4af1052db97dc","BoredApeYachtClub","9824","721","1","73.5 ETH ($190,948.59)","OpenSea"
"0x7e1da549dfa013613e487d9e67dd251a3e4f74da3d288478916ce7cb3cd7f8fc","14272402","1645753568","2022-02-25 01:46:08","Bought","0x30145d714db337606c8f520bee9a3e3eac910636","BoredApeYachtClub","5579","721","1","77.3 ETH ($214,043.70)","OpenSea"
"0x0e6b59dec0c4d1216a1b1b0541cae8b18a88e09735e8565a321bea6df999d529","14272627","1645756610","2022-02-25 02:36:50","Bought","0xc730961b63f00e91cfaa82e1f961c8e708add380","BoredApeYachtClub","787","721","1","85 ETH ($235,365.00)","OpenSea"
"0x19b4269be404ed8c9de02d9556a281b5874d693cca7b600d761a33f5bfe1677b","14272759","1645758252","2022-02-25 03:04:12","Bought","0xd75233704795206de38cc58b77a1f660b5c60896","BoredApeYachtClub","1837","721","1","569 ETH ($1,575,561.00)","OpenSea"
"0x7c2474b6f1cfd133488221239b0defe2397e5e000ecc65293b2d1812deec3868","14272811","1645758838","2022-02-25 03:13:58","Bought","0xb12ff4134da4a1ca511c711d61d73c62389d42c7","BoredApeYachtClub","4979","721","1","87 ETH ($240,903.00)","OpenSea"
"0x1a84a7c5f31c546b8b2fc47eed0bcb05b6b1e1c2a8c410fb8393ca1320c44647","14272983","1645761193","2022-02-25 03:53:13","Bought","0x7914cfdc0dd94b8c2ac417102d9d8e5977452c9d","BoredApeYachtClub","4442","721","1","75 ETH ($207,675.00)","OpenSea"
"0xaba8905ee83853ce1d4fb743a43f126a7b780a728b346e9d75c798eb6efc966b","14273097","1645762782","2022-02-25 04:19:42","Bought","0xbd7590f93ebedcf227cecab5eb6ea1027474f371","BoredApeYachtClub","9994","721","1","76.69 ETH ($212,354.61)","OpenSea"
"0xc339ac450a761db150d9d2a0e311752ff11edabbd10cee2153765f61194e7e2c","14273140","1645763301","2022-02-25 04:28:21","Bought","0xcde9583050e7128b890ca5ef9bf8be805b57f1fe","BoredApeYachtClub","3746","721","1","74.9 ETH ($207,398.10)","OpenSea"
"0x7d5bb099b323dfdb0f04b9c10e159524a1f23d57fca54773689802ce55e7b383","14273286","1645765146","2022-02-25 04:59:06","Bought","0xc374b767f4a3073b3b21f31b06498ca7268439b3","BoredApeYachtClub","5330","721","1","85 ETH ($235,365.00)","OpenSea"
"0x90455037914ea7662c9711e08bb9fd2bead2457f3a0a7b607135a33e956d3def","14273325","1645765637","2022-02-25 05:07:17","Bought","0xcba9054f1c063263f67fdf15bc868b1d7a3f31c1","BoredApeYachtClub","572","721","1","90 ETH ($249,210.00)","OpenSea"
"0x0b29a653c95420a517e5f40563c869a6c161b652a4ad3e8a3e44e63364917638","14273367","1645766241","2022-02-25 05:17:21","Bought","0xc7c267eab83f6bffddaa112f4a4f8957ab2e4d38","BoredApeYachtClub","2820","721","1","82.5 ETH ($228,442.50)","OpenSea"
"0x015bbbeea122d192981ecbdd183a9642c4ccc24dde95b5e71a2bd647fbfc9c52","14273378","1645766416","2022-02-25 05:20:16","Bought","0x0ccc9f78b7b7ae40f9370697f0ae26997411d398","BoredApeYachtClub","7089","721","1","94 ETH ($260,286.00)","OpenSea"
"0x35b4016297aa4baa3113b5857d16232caed7686a883473e6137e00c86ce259c3","14273577","1645769170","2022-02-25 06:06:10","Bought","0xe34a3aa2032af0279f8fd024b4930e55c63c4c08","BoredApeYachtClub","8039","721","1","80 ETH ($221,520.00)","OpenSea"
"0x4737b551b8a44b6e6d77cda9ff4de431524e4672337b304bd6e68a64e669190c","14274300","1645779197","2022-02-25 08:53:17","Bid Won","0xb12ff4134da4a1ca511c711d61d73c62389d42c7","BoredApeYachtClub","7076","721","1","301 WETH ($833,469.00)","OpenSea"
"0x4c0bc4d22c75d0210be5ef7e008a2970a7dadb6468429e800422aba14a05bc8b","14274704","1645784836","2022-02-25 10:27:16","Bought","0x2e999c8441e6eca993966f1826199c8260d7237e","BoredApeYachtClub","4870","721","1","78 ETH ($215,982.00)","OpenSea"
"0xcf4dfb587f2431664ae91b062bb42190e72892e40e48e3b077214d30ff175aff","14274732","1645785240","2022-02-25 10:34:00","Bought","0xd2beda3c70f7240e1c82471dc40a97c638dbf546","BoredApeYachtClub","5509","721","1","89 ETH ($246,441.00)","OpenSea"
"0x06a427b2b3e95f64e66158a46169f6d24436125d7bcbc02618fa949d52c777fb","14274736","1645785329","2022-02-25 10:35:29","Bid Won","0xf9587842c6a9a4527721aa6b5b257db9d7c7985f","BoredApeYachtClub","4580","721","1","666 WETH ($1,844,154.00)","OpenSea"
"0xa81db5079ea7a818f9c1bdfb7e4bed10c663892fd4b2c1d435db5947e6241ac4","14274771","1645785782","2022-02-25 10:43:02","Bought","0x15dd708e67a747b2da70b9a66d518f10e0c1f85e","BoredApeYachtClub","4547","721","1","0.10161 ETH ($281.36)","OpenSea"
"0x0ea8400604ff49691caca617b97030f701e01ee5b460895209133718637636f1","14274772","1645785790","2022-02-25 10:43:10","Bought","0x54b174179ae825ed630da40b625bb3c883cd40ae","BoredApeYachtClub","1488","721","1","79.5 ETH ($220,135.50)","OpenSea"
"0xe1ecf57c010906ebe3cbcaa9cf6add61ecd9c471c5c88972599ab1a7a336e960","14274786","1645786102","2022-02-25 10:48:22","Bought","0xcee749f1cfc66cd3fb57cefde8a9c5999fbe7b8f","BoredApeYachtClub","4547","721","1","75 ETH ($207,675.00)","OpenSea"
"0x0f84eecf0286b7c65c342d462af7ab237fe8d42170b92fabdea77040661ac08e","14276137","1645803560","2022-02-25 15:39:20","Bought","0xac0a7c9fe59253f8cd3cfff3eb33f938872b8749","BoredApeYachtClub","7428","721","1","84 ETH ($232,596.00)","OpenSea"
"0x1a5ae159c84f82b753f979938b7af25ecc2dfceb64978ff5e7d44a20db96a296","14276270","1645805424","2022-02-25 16:10:24","Bought","0x709bf4ac7ed6bb2f9d60b1215d983496ab68efbc","BoredApeYachtClub","999","721","1","85 ETH ($235,365.00)","OpenSea"
"0xb7b4895944daea03ee95f75918ec9498509104b17f4081e77048a7c9275bb13b","14276339","1645806273","2022-02-25 16:24:33","Bought","0x272987bb318998e9fc8893a263329e3065349df2","BoredApeYachtClub","6963","721","1","87.5 ETH ($242,287.50)","OpenSea"
"0x10b892822a4e1269d3b9e9e76bc783742819b93915dbccc683fa778807282a46","14276379","1645806863","2022-02-25 16:34:23","Bought","0x76ccebe48cf0633d7132bf76e21ae84b7854ca13","BoredApeYachtClub","7723","721","1","88 ETH ($243,672.00)","OpenSea"
"0xa0ae6185f3faec22d1ee7b58e4d00829df2134e8dee956e724d70e097ddda16d","14277184","1645817815","2022-02-25 19:36:55","Bought","0x67df97a0de95d86009f507e4bb1ce09cef80179b","BoredApeYachtClub","9517","721","1","105.99 ETH ($293,486.31)","OpenSea"
"0x0b53045cd1c945e8014479392459cb76202dda0700e3d5a5cdca06326a1a12ea","14277512","1645821944","2022-02-25 20:45:44","Bid Won","0x718fcce4e82de60b85c45f70d3ff735fa1461bc2","BoredApeYachtClub","7663","721","1","62 WETH ($171,678.00)","OpenSea"
"0xc51597f63e37249214d4122111aac625dd7a0d31fa902c149fec5f9654cd2abc","14277844","1645826278","2022-02-25 21:57:58","Bid Won","0x544daa18eba7f9f70f3994db485a7eb0855fdeb9","BoredApeYachtClub","119","721","1","87 WETH ($240,903.00)","OpenSea"
"0x25c13f215450fa6a5036239a1d6c1f741ae107107b9328532140ce47334c9105","14278180","1645830819","2022-02-25 23:13:39","Bought","0xeb4cbe5cd9c29e6ace6af4d5fc62c81d37dc52f1","BoredApeYachtClub","3537","721","1","87.99 ETH ($243,644.31)","OpenSea"
"0x330f92a69fd60ae85f21272984fd9022707c95a094fb6756401a92cfa2076b4a","14278677","1645837617","2022-02-26 01:06:57","Bought","0x99e32e4fcea456c2d7b34d69ad456f403646ac93","BoredApeYachtClub","2278","721","1","90 ETH ($250,228.80)","OpenSea"
"0x86e15fe333143fcd56e220c648dcd781190468ac12929a98fc725c5165f8df41","14278808","1645839293","2022-02-26 01:34:53","Bid Won","0x642ef322f6b0a90c524a47de0af915687d2b386b","BoredApeYachtClub","8393","721","1","115 WETH ($319,736.80)","OpenSea"
"0x3858813d5811ec9a7c11622303e601b85064367779deaf2ab5cf1a3d363ce533","14278967","1645841637","2022-02-26 02:13:57","Bid Won","0x020ca66c30bec2c4fe3861a94e4db4a498a35872","BoredApeYachtClub","3814","721","1","100 WETH ($278,032.00)","OpenSea"
"0x652c0ea187d9f8d1280454c39260845cd094eb4d98ecf244482fdcb3ad2c15df","14278979","1645841789","2022-02-26 02:16:29","Bid Won","0x7eff7eee42dc0bd27081a78fe23cfe2a72697f2b","BoredApeYachtClub","4547","721","1","88.88 WETH ($247,114.84)","LooksRare"
"0x2af68e7aa579b6a8e0e0f75fc79c39a98c5f39df38dc704d1299e325d813c258","14279608","1645850408","2022-02-26 04:40:08","Bought","0x8ec697fff0be92c17ec73eaf97bfa1a6693fa569","BoredApeYachtClub","4010","721","1","88.7 ETH ($246,614.38)","OpenSea"
"0x0d87a06afb213e8eb6c4f5eed28a34c35273e1ae886af49e36ca6a6cedd62897","14280225","1645858997","2022-02-26 07:03:17","Bought","0xa1c1bf7e45eff237fa6ce9f990bd9a81f5639e06","BoredApeYachtClub","9032","721","1","105 ETH ($291,933.60)","OpenSea"
"0x05cb9e02a9ca3bb495a7a35f09ed5e1253a1dfc8646c2fcaf480e529fa24c687","14281524","1645875859","2022-02-26 11:44:19","Bid Won","0xb2e1515dfe9bde106299c33529c582e5388d195d","BoredApeYachtClub","1754","721","1","148 WETH ($411,487.36)","OpenSea"
"0x5690cda25cf005a81123def553680b68787bdbd6ac4d7f17811bdac83f257698","14282085","1645883374","2022-02-26 13:49:34","Bid Won","0xf3462ad6856678f434b0e6f6f7008d9f2f725b40","BoredApeYachtClub","7882","721","1","150 WETH ($417,048.00)","OpenSea"
"0xbf1d16bebda611414dab7c0daa0aefe841941e62cec4298a48f58f5f6f47dc05","14282918","1645894510","2022-02-26 16:55:10","Bought","0x697da3c2e359cc940e8ff63453f8e68e2ff5ff90","BoredApeYachtClub","1573","721","1","91 ETH ($253,009.12)","OpenSea"
"0xe091c84e9d7dd66b7b9e7cf970f4eeb18b7620f625ee3fe0155a3cce2b2f245e","14283113","1645896888","2022-02-26 17:34:48","Bought","0x0743882fa09a0c257b18d53dc1b101d3f32a04e5","BoredApeYachtClub","6728","721","1","93.36 ETH ($259,570.68)","OpenSea"
"0x7796ec1122a7b4c9d8c7153aa9376815c8773d1a31dae693b340db8bcb55551a","14283759","1645905334","2022-02-26 19:55:34","Bid Won","0x020ca66c30bec2c4fe3861a94e4db4a498a35872","BoredApeYachtClub","8575","721","1","200 WETH ($556,064.00)","OpenSea"
"0xb8c7f425b252d6f0d39ae5fff2b4d7540f28809dbefc9d13f5a74e1eb7bf051b","14285505","1645928449","2022-02-27 02:20:49","Bid Won","0xf119f51b2f89506d456ba72c9e24d955df177831","BoredApeYachtClub","3965","721","1","81.5 WETH ($213,311.58)","OpenSea"
"0xfe806ad9879eb3415883071dca13f4dd5081ff4ce745f70c42286770a88dcaaf","14285618","1645929850","2022-02-27 02:44:10","Bought","0xa16cb1794ba4fbb46d77552999ec1a3a6cfc52ef","BoredApeYachtClub","3234","721","1","99 ETH ($259,114.68)","OpenSea"
"0x382e27098139a880fc4082c10287326287499a83231a70c818cd2a11f7916f21","14286153","1645937191","2022-02-27 04:46:31","Bought","0xa46e9aaa2f6955af427dad3b5ae524e464db842b","BoredApeYachtClub","9991","721","1","124.5 ETH ($325,856.34)","OpenSea"
"0x463cb8852dd2d01d11c432022aed7d94a4f89769fce2a9b852395d432fe97f37","14289511","1645981970","2022-02-27 17:12:50","Bought","0xc2a59d94b69f7739f77892677ec875f3629a3f94","BoredApeYachtClub","2361","721","1","137 WETH ($358,572.84)","LooksRare"
"0xce8d7fd72f8072c9f0341b13c9d3be77f104e1bdd71f2ea5412b3a7b2f7e3842","14289581","1645983009","2022-02-27 17:30:09","Bought","0xd2f1b26262030b65f0e151a77dfd4fbfad2a461a","BoredApeYachtClub","8715","721","1","97 ETH ($253,880.04)","OpenSea"
"0x4a4e21448ed9c7a4e4729d2e4e77c2fc1cd2713e0ba0479a346f438470b639ea","14289615","1645983585","2022-02-27 17:39:45","Bid Won","0x718fcce4e82de60b85c45f70d3ff735fa1461bc2","BoredApeYachtClub","5654","721","1","62 WETH ($162,273.84)","OpenSea"
"0xeb4dd0504ee92bb9bae2ea87dac4e2fe076c6178e33de1dc1d8e897cb8cf9e56","14289686","1645984663","2022-02-27 17:57:43","Bought","0x485248150969e92b460508b5c8c7e866ed7fae75","BoredApeYachtClub","3519","721","1","89.19 ETH ($233,438.77)","OpenSea"
"0x21ee788be9d01a2ecab5301d5479a9d27d63daac4e1fbd9042db612e50dbdef0","14289924","1645987762","2022-02-27 18:49:22","Bid Won","0xdd2e776a89d5575f68023d7e5964daa8b889d3b1","BoredApeYachtClub","3852","721","1","92 WETH ($240,793.44)","OpenSea"
"0x7c65d3100e247756fc094b18145faec1b6e945c36a4bef3f7858763812fb0135","14290129","1645990238","2022-02-27 19:30:38","Bought","0x40a3432bf43137685860c0968c7d3ac503ccc5d1","BoredApeYachtClub","9364","721","1","90 ETH ($235,558.80)","OpenSea"
"0x7eb0bda7998b90074a2e04a49b5079074ce28c77bd5cb6222f6025093bedaad6","14290640","1645997054","2022-02-27 21:24:14","Bought","0x3af65e3edeb4e8d88c249a8b4666d2f204c2f888","BoredApeYachtClub","6092","721","1","87 ETH ($227,706.84)","OpenSea"
"0xf48d9db5d9dfb0aaffe5c802fe25ab902273a0bd757fb85e61c1e22b5e331bc7","14291470","1646008474","2022-02-28 00:34:34","Bought","0x0cd736a414bca437342e02850c0c0e1252ce7946","BoredApeYachtClub","3860","721","1","80 WETH ($233,588.00)","LooksRare"
"0xea6f4ef3381e31e30feaccd0e3e8a194c11575f19c10684e7c121e1d9e7aa4c3","14293983","1646042820","2022-02-28 10:07:00","Bought","0x9315034f62a22d9d2e368c39bc0d8b25d321d0ee","BoredApeYachtClub","2786","721","1","99 ETH ($289,065.15)","OpenSea"
"0x09c1ca49597e8f55738c2e41852437e91f68e968e5241960c26e9219fd069812","14294344","1646047524","2022-02-28 11:25:24","Bought","0x88a58b3d8918355716974bbf5d717da7c6cf2fca","BoredApeYachtClub","6644","721","1","90.5 ETH ($264,246.43)","OpenSea"
"0x0b46af588ee5098a5420fe552c19dba12f4d4691b51d620070c2eacf2464c91b","14294393","1646048215","2022-02-28 11:36:55","Bought","0x084104d15eb4b7afcbce9ed54977d4b95763bca3","BoredApeYachtClub","472","721","1","89.9 ETH ($262,494.52)","OpenSea"
"0x0947b7ce9b1ca64db128354d55b5b69d3e4bd7ac2c58e9c4903e6b023603b9fd","14296367","1646074354","2022-02-28 18:52:34","Bought","0xcfa986eca1aad9a61436a419924cd09d861a9685","BoredApeYachtClub","3860","721","1","86.99 ETH ($253,997.75)","OpenSea"
"0x63988585a4f7cdf5e28ac9e963e994aa25425eafe91169ddc15c0fd7b9e2f8f9","14296619","1646077554","2022-02-28 19:45:54","Bought","0xc844f9c255bcc45c07ed5b0295ba188a94944fd3","BoredApeYachtClub","8372","721","1","89 ETH ($259,866.65)","OpenSea"
"0xe9d0561ea3cb44211aa35b4f94b5ee8a019ff7aae04c9f8d58b70c79263e2996","14296686","1646078423","2022-02-28 20:00:23","Bought","0x97cdd6b65cc7ed9ce076312284ff1be5ae1e09a5","BoredApeYachtClub","1364","721","1","77 ETH ($224,828.45)","OpenSea"
"0x1757ed23ae3edfc875eed9788e94718756143ab26fb360cc33977e6802043597","14297486","1646089229","2022-02-28 23:00:29","Bought","0x0950541696888bcfac9af6a5c479871d3e583cac","BoredApeYachtClub","5844","721","1","98 ETH ($286,145.30)","X2Y2"
